CLIENT_HANDSHAKE_TRAFFIC_SECRET 69250f6df5301773b6fee69bbff9d465bfffbb901f14afc2a2aea9ebb3b38e45 cb9820c51937904cccfebe82b13a00bbba991f85fa01b61d472ce596fab829e3
SERVER_HANDSHAKE_TRAFFIC_SECRET 69250f6df5301773b6fee69bbff9d465bfffbb901f14afc2a2aea9ebb3b38e45 059f9471ad33d6892197ec77f95db0942c41e33c71a8bb44fe5b2b02586d54d2
CLIENT_HANDSHAKE_TRAFFIC_SECRET 1b5724ea51df2182a5f5da27fed1776a6c18e136425dbd26f971f2e0c6b57b44 deed44938b93839a3582173921fc761e3f83d2740fce70c2170460ac79f02568
SERVER_HANDSHAKE_TRAFFIC_SECRET 1b5724ea51df2182a5f5da27fed1776a6c18e136425dbd26f971f2e0c6b57b44 fca80fed77771d3bf2d6d6e8ec48562ec3422782d3898e778dc14f6d3b789446
CLIENT_HANDSHAKE_TRAFFIC_SECRET e6bfedac8018f3021b14d036552491d0e24358b49da1f1e3b23c754c43caaafe a191a958dd274e5e5f6ee80d5bf18aad82a4cfde99c95d167cef53db99d87fc1
SERVER_HANDSHAKE_TRAFFIC_SECRET e6bfedac8018f3021b14d036552491d0e24358b49da1f1e3b23c754c43caaafe 4bb027b208c23e7518de57a495f17647e1f63325c8d414faf44b36828f3c21d3
CLIENT_TRAFFIC_SECRET_0 1b5724ea51df2182a5f5da27fed1776a6c18e136425dbd26f971f2e0c6b57b44 1eeeb342a11e818e471de73c0f1fb4931f5fa9205dada36f603a8ca96c02ed4a
SERVER_TRAFFIC_SECRET_0 1b5724ea51df2182a5f5da27fed1776a6c18e136425dbd26f971f2e0c6b57b44 0618a38cbcbc8937fa56b0cb04a6a049c9dc2f6ea046984d218c62ea985694df
EXPORTER_SECRET 1b5724ea51df2182a5f5da27fed1776a6c18e136425dbd26f971f2e0c6b57b44 71ccb595f5e57bff9cc1e890326a1e5d347033151e010673e5d3975490e88324
CLIENT_TRAFFIC_SECRET_0 69250f6df5301773b6fee69bbff9d465bfffbb901f14afc2a2aea9ebb3b38e45 6dabc6740400cce4f8061fb866c97170b2896b37cc41ddd7eda950c3f538170b
SERVER_TRAFFIC_SECRET_0 69250f6df5301773b6fee69bbff9d465bfffbb901f14afc2a2aea9ebb3b38e45 c58d2351b90cd745f2c04d0ec3cf6721565be4825604209badea1ec0a1b08a7c
EXPORTER_SECRET 69250f6df5301773b6fee69bbff9d465bfffbb901f14afc2a2aea9ebb3b38e45 01a5d391488d1660af8b4e1919dc753e8cee729d92ff1c04201df91ee013ea31
CLIENT_TRAFFIC_SECRET_0 e6bfedac8018f3021b14d036552491d0e24358b49da1f1e3b23c754c43caaafe 24e14ad69868a9f4a1e9ac82306842683d1ade6d8f33ed13d56cf9fa1c606d14
SERVER_TRAFFIC_SECRET_0 e6bfedac8018f3021b14d036552491d0e24358b49da1f1e3b23c754c43caaafe 054f5bedc4138f6bfc99f446d325fc25dc65087e54fe0727dbc04e675097d170
EXPORTER_SECRET e6bfedac8018f3021b14d036552491d0e24358b49da1f1e3b23c754c43caaafe 33dcd92bee04dfcf1f66de3442660e40da7933f7f7e8a3620f2e3dab0c319c6f
CLIENT_HANDSHAKE_TRAFFIC_SECRET 2a2c53b91a813cc9a6855ad3ee89c8f62d70d7a09707f527526e4dac5e12f047 c0d99fd71018f1c3ecb8b4fa05792911e0e989e37b43eccb774f8a3093d60252
SERVER_HANDSHAKE_TRAFFIC_SECRET 2a2c53b91a813cc9a6855ad3ee89c8f62d70d7a09707f527526e4dac5e12f047 a04fbe8a9e81edc3ca257b3235804201a9695a6960beaab58f363efce2d111b6
CLIENT_HANDSHAKE_TRAFFIC_SECRET 82c88e890a3d4f0be30131326e94e5cd813eaae4dca916552ba4ec6e04eb984c ba82650b935bf4f9c72d5584f225b00aacd47b4e58eec939b03809fa00eab240
SERVER_HANDSHAKE_TRAFFIC_SECRET 82c88e890a3d4f0be30131326e94e5cd813eaae4dca916552ba4ec6e04eb984c 58eb0affd7100efe20f51ae71b33ccd4ce1c026c4d3c5c6b0d77171a4ae2be23
CLIENT_HANDSHAKE_TRAFFIC_SECRET 99b17855a5513345e4b78d02117d296cae22f17d195e289e1963073a37ca4587 52e420544a1ec7a9156eafe32a1cabeedece9789833d45219c230c8aec43ce7e
SERVER_HANDSHAKE_TRAFFIC_SECRET 99b17855a5513345e4b78d02117d296cae22f17d195e289e1963073a37ca4587 487652044211fa6a8d33f28a031df158a222723b4d69cf3d3a8ac461f7f823af
CLIENT_HANDSHAKE_TRAFFIC_SECRET 7e48c53724fa5d0bd9256a3ba4c94688dd36eb289f6678accbab870042f74d15 cb127ff7747dd827e147c756a91f4764abd234f73eaa11cbea065ae498e767ef
SERVER_HANDSHAKE_TRAFFIC_SECRET 7e48c53724fa5d0bd9256a3ba4c94688dd36eb289f6678accbab870042f74d15 77d20fa01c6d7e7827910ee3d6f44dc3a8c92798da1cecaf7a5a69697919b53e
CLIENT_HANDSHAKE_TRAFFIC_SECRET 2bd509545a79a9bdfbf76cd8815df8a70669706687eada2af339277476a0ec29 5b5373712865050c0cdc0e49bd806dd4d0986dbd3a7ce09d928285e00f73ee98
SERVER_HANDSHAKE_TRAFFIC_SECRET 2bd509545a79a9bdfbf76cd8815df8a70669706687eada2af339277476a0ec29 57681ae6a2b4f99b936479e4b11fdbfee52f2562b4001553f0a6ec9c67a2f4e3
CLIENT_TRAFFIC_SECRET_0 2a2c53b91a813cc9a6855ad3ee89c8f62d70d7a09707f527526e4dac5e12f047 c169cdd6daa0756164a3f7772a50e62113fa931de51c45c772a8d6202c7c1699
SERVER_TRAFFIC_SECRET_0 2a2c53b91a813cc9a6855ad3ee89c8f62d70d7a09707f527526e4dac5e12f047 d8239ce78ce85842940f0f0a0e8930d2d4db546edb5a5f17f3e6af06b4f9dafb
EXPORTER_SECRET 2a2c53b91a813cc9a6855ad3ee89c8f62d70d7a09707f527526e4dac5e12f047 0e4d3ecc926f7084483c8cdd743478176f6d6c7bf9dafe49b5b29fd77331af62
CLIENT_TRAFFIC_SECRET_0 99b17855a5513345e4b78d02117d296cae22f17d195e289e1963073a37ca4587 38f44623abb20557143bb21e8385ea9eb19114427ac0c0829ba3f85f21e3debf
SERVER_TRAFFIC_SECRET_0 99b17855a5513345e4b78d02117d296cae22f17d195e289e1963073a37ca4587 76931d394840ba7ea6387d781d2ae2d40039cbe6851f378571717a02c8e521b9
EXPORTER_SECRET 99b17855a5513345e4b78d02117d296cae22f17d195e289e1963073a37ca4587 bf47724deac110ab42955efb949eddc787f0863ec416e07fdb10bcf017a35bfa
CLIENT_TRAFFIC_SECRET_0 7e48c53724fa5d0bd9256a3ba4c94688dd36eb289f6678accbab870042f74d15 e5cf03f76cb68f919319316f745548af61c5d2233e0db1178ea209b2278affe9
SERVER_TRAFFIC_SECRET_0 7e48c53724fa5d0bd9256a3ba4c94688dd36eb289f6678accbab870042f74d15 1e7b857309f843e5d64a6c428d71a8795dff0cbe33e2179ef300498c2e70cd69
EXPORTER_SECRET 7e48c53724fa5d0bd9256a3ba4c94688dd36eb289f6678accbab870042f74d15 dc9e2e1b9f9b517d207e6c297224e7ec2d6fcd7c354588fa1feddb592cfea7ca
CLIENT_TRAFFIC_SECRET_0 2bd509545a79a9bdfbf76cd8815df8a70669706687eada2af339277476a0ec29 a6517748ee6366324da646cea84e13956fbc4059320a322aec9e3e8cda55e9b0
SERVER_TRAFFIC_SECRET_0 2bd509545a79a9bdfbf76cd8815df8a70669706687eada2af339277476a0ec29 6f0c7d73de4f3f3377ff886460a59984a8aa36273e03fb1881ad698c5d84e5b6
EXPORTER_SECRET 2bd509545a79a9bdfbf76cd8815df8a70669706687eada2af339277476a0ec29 682b3a71431c4d34522d23f92d806b33861ac5a62785e3338f078793d24cbf7e
CLIENT_TRAFFIC_SECRET_0 82c88e890a3d4f0be30131326e94e5cd813eaae4dca916552ba4ec6e04eb984c e1249872a956d9589124a623f2e221e3952ff622200ed32706cfa45b2d44c9ca
SERVER_TRAFFIC_SECRET_0 82c88e890a3d4f0be30131326e94e5cd813eaae4dca916552ba4ec6e04eb984c 504bb2b434372e07b1f96841d2b8378bbf8e70d4850bcfd307fb069450bffb6a
EXPORTER_SECRET 82c88e890a3d4f0be30131326e94e5cd813eaae4dca916552ba4ec6e04eb984c fcbdfe4c35aa86f72162cb105ce75fa7837bec969a283e8f04a1b2d00910d8a7
CLIENT_HANDSHAKE_TRAFFIC_SECRET 3009edb446f5921d6e9bee8551208e5a2dc02b4103ec10f3bd990e5f0d0354b0 a39f7c30c0e765eb03a4c2636b776bac4f44c57806ec52605caacd4e1b55c8b9
SERVER_HANDSHAKE_TRAFFIC_SECRET 3009edb446f5921d6e9bee8551208e5a2dc02b4103ec10f3bd990e5f0d0354b0 677e1d39ddf07349a8487a7933e9a5a5b85cdcfce94067449ef4a79665577d0e
CLIENT_TRAFFIC_SECRET_0 3009edb446f5921d6e9bee8551208e5a2dc02b4103ec10f3bd990e5f0d0354b0 ade16bc46776b181b0cc0a726a4b3b26e855361a5228f50759cc961cd979fe44
SERVER_TRAFFIC_SECRET_0 3009edb446f5921d6e9bee8551208e5a2dc02b4103ec10f3bd990e5f0d0354b0 15099adeedcaa4247245eddb5fd82886dd9ce7a478627819d499cba88b4c8e7d
EXPORTER_SECRET 3009edb446f5921d6e9bee8551208e5a2dc02b4103ec10f3bd990e5f0d0354b0 1f34cec66ef8113c9e0726a4ac234f8ed0fd76e8fa5a2da42ea32692d03b4206
CLIENT_HANDSHAKE_TRAFFIC_SECRET a9bf62b24cf2a67681b68e546e87ef7f6e4d7a1aa7a4412eb5f42c1fd5c3e4e9 a85ce658c4441b811f921890fa55b40b09451edec4ae4e458e8b0042ca894d83
SERVER_HANDSHAKE_TRAFFIC_SECRET a9bf62b24cf2a67681b68e546e87ef7f6e4d7a1aa7a4412eb5f42c1fd5c3e4e9 ed096ff14155c7e13fdafa5787b05805515df20d311d80eedc6cac793e29eb7a
CLIENT_TRAFFIC_SECRET_0 a9bf62b24cf2a67681b68e546e87ef7f6e4d7a1aa7a4412eb5f42c1fd5c3e4e9 052bd1b160c592f97d103ca3a2e5773e0d8149bb65981e8b7ab2b51911c48ba9
SERVER_TRAFFIC_SECRET_0 a9bf62b24cf2a67681b68e546e87ef7f6e4d7a1aa7a4412eb5f42c1fd5c3e4e9 35d91aab2083ec3e02210cbe1aa12af5cd3c360ee0cc01edd865b4c9ac1d40d4
EXPORTER_SECRET a9bf62b24cf2a67681b68e546e87ef7f6e4d7a1aa7a4412eb5f42c1fd5c3e4e9 e35f650add67a91ee9960bf1fe5d25ca41f6a2e90b705a28d15545a3f7139367
CLIENT_HANDSHAKE_TRAFFIC_SECRET 2f4cd33743fbbaa4a6210e62f7a33565cb32a3c1458874a14edbe6cb4cf553b2 e1c48d1a241f5c4b2f0ee3009cb9c0bc18fce064efdbeca87ee540fc895b66bd
SERVER_HANDSHAKE_TRAFFIC_SECRET 2f4cd33743fbbaa4a6210e62f7a33565cb32a3c1458874a14edbe6cb4cf553b2 f9ffef65d4c89dc91b5cfa4c304bc62e5b68d5a39ac60f366145a423c975ba80
CLIENT_TRAFFIC_SECRET_0 2f4cd33743fbbaa4a6210e62f7a33565cb32a3c1458874a14edbe6cb4cf553b2 ead31f17a3a83354876d19cc8fae159481a9608f1b59e1ef9f3027026f3e122f
SERVER_TRAFFIC_SECRET_0 2f4cd33743fbbaa4a6210e62f7a33565cb32a3c1458874a14edbe6cb4cf553b2 543961d4ac8be206d1c7cf650a30538897cde5dad9d90bedcde883a968df0af4
EXPORTER_SECRET 2f4cd33743fbbaa4a6210e62f7a33565cb32a3c1458874a14edbe6cb4cf553b2 45a2be043c864221c21d6cd2353c23d9e3f97f9649d01d25ce64cfa7882143bc
CLIENT_HANDSHAKE_TRAFFIC_SECRET cb7a17e76b5cc6b91072f60d429609c8be59b31b549f2c3e5840bd5e534b95ca 30199fec1efd6e8fc106a44488df58e6ab47e568b18c4cc55434eba71fe72bfb
SERVER_HANDSHAKE_TRAFFIC_SECRET cb7a17e76b5cc6b91072f60d429609c8be59b31b549f2c3e5840bd5e534b95ca 2437afe49b2a39478ec41d7b4e419fbfda5ba14ef254278cd0e6612226793d60
CLIENT_TRAFFIC_SECRET_0 cb7a17e76b5cc6b91072f60d429609c8be59b31b549f2c3e5840bd5e534b95ca 983ead991dc1ba7b38d366a26ca824d8c734842155f705e9b84e91d960a1aa6e
SERVER_TRAFFIC_SECRET_0 cb7a17e76b5cc6b91072f60d429609c8be59b31b549f2c3e5840bd5e534b95ca 6f5937d87efd498208acf3bb5fbd52597a1f381df3b25049a6012f4d72328f74
EXPORTER_SECRET cb7a17e76b5cc6b91072f60d429609c8be59b31b549f2c3e5840bd5e534b95ca d1558ef6e5b3f03ffb7ee92d2c6673a4482d929e5c07845e477447c7b53dede3
CLIENT_HANDSHAKE_TRAFFIC_SECRET 331e3e7ef2412bbf9a6447d923cf1cb95c512c4a6dcdbfa98b4fc8cf33c65302 3704c0cde019cdfcaf13202a2a2cc1c1d668503251d959f72634d1990f6f6e31
SERVER_HANDSHAKE_TRAFFIC_SECRET 331e3e7ef2412bbf9a6447d923cf1cb95c512c4a6dcdbfa98b4fc8cf33c65302 c6fb3ba58c6ed8dfbfc5eca2ed01f4c044b0fd18d1423380662ca6d0eefc8ece
CLIENT_TRAFFIC_SECRET_0 331e3e7ef2412bbf9a6447d923cf1cb95c512c4a6dcdbfa98b4fc8cf33c65302 29eded4d67630f4ddba82f1b1e117854fb452d1bbccd2a08d08e4bb0d127508e
SERVER_TRAFFIC_SECRET_0 331e3e7ef2412bbf9a6447d923cf1cb95c512c4a6dcdbfa98b4fc8cf33c65302 9d1cddac710e0aedca4df99ce5cd9285fcb61b38bcd06265cfd62d699fa4ec85
EXPORTER_SECRET 331e3e7ef2412bbf9a6447d923cf1cb95c512c4a6dcdbfa98b4fc8cf33c65302 0d11a19a2790665005fda3628be3b326646cbb0157fdc65b75a762afba986a03
CLIENT_HANDSHAKE_TRAFFIC_SECRET 28be797718d9e699154986ee357f29b7d0c709e0bd48aa196e4cf60cb8662911 e501dff94a6580300cbc226fb2b6989e0c7c3c5911fef500e8a4afef0212dc98
SERVER_HANDSHAKE_TRAFFIC_SECRET 28be797718d9e699154986ee357f29b7d0c709e0bd48aa196e4cf60cb8662911 c8ca6a1167f8a0fa550c60e746d1399719e64747759efabd07e5b28e8d6be577
CLIENT_TRAFFIC_SECRET_0 28be797718d9e699154986ee357f29b7d0c709e0bd48aa196e4cf60cb8662911 98f61f9ff69faa84961f49cfc0d01367497157a42c76eb27fee26a2368953307
SERVER_TRAFFIC_SECRET_0 28be797718d9e699154986ee357f29b7d0c709e0bd48aa196e4cf60cb8662911 56711ff0813ff35233024890e297fa13873a448d987e40f25d43fd127b28912f
EXPORTER_SECRET 28be797718d9e699154986ee357f29b7d0c709e0bd48aa196e4cf60cb8662911 b0f99a60cdcd092f6b6d87d38eaf10f44a8ee8c648cc3bddae04c22b864e85b4
CLIENT_RANDOM cdbff0410c59ad317d5c4729ab566dca1db05dfd6607771d84458357bf3a20bd 20a710b1d1dd8153cfea6462a4d8eee618d383eaab2c45ef27eeeed00313e1e9abe5ee07a280492ed2cf89261061ffa0
CLIENT_HANDSHAKE_TRAFFIC_SECRET cc7be5078628a7e77d2841b58ae5c31b0830ecd1636e750d160b9bb7350afeab 552694fc7bbaf24d446fa278809a69321b464d37658e0e581bf9dc6862922489
SERVER_HANDSHAKE_TRAFFIC_SECRET cc7be5078628a7e77d2841b58ae5c31b0830ecd1636e750d160b9bb7350afeab afa5026c810b401f1cdf24f84dffd565af8e52e0ee09e40324e2f1fe500701b6
CLIENT_TRAFFIC_SECRET_0 cc7be5078628a7e77d2841b58ae5c31b0830ecd1636e750d160b9bb7350afeab 34798387f2736686e51296f84dbd4a1384dc60f74d1a68877239e60c38bc1e63
SERVER_TRAFFIC_SECRET_0 cc7be5078628a7e77d2841b58ae5c31b0830ecd1636e750d160b9bb7350afeab 740fe0ea80780c89511abb1e102dabe15509a9dff70abb8fc1a1e4f2f3d088ba
EXPORTER_SECRET cc7be5078628a7e77d2841b58ae5c31b0830ecd1636e750d160b9bb7350afeab bdfc461562c9babfec98935dab6ae2eac27c028b7fb025bebe5a1e49dc7d2d9d
CLIENT_EARLY_TRAFFIC_SECRET e0e3fd342fe33362b7cdbf1d59d049de913ac1f73259192c3fb4f742efecfaec 3cffcdab0b3b8c24dfcce5835b54924da5793b1b9a865931af5c23803aac089b
CLIENT_HANDSHAKE_TRAFFIC_SECRET e0e3fd342fe33362b7cdbf1d59d049de913ac1f73259192c3fb4f742efecfaec 282195297b31a316806b500dc55f4fb845a4e3c3b5fcb8c26bbeff1fce2070fc
SERVER_HANDSHAKE_TRAFFIC_SECRET e0e3fd342fe33362b7cdbf1d59d049de913ac1f73259192c3fb4f742efecfaec bd356bdc9eab7bf489720a8d1800f8b343b54d21d973031f2f607f9fb9c66596
CLIENT_TRAFFIC_SECRET_0 e0e3fd342fe33362b7cdbf1d59d049de913ac1f73259192c3fb4f742efecfaec a11eb81d964c8026150ce6de67c348f43d7654f507371c4001976d27cd932986
SERVER_TRAFFIC_SECRET_0 e0e3fd342fe33362b7cdbf1d59d049de913ac1f73259192c3fb4f742efecfaec 8ad2fc1695393d50d556fb750d4b33bd9f27d8ae03a5ec6cb87ff683f7f5cd21
EXPORTER_SECRET e0e3fd342fe33362b7cdbf1d59d049de913ac1f73259192c3fb4f742efecfaec a6f05971467d54fc23e4a8856fda6001faccd7759a2b6f01124a1c7b2547e960
CLIENT_EARLY_TRAFFIC_SECRET 3f030e6ce57c13cf9e5f83875d5b45f1d2f3a999c55f89f685a848df426f93df 519e665dc20a2b21576f5008427a7c0eb201a943423c34ecb1c42bcc220b3067
CLIENT_HANDSHAKE_TRAFFIC_SECRET 3f030e6ce57c13cf9e5f83875d5b45f1d2f3a999c55f89f685a848df426f93df 0b17da308c43c9f5f34d4d09147ad35ba5e9f9ace6991f65b5d6d2ef396dc107
SERVER_HANDSHAKE_TRAFFIC_SECRET 3f030e6ce57c13cf9e5f83875d5b45f1d2f3a999c55f89f685a848df426f93df 68d626a7e9acb9cf7401d36855cd6f791b721c39fafad99c62c2cfe99d0221c7
CLIENT_TRAFFIC_SECRET_0 3f030e6ce57c13cf9e5f83875d5b45f1d2f3a999c55f89f685a848df426f93df 5bde55cfb766a39d699a47db07e0588f3cac713e1e57eb4c72f4896636d1914c
SERVER_TRAFFIC_SECRET_0 3f030e6ce57c13cf9e5f83875d5b45f1d2f3a999c55f89f685a848df426f93df 104316fd89768cb20b1a90fc185a6207058b9eeb797eeb612f35176fffc8c89f
EXPORTER_SECRET 3f030e6ce57c13cf9e5f83875d5b45f1d2f3a999c55f89f685a848df426f93df 084177c2092366e111517aa8a9aa14add7464a5eabf85354967e89892bc794fe
CLIENT_HANDSHAKE_TRAFFIC_SECRET b05d88e3bee33ad066036dd22d84710a7d3975d5dd4b0db75ade426a63ed880c 22c7afe2369da7c7c58a2977a34e05c130cea59b2cd7498547843888c608278dc85d3dd2c7acea4b34bd71df04b3d8e5
SERVER_HANDSHAKE_TRAFFIC_SECRET b05d88e3bee33ad066036dd22d84710a7d3975d5dd4b0db75ade426a63ed880c c04516dcd1180256945b3ecd37e4617881992315b4b8f48381ac844815800b8280d31b9c95f8f5a257fd0f1645cfc977
CLIENT_TRAFFIC_SECRET_0 b05d88e3bee33ad066036dd22d84710a7d3975d5dd4b0db75ade426a63ed880c e040a37792771d3906b101e9f9fc031ee8caf58b0f3f62361b004efb3b29180f96a476e68dae0d2237b3b09c20c4de28
SERVER_TRAFFIC_SECRET_0 b05d88e3bee33ad066036dd22d84710a7d3975d5dd4b0db75ade426a63ed880c 96eb3c93b328a465c109cd551731aa7e4b4c66e13eacbca20912939f38bf401760aa28a45dd48de2188442bd52cd5e2d
EXPORTER_SECRET b05d88e3bee33ad066036dd22d84710a7d3975d5dd4b0db75ade426a63ed880c 63045502e74ae7d319d7b5bc94fa5e1771b6363c102177aba1d510f40a9a01df57566713312343740775c9e02a6a9798
CLIENT_EARLY_TRAFFIC_SECRET 4bcd879f6271cff248f0178568757b94c5a65dbd837856090c578909eccef0f8 9f1adf027f76ee30634aa6607a556ddf1df4669e068982d8e334a51654383f90
CLIENT_HANDSHAKE_TRAFFIC_SECRET 4bcd879f6271cff248f0178568757b94c5a65dbd837856090c578909eccef0f8 5172079a97ee971067804fb882c9b36a1399909a34be8bd8d9d95326cb6c03d4
SERVER_HANDSHAKE_TRAFFIC_SECRET 4bcd879f6271cff248f0178568757b94c5a65dbd837856090c578909eccef0f8 63841044ff8c286c8984064047152fdae6a4f518a87a2faf3885b520e7806e0c
CLIENT_TRAFFIC_SECRET_0 4bcd879f6271cff248f0178568757b94c5a65dbd837856090c578909eccef0f8 6cff525a755cef02eeda04c75358757843632754dd1d922f59c33d324c283ef7
SERVER_TRAFFIC_SECRET_0 4bcd879f6271cff248f0178568757b94c5a65dbd837856090c578909eccef0f8 253be1932c50ba2fba3cc4230750d25530701e9d77f45854ddf3eeb82278d8a9
EXPORTER_SECRET 4bcd879f6271cff248f0178568757b94c5a65dbd837856090c578909eccef0f8 71b4b8b3cba42d6787d00e229c759d40ea1096a084ecc91844af856039a35380
CLIENT_RANDOM aa72cbb375711dc5ef345e8fc24febef3a45526c995257e54295b426b5cd4311 20a710b1d1dd8153cfea6462a4d8eee618d383eaab2c45ef27eeeed00313e1e9abe5ee07a280492ed2cf89261061ffa0
CLIENT_HANDSHAKE_TRAFFIC_SECRET 25c950246d0354fb35215c6168fc296cf119cc67f49d1fbe54c6db1772037af6 3dde5419db007f080b4a3451c8d6c746fefc6b0d1b2afa0740495b58675a043d
SERVER_HANDSHAKE_TRAFFIC_SECRET 25c950246d0354fb35215c6168fc296cf119cc67f49d1fbe54c6db1772037af6 6d72edee9909535000d06b0aa495f9346b75401c363dfc9a751fb8aeee07c3d1
CLIENT_HANDSHAKE_TRAFFIC_SECRET 8204a64f03f40e6950422b8cd61dd50cc540d0f8f71c28011cd9bbde507829f4 66b65a91ca81ad21d7403caa4146f06df7bb4254c7c4bec0214ac0165ce5f611
SERVER_HANDSHAKE_TRAFFIC_SECRET 8204a64f03f40e6950422b8cd61dd50cc540d0f8f71c28011cd9bbde507829f4 86277ce719815456b7d78ea2ca0cde4d68c90388f26c2e8e6e20b973c0540314
CLIENT_TRAFFIC_SECRET_0 25c950246d0354fb35215c6168fc296cf119cc67f49d1fbe54c6db1772037af6 86be5dd691468cd55a9d1f4f579991edd66e51587f045101c7be982d2dfd4f76
SERVER_TRAFFIC_SECRET_0 25c950246d0354fb35215c6168fc296cf119cc67f49d1fbe54c6db1772037af6 086e8e40bdf8f282bba32132e9026d8a5ba9d0a4d3f3cfd9739a1c094550167f
EXPORTER_SECRET 25c950246d0354fb35215c6168fc296cf119cc67f49d1fbe54c6db1772037af6 f300d9b714c0a03f41e3ffc3d10f2d6fe010b8de6193ef6a98df340603cbd7bb
CLIENT_TRAFFIC_SECRET_0 8204a64f03f40e6950422b8cd61dd50cc540d0f8f71c28011cd9bbde507829f4 b07b3d64735c3ca4bb1affb51f2eb63404770ffa7ce6127f99ba0def68bec2f0
SERVER_TRAFFIC_SECRET_0 8204a64f03f40e6950422b8cd61dd50cc540d0f8f71c28011cd9bbde507829f4 284b538d36238b8ccf3877475676ac2e6d8569f29158146298d896788b8c7859
EXPORTER_SECRET 8204a64f03f40e6950422b8cd61dd50cc540d0f8f71c28011cd9bbde507829f4 ca2186f0f52f1a5d55d1f1c91e7b46b7fe345c8040064bc39249efc1f3319044
CLIENT_HANDSHAKE_TRAFFIC_SECRET d15995aa04281c9ab5d9b002fc5bcbcf6f82adef3bd48843082992ae82d5968c 6bf17cabb7bea145d27b3f499070833536ea8f9102b492a908772634e1f9bb02
SERVER_HANDSHAKE_TRAFFIC_SECRET d15995aa04281c9ab5d9b002fc5bcbcf6f82adef3bd48843082992ae82d5968c acaa243289a831c2f38716e66eeb93ed895622761c6e7414c1e68cd24c3d059e
CLIENT_TRAFFIC_SECRET_0 d15995aa04281c9ab5d9b002fc5bcbcf6f82adef3bd48843082992ae82d5968c 226629b4904bd5424cd36a31b2ce3e6c999bdbcf6109a4c9a7571a5236e7cfcf
SERVER_TRAFFIC_SECRET_0 d15995aa04281c9ab5d9b002fc5bcbcf6f82adef3bd48843082992ae82d5968c c3c3722ef05e26bd096b1b8e220739a2335ae8f620e5c0de36f672045b6e6b45
EXPORTER_SECRET d15995aa04281c9ab5d9b002fc5bcbcf6f82adef3bd48843082992ae82d5968c 9c9c1a357f06f464062e51efe80a9f4d2b7b53524e6d9003ffa9505bd49f1550
CLIENT_HANDSHAKE_TRAFFIC_SECRET f7907a52f9d347cae98844b6997a62d2b8ebde80d15a3f78bd910ca94fbe5b0f a9bc8c8ec39103c7a61a8073f79831e0e0bd558d4503c8cf783b51036ce9ada8
SERVER_HANDSHAKE_TRAFFIC_SECRET f7907a52f9d347cae98844b6997a62d2b8ebde80d15a3f78bd910ca94fbe5b0f 64c8c15206701a5177556b599afa52e016418c82e4236e00ca1640b855a14c84
CLIENT_TRAFFIC_SECRET_0 f7907a52f9d347cae98844b6997a62d2b8ebde80d15a3f78bd910ca94fbe5b0f 9d4d28a0b858c0c2d86511230051c71c6fd8fcef9cf31b41cb2256ee103e5f48
SERVER_TRAFFIC_SECRET_0 f7907a52f9d347cae98844b6997a62d2b8ebde80d15a3f78bd910ca94fbe5b0f d994a40e8d9aaa663e2b14f2a1a3cd74c628e59bc884d4dc66badff1cbe1ae86
EXPORTER_SECRET f7907a52f9d347cae98844b6997a62d2b8ebde80d15a3f78bd910ca94fbe5b0f a6287977e00033df5470eb7797fad5679b31eb861d2a858a6b2f44f070d20d66
CLIENT_HANDSHAKE_TRAFFIC_SECRET 2c346f2d9e053d7c1d4abf7e4cac4653f2ff9f42217ff93aefc509d2828a1206 d27d3f43ec8d1ff16d2491b2eed7e3f1b2edb8400f4c051f752f7304a9000a90
SERVER_HANDSHAKE_TRAFFIC_SECRET 2c346f2d9e053d7c1d4abf7e4cac4653f2ff9f42217ff93aefc509d2828a1206 d6d489f116a2c5c8b2dad08295044b7bad3480f2c95aab7775fe035620b1aea8
CLIENT_TRAFFIC_SECRET_0 2c346f2d9e053d7c1d4abf7e4cac4653f2ff9f42217ff93aefc509d2828a1206 cc7320b29143c865be4513ba51dd5f12558daf431ab3a4695e31e2c7f146c14f
SERVER_TRAFFIC_SECRET_0 2c346f2d9e053d7c1d4abf7e4cac4653f2ff9f42217ff93aefc509d2828a1206 86c4ff08f6af7150fe404ba7c7e35f678cd97227ca11b69f8d2c7826b09b47ef
EXPORTER_SECRET 2c346f2d9e053d7c1d4abf7e4cac4653f2ff9f42217ff93aefc509d2828a1206 7940a46ec69746aa3129e235cc0f215117134b2e58884d04fb4545142f6bc1fb
CLIENT_HANDSHAKE_TRAFFIC_SECRET 9d783ec980616663b01f276d4c59967af83da2d86e303fdf7aa41d5115f3c871 ce06eec63664adc4d322a120d0a7c68dc935c1e528c1c3670783a93f14903b19
SERVER_HANDSHAKE_TRAFFIC_SECRET 9d783ec980616663b01f276d4c59967af83da2d86e303fdf7aa41d5115f3c871 08d6d2a3a06f58f8795272c672794905d93a4177bdaa9d9420bd952cacd00adb
CLIENT_TRAFFIC_SECRET_0 9d783ec980616663b01f276d4c59967af83da2d86e303fdf7aa41d5115f3c871 0e6a905272355d7312a4117eea9f389804d9de5b0b1753adbd2792af0935094d
SERVER_TRAFFIC_SECRET_0 9d783ec980616663b01f276d4c59967af83da2d86e303fdf7aa41d5115f3c871 953186d2bc48709eec90a0d19a0c3ea243a6134da30f87d6782878d6721e3631
EXPORTER_SECRET 9d783ec980616663b01f276d4c59967af83da2d86e303fdf7aa41d5115f3c871 126e08a7a41d03b9ac258c7f0f21ea41377da177dd1033851d1959f597c2b51c
CLIENT_HANDSHAKE_TRAFFIC_SECRET 3856a6395538e2ec2e3d62a1961a83ff26a7f5138006521851afdb458c729aa4 0e3e160af333cd482644f3edbd346115f3126a77468c7faa76409378dbed6a4a
SERVER_HANDSHAKE_TRAFFIC_SECRET 3856a6395538e2ec2e3d62a1961a83ff26a7f5138006521851afdb458c729aa4 651bb51b9ad4d93f4c9f3e370c6e2b683fbea1b981b37741cad1b20b43f0ffcb
CLIENT_TRAFFIC_SECRET_0 3856a6395538e2ec2e3d62a1961a83ff26a7f5138006521851afdb458c729aa4 9c5d3550a1be6ed81f273d155ebfb5e804c40bb671ef0e75d3a17268702d102f
SERVER_TRAFFIC_SECRET_0 3856a6395538e2ec2e3d62a1961a83ff26a7f5138006521851afdb458c729aa4 c6a84ae209a41b28b47cb201536c2cd48c47d53d4c6163b33ebcf1a27614bf01
EXPORTER_SECRET 3856a6395538e2ec2e3d62a1961a83ff26a7f5138006521851afdb458c729aa4 6644ea91979bf9d3dc3730edbe8826fae24352502e322a46cd21c155e85b2a75
CLIENT_HANDSHAKE_TRAFFIC_SECRET 9c8c18016f0bbdb78f676ccbc025c8ae53c7c7ebc9248603bd420bbaae1995a0 9c078e8938ead86bc8fcc66e65562ac37e01f67d6c94cbfeabee9ceffe4f1fc5
SERVER_HANDSHAKE_TRAFFIC_SECRET 9c8c18016f0bbdb78f676ccbc025c8ae53c7c7ebc9248603bd420bbaae1995a0 8606a5217ac5b0009fcc11c5fe49c2e2eaddb9018041d12ec3e857918aea21db
CLIENT_TRAFFIC_SECRET_0 9c8c18016f0bbdb78f676ccbc025c8ae53c7c7ebc9248603bd420bbaae1995a0 1d0f9be083333d1ff054da8f455e70d0068ad05280623b1503ab2a2dc4ac4bf4
SERVER_TRAFFIC_SECRET_0 9c8c18016f0bbdb78f676ccbc025c8ae53c7c7ebc9248603bd420bbaae1995a0 3dcf470da6cf7087304a0b06d4797e349dce98eb97304ae423a2f1f3f7081168
EXPORTER_SECRET 9c8c18016f0bbdb78f676ccbc025c8ae53c7c7ebc9248603bd420bbaae1995a0 ee6d301f3f3e72ac4276b3a7de59e0a59f4d681304577bb42c2f42cf7e8e631e
CLIENT_HANDSHAKE_TRAFFIC_SECRET 9095c8b4c57d4b2d9f881adb88949a6760e99b871a6ad63fd4831e60c4fa8a19 7be51ee44ee8316126659977188c1944a718df72c464481932395b112dc27976
SERVER_HANDSHAKE_TRAFFIC_SECRET 9095c8b4c57d4b2d9f881adb88949a6760e99b871a6ad63fd4831e60c4fa8a19 01e84d071d48c3e6bc22ca79288b9f38967ed345d8b9d37f77844a7758d7b091
CLIENT_TRAFFIC_SECRET_0 9095c8b4c57d4b2d9f881adb88949a6760e99b871a6ad63fd4831e60c4fa8a19 121649b4683a3863dee86727e1e23ea087c6716fa21ffb0475d14eacdf331766
SERVER_TRAFFIC_SECRET_0 9095c8b4c57d4b2d9f881adb88949a6760e99b871a6ad63fd4831e60c4fa8a19 5b7b68da62768ecb85b66f36b2096a2ec0dd09d9ad84a7af4ecba5a2b0ab7d31
EXPORTER_SECRET 9095c8b4c57d4b2d9f881adb88949a6760e99b871a6ad63fd4831e60c4fa8a19 1f4d6852eb8838099dfb1508b43b42a723e4c9cb5712b9d645376cb5f53e19da
CLIENT_HANDSHAKE_TRAFFIC_SECRET 837a08198246b9ecd79bdf5c4ab8e733e0911064e45c95ad91d10a3af60ab82c f282796b30a51cbfd9cdc7e4d6370f57097bb2d73cddc85016541b73975085ea
SERVER_HANDSHAKE_TRAFFIC_SECRET 837a08198246b9ecd79bdf5c4ab8e733e0911064e45c95ad91d10a3af60ab82c c4d0dcbf67df4be55d3b34adafadfc3509d8e93ecf289cdae6ae44eea5278966
CLIENT_TRAFFIC_SECRET_0 837a08198246b9ecd79bdf5c4ab8e733e0911064e45c95ad91d10a3af60ab82c a7886a04819817ac87f4087bb75955428881c33dc0aa1b9fa97fd4720be11aa1
SERVER_TRAFFIC_SECRET_0 837a08198246b9ecd79bdf5c4ab8e733e0911064e45c95ad91d10a3af60ab82c 8385b04a8a51e976c182d59dafa740f667d76223fe1489e525d372ab363ae634
EXPORTER_SECRET 837a08198246b9ecd79bdf5c4ab8e733e0911064e45c95ad91d10a3af60ab82c 8a013b4abab42d3944115a4de212655069f571b776ea2da294537ddb635b2293
CLIENT_HANDSHAKE_TRAFFIC_SECRET 518470778f498542ab1af6f0161fe6746fbbb584ad1423c2cf94076794895d55 86373161c4ce9a7b7fcb52623e0fc19a5a494e4faeb482bfa17c9751f1730273
SERVER_HANDSHAKE_TRAFFIC_SECRET 518470778f498542ab1af6f0161fe6746fbbb584ad1423c2cf94076794895d55 70fa8c7f8ef0d2b52d730c3c1ee0a42f25cad4b14775bab7018c2cb843544cce
CLIENT_TRAFFIC_SECRET_0 518470778f498542ab1af6f0161fe6746fbbb584ad1423c2cf94076794895d55 81eb6c77571656d0a81800edc33b6c52b3bf6abec8108d31ca03a350792c891a
SERVER_TRAFFIC_SECRET_0 518470778f498542ab1af6f0161fe6746fbbb584ad1423c2cf94076794895d55 d4a813aa857cb2d22c9a3ac63469d185e42234ae7879ace68b471eaae9d15a3a
EXPORTER_SECRET 518470778f498542ab1af6f0161fe6746fbbb584ad1423c2cf94076794895d55 d0c439c087ebd67a390144cee576476d1a3eecd5fa0788744174977e56d65f78
CLIENT_HANDSHAKE_TRAFFIC_SECRET e1086541607f514f5bdb3cef0db1fe9383fc061e8edd82aca930a8075f0b24ef b1224c6ff8a8ec6217d463c82fc88b0794d8e51d8b4676313256677b3806b58c
SERVER_HANDSHAKE_TRAFFIC_SECRET e1086541607f514f5bdb3cef0db1fe9383fc061e8edd82aca930a8075f0b24ef 769cd44330b6b1bfaa2ef5f45ddf91f79da3c703fcb8dd6acf3df4aa26097a02
CLIENT_TRAFFIC_SECRET_0 e1086541607f514f5bdb3cef0db1fe9383fc061e8edd82aca930a8075f0b24ef 0f31bd88319e0d5bb497160e541f6c1b4fd65e46fe0fd05830f0587665b18ae5
SERVER_TRAFFIC_SECRET_0 e1086541607f514f5bdb3cef0db1fe9383fc061e8edd82aca930a8075f0b24ef aa279e65ca0425ca3aa874563eede0dd661b58de48494aef98972605acefea2b
EXPORTER_SECRET e1086541607f514f5bdb3cef0db1fe9383fc061e8edd82aca930a8075f0b24ef 1697a96892ecb7ef7132ac11a0ec94bafc8e3c53ae664fa132004a654525aa57
CLIENT_HANDSHAKE_TRAFFIC_SECRET c92ca4c2962434a575f51ea37ac1291146b99f816e6b12a27c6088434a541438 0b9cd2408dbfcc8882c21de4c969531540fb37926740373bd807de8fdad8c476
SERVER_HANDSHAKE_TRAFFIC_SECRET c92ca4c2962434a575f51ea37ac1291146b99f816e6b12a27c6088434a541438 32eb6525b98ef890c3c5fd771cc8feef3c61f99cd902b0a752466a694c3e3eaf
CLIENT_TRAFFIC_SECRET_0 c92ca4c2962434a575f51ea37ac1291146b99f816e6b12a27c6088434a541438 542d5a34095d8f27861f6f7bb1d7f5da30f4ed82bf358e94caa7fd03601e7eb6
SERVER_TRAFFIC_SECRET_0 c92ca4c2962434a575f51ea37ac1291146b99f816e6b12a27c6088434a541438 205e4ef564efe04cd81e2c7a6251254caba6f49625695097d23def5525779c11
EXPORTER_SECRET c92ca4c2962434a575f51ea37ac1291146b99f816e6b12a27c6088434a541438 82c25f881582601778bed04249db9cde0ca1081831562e5f6e7f273b696a9b86
CLIENT_HANDSHAKE_TRAFFIC_SECRET b974ca6a948c12df9297bc176a9f9b95b66ac27dfccb517198823a9ca3476ab3 5f0790552a51846bd2c623b8c4661ab2db192868288c7ade8bdea0f8da293e22
SERVER_HANDSHAKE_TRAFFIC_SECRET b974ca6a948c12df9297bc176a9f9b95b66ac27dfccb517198823a9ca3476ab3 b7475da2a24f8db36aa994af7067fe8a3b482c1a85d2f22762ce65d57f9831e4
CLIENT_HANDSHAKE_TRAFFIC_SECRET 3d8231f52d963bced685cf5a141976ba84def3620cf12795bb70574a13d69d97 0d086c66f6da42c195ca6035aba195eaad1f25ae349f48eb1c52b3fe01697048
SERVER_HANDSHAKE_TRAFFIC_SECRET 3d8231f52d963bced685cf5a141976ba84def3620cf12795bb70574a13d69d97 f5540e5d918aa4f3297c8f6acb3bac5b2432981bc2e1d80f4e6a91161f3129ff
CLIENT_TRAFFIC_SECRET_0 3d8231f52d963bced685cf5a141976ba84def3620cf12795bb70574a13d69d97 9cebdef20fe64e07bdd72db33b36ee6aabe55fa4ed457bd6cdb90f4d36ee4f53
SERVER_TRAFFIC_SECRET_0 3d8231f52d963bced685cf5a141976ba84def3620cf12795bb70574a13d69d97 064658cc3ae31024a3c92fe2136279e5f0df62b1eca01df37215fca909549669
EXPORTER_SECRET 3d8231f52d963bced685cf5a141976ba84def3620cf12795bb70574a13d69d97 bae239576499421b3cbb1a3d034dce491d0276e4cf8c8b034523440dc0e22b7f
CLIENT_TRAFFIC_SECRET_0 b974ca6a948c12df9297bc176a9f9b95b66ac27dfccb517198823a9ca3476ab3 0558075e58fe6c498dd0df30bbbc0a36152cc034148d0f497ab12ca87b75bcca
SERVER_TRAFFIC_SECRET_0 b974ca6a948c12df9297bc176a9f9b95b66ac27dfccb517198823a9ca3476ab3 175259e72b369be9f90ec876173d13acb79cd8a84125ad1c4fd0b92701a6d437
EXPORTER_SECRET b974ca6a948c12df9297bc176a9f9b95b66ac27dfccb517198823a9ca3476ab3 5f56e412a3bf5c1348820fc88abe338929df3049785d7cbcc14adb9b25a3df26
CLIENT_RANDOM fce209a16f31c3a249b4aaf71a7236541b57ffcceb44b9b273bc4429d54a196d 95fea8afbc0cc049b7372211db74543be7aba4e4e3c3831328d3a50bfc2874d9308346624b388308abba286161eaddde
CLIENT_HANDSHAKE_TRAFFIC_SECRET 620b385d00028ae24dda6612863e1e32e2483c40978fda21795861de90b430cd 760d9726dbb54e2c544fbd5cc62eed29243041e07a5e1d118e2f47342b71a2d2
SERVER_HANDSHAKE_TRAFFIC_SECRET 620b385d00028ae24dda6612863e1e32e2483c40978fda21795861de90b430cd 7e83566d47a8d0f9ca0e0f9138350a30394bebeb578a15dd3978755ce6d43545
CLIENT_TRAFFIC_SECRET_0 620b385d00028ae24dda6612863e1e32e2483c40978fda21795861de90b430cd bff51d4c47292ea67caa8706b700b6ee86480bf86445c697e1bf6386ddf420ab
SERVER_TRAFFIC_SECRET_0 620b385d00028ae24dda6612863e1e32e2483c40978fda21795861de90b430cd a67292161f1e25220d29504861a19a91d71a4843e1ad7e5671a78ba71241c8c0
EXPORTER_SECRET 620b385d00028ae24dda6612863e1e32e2483c40978fda21795861de90b430cd b5460e4ea33c8330b60999c9f691fa94bab32794b3e6c3f81310afa02e331682
CLIENT_EARLY_TRAFFIC_SECRET 437c9c98da556350a3f444c76a5a7ebb0926b537b20c193fc5129fc00e7cb155 1c254356b45991fabd75c8cde7df0aea35f5ecf9daed5ce42e26af2e872cfd59
CLIENT_HANDSHAKE_TRAFFIC_SECRET 437c9c98da556350a3f444c76a5a7ebb0926b537b20c193fc5129fc00e7cb155 76a570d2e304df6f6d9cccfb2bce2c10159eb9145aed0addc076f54ae64696ec
SERVER_HANDSHAKE_TRAFFIC_SECRET 437c9c98da556350a3f444c76a5a7ebb0926b537b20c193fc5129fc00e7cb155 036c38d04f4833b207c8cff5e32ba0cc374972b0712666d85e65846e7c90991a
CLIENT_TRAFFIC_SECRET_0 437c9c98da556350a3f444c76a5a7ebb0926b537b20c193fc5129fc00e7cb155 004777e03f2e4f972ba60ddf2c9ba2bba496838e5eb6ad7553fcfc253fdcc76a
SERVER_TRAFFIC_SECRET_0 437c9c98da556350a3f444c76a5a7ebb0926b537b20c193fc5129fc00e7cb155 58451e96817ca47f4ceeba3b526a7c13aa4b923be9b9b09768ddffe3a77f030b
EXPORTER_SECRET 437c9c98da556350a3f444c76a5a7ebb0926b537b20c193fc5129fc00e7cb155 3645d91db6e5f4dc3ae0a5b2cde6ea2f95ed00ee94e585ab5ad425abf769a24b
CLIENT_EARLY_TRAFFIC_SECRET 7e1b5fe4acbd5d7c375ad08c91ec233bcf98c8b756ed033a634532e995f6ee14 f0ac1d58637d84e5fd9198a804d688c449729e66e57249a2bc3890d5bbf44689
CLIENT_HANDSHAKE_TRAFFIC_SECRET 7e1b5fe4acbd5d7c375ad08c91ec233bcf98c8b756ed033a634532e995f6ee14 5e803e86f4bc7f2cf1f3c6eed6a7405ddb63afd028fadeb738dc8ae77c8c7cd8
SERVER_HANDSHAKE_TRAFFIC_SECRET 7e1b5fe4acbd5d7c375ad08c91ec233bcf98c8b756ed033a634532e995f6ee14 5fb43105c775e85c4b929d6975a32d49403799f7390b3d7d861083fe3dbe155e
CLIENT_TRAFFIC_SECRET_0 7e1b5fe4acbd5d7c375ad08c91ec233bcf98c8b756ed033a634532e995f6ee14 6e9d779f261875a4b8fad06d53b371aabc1328a02185ac31a59730330280539d
SERVER_TRAFFIC_SECRET_0 7e1b5fe4acbd5d7c375ad08c91ec233bcf98c8b756ed033a634532e995f6ee14 e1db41fda9ae6f9b87686130b6e959e9bd4d5681dabd4a228ada76f18e1c441a
EXPORTER_SECRET 7e1b5fe4acbd5d7c375ad08c91ec233bcf98c8b756ed033a634532e995f6ee14 71b57de37cb2c72ce3980f18fe0f1eec1851ecba4be7dd4142db929217ba1337
CLIENT_EARLY_TRAFFIC_SECRET 831848eb4271cc13c0cd455e72d754ba903998a0409a89f491fa36930c3e8149 d4965d4b0cea7bab382fae9c32e0c9e881d7b1eb83e529fc00e3be1ff680d366
CLIENT_HANDSHAKE_TRAFFIC_SECRET 831848eb4271cc13c0cd455e72d754ba903998a0409a89f491fa36930c3e8149 3d37282d2a0013c76c11c7dbf3211c5fff85728d6f7343b8835801bdeeb58938
SERVER_HANDSHAKE_TRAFFIC_SECRET 831848eb4271cc13c0cd455e72d754ba903998a0409a89f491fa36930c3e8149 b2aae741b2b7f93f0df68366078668fec509d6aded993e3f45467b7218dc13ea
CLIENT_TRAFFIC_SECRET_0 831848eb4271cc13c0cd455e72d754ba903998a0409a89f491fa36930c3e8149 b14f69b5c64b59ba0efbb7b34ab38026ef6bcaf64771aff0bcce06a12d8c8e9b
SERVER_TRAFFIC_SECRET_0 831848eb4271cc13c0cd455e72d754ba903998a0409a89f491fa36930c3e8149 bd12a2f835211f85fe448a4590e5be6a58a4b9d815a9df2add847ad58944865a
EXPORTER_SECRET 831848eb4271cc13c0cd455e72d754ba903998a0409a89f491fa36930c3e8149 dc7a4a2110667d12cd273b58d2a5e58e9e64875d8341e996eb5a402bd22c4ad1
CLIENT_HANDSHAKE_TRAFFIC_SECRET 3ca56c4c85f94395b03b9942d61c6fc766fbbd4a2b16b8e2942ebaceba357134 228b5a2b677ac36ff5438164f5627a911feda1da84a40cd84355d2dd82efae79
SERVER_HANDSHAKE_TRAFFIC_SECRET 3ca56c4c85f94395b03b9942d61c6fc766fbbd4a2b16b8e2942ebaceba357134 d724d532544d267f418c4984e14da6c8ca1165c87ec0c1b4b49ff52811d06f64
CLIENT_TRAFFIC_SECRET_0 3ca56c4c85f94395b03b9942d61c6fc766fbbd4a2b16b8e2942ebaceba357134 47bd312c68d22c7ea81393625f1517efcf980df0664cb9d841d2c01465992877
SERVER_TRAFFIC_SECRET_0 3ca56c4c85f94395b03b9942d61c6fc766fbbd4a2b16b8e2942ebaceba357134 6a8333cebf4c508d55f8a30a14f602c3b713898e0c1473a51639230b21b33b31
EXPORTER_SECRET 3ca56c4c85f94395b03b9942d61c6fc766fbbd4a2b16b8e2942ebaceba357134 a994d0bc7fcb1d573e5d363547415a2de8b1e7fbf6bb8ba9c18d4001df50bc8c
CLIENT_HANDSHAKE_TRAFFIC_SECRET 6f34743c9a4e83501897294cd0d6e54d455becd82699f120fb2f99ce7c7c9871 ead688425e79a2194f20c3654823a409efddffdbbf222efd82039d7a84659bfc
SERVER_HANDSHAKE_TRAFFIC_SECRET 6f34743c9a4e83501897294cd0d6e54d455becd82699f120fb2f99ce7c7c9871 2fa41b88d9c17e98073c53accc6c3d6837eb8e700b40520559c07fc38f2e2d98
CLIENT_HANDSHAKE_TRAFFIC_SECRET 6a5cc67ef5fb14e6e6a5ea89d6ccf9aee3b6d2c6ea9386694b539c1c8c45499a 094017f0abe62c8a6f27731f623f0e868d629a8da2aef13cabed8303e081da05
SERVER_HANDSHAKE_TRAFFIC_SECRET 6a5cc67ef5fb14e6e6a5ea89d6ccf9aee3b6d2c6ea9386694b539c1c8c45499a fe534bd0474446ab262ff4f98f1f5de0a18809232cec66f6c354ffd4c52f9f17
CLIENT_HANDSHAKE_TRAFFIC_SECRET 6e613007eb5d846f575f583d0d35e22e71d487d67e5973199eace4b534fe5a0e 024043fe7bd1e18b87b5bd6047d4f5b492c2b10322646ae73b3754ff17541c45
SERVER_HANDSHAKE_TRAFFIC_SECRET 6e613007eb5d846f575f583d0d35e22e71d487d67e5973199eace4b534fe5a0e a48b2a5458c1fcfb387cca995ac58ac971aacf952425785bfa76b3905b25a1b1
CLIENT_HANDSHAKE_TRAFFIC_SECRET 09dc146e7369b7f2f7472e256e21c51ceab3d953ec65d6ca55a83e85613c4450 286bfae2a5f1d74dca055302165060693b571da8b88533af0cd7afc71f720b6e
SERVER_HANDSHAKE_TRAFFIC_SECRET 09dc146e7369b7f2f7472e256e21c51ceab3d953ec65d6ca55a83e85613c4450 0675f026e8f7493dfafb187893e2d945f286f95a5d436b02b4b996db6f2b9648
CLIENT_TRAFFIC_SECRET_0 6a5cc67ef5fb14e6e6a5ea89d6ccf9aee3b6d2c6ea9386694b539c1c8c45499a c261057c08f72fabe75d27e71947e15a2c3d4a49cf9a9429102d9a7692116c4c
SERVER_TRAFFIC_SECRET_0 6a5cc67ef5fb14e6e6a5ea89d6ccf9aee3b6d2c6ea9386694b539c1c8c45499a 42504f23a7568cd51bb15b5e05477b70d37c2046a851be645b6d21fabb31dd41
EXPORTER_SECRET 6a5cc67ef5fb14e6e6a5ea89d6ccf9aee3b6d2c6ea9386694b539c1c8c45499a 1c6c2bb20db2a8eea4d50f3fda6d4fac83a2698ec3820906c7a052a3c9117067
CLIENT_TRAFFIC_SECRET_0 6e613007eb5d846f575f583d0d35e22e71d487d67e5973199eace4b534fe5a0e 810a5048103c947ae028aab650751b76df8f99c4df6978402bb00b529f15cfde
SERVER_TRAFFIC_SECRET_0 6e613007eb5d846f575f583d0d35e22e71d487d67e5973199eace4b534fe5a0e 864c329f64519117d314a42e1663a8242588d76ba0a976e767fff5a6d62721a7
EXPORTER_SECRET 6e613007eb5d846f575f583d0d35e22e71d487d67e5973199eace4b534fe5a0e e295b28359f0fa3f6c86724354865ad23252944cf7f4339af7834e9fbc48c419
CLIENT_TRAFFIC_SECRET_0 6f34743c9a4e83501897294cd0d6e54d455becd82699f120fb2f99ce7c7c9871 e8f103003ecfb9c25eedb48dd7a32924e1d279af160c8aecb3e0b5049ec3fcec
SERVER_TRAFFIC_SECRET_0 6f34743c9a4e83501897294cd0d6e54d455becd82699f120fb2f99ce7c7c9871 d31acbe7add07283d17d468aae036dcf0af12063161b32d5b4395d97830e75c7
EXPORTER_SECRET 6f34743c9a4e83501897294cd0d6e54d455becd82699f120fb2f99ce7c7c9871 d1bfe94b90426f61a4196dbc75abf6699e91e18fc208ffb2d143c2debc0587db
CLIENT_TRAFFIC_SECRET_0 09dc146e7369b7f2f7472e256e21c51ceab3d953ec65d6ca55a83e85613c4450 2aac570eb71aa16cf1fbdb9b6a61b90b737cc2a68dd8e586e1ba0f37ccfbf82a
SERVER_TRAFFIC_SECRET_0 09dc146e7369b7f2f7472e256e21c51ceab3d953ec65d6ca55a83e85613c4450 ebe2a6f9fd7048dd1f367ee719722638fcd696c5a17929bbdf890d118d53d8ec
EXPORTER_SECRET 09dc146e7369b7f2f7472e256e21c51ceab3d953ec65d6ca55a83e85613c4450 44ab8760082623d2ff39face449b6edb160a0f1811a3b5ac5b5d06a0a098df1b
CLIENT_HANDSHAKE_TRAFFIC_SECRET 96bf67fda643df13b3d786ce1c36c8f0b8a7586256a4824bde5025ccdb810436 e686fd8fa4ea897b5c749bdb159cf1a70c9ded96653bf9a8e0a86164c9c6fb2b
SERVER_HANDSHAKE_TRAFFIC_SECRET 96bf67fda643df13b3d786ce1c36c8f0b8a7586256a4824bde5025ccdb810436 64d4fdb76016e3fe30b6ee38fe2852e39289ac2f06b5c71a8ba1e898363beffd
CLIENT_TRAFFIC_SECRET_0 96bf67fda643df13b3d786ce1c36c8f0b8a7586256a4824bde5025ccdb810436 14f68b51e97fa97e49d7c6fce055f7c71d82adbe0a153de1071b23abf529d8e6
SERVER_TRAFFIC_SECRET_0 96bf67fda643df13b3d786ce1c36c8f0b8a7586256a4824bde5025ccdb810436 c99cf16c85ab7391e1f7c8e80a95f96df3b1e0b409f75e02d9cfa84bc3102db9
EXPORTER_SECRET 96bf67fda643df13b3d786ce1c36c8f0b8a7586256a4824bde5025ccdb810436 7f61d800728fb25dbdcda69128167932e6e7dfb26292b6104014a37018c6dd33
CLIENT_HANDSHAKE_TRAFFIC_SECRET 140ec8f4f37c8fda8282565e38c8a30e4c3dd8be7b9825fe554b928eb4d9c426 709e29c6b6acc7782c5255059f1f38cb6f4efdbd5da672fe128b007e570c5bda
SERVER_HANDSHAKE_TRAFFIC_SECRET 140ec8f4f37c8fda8282565e38c8a30e4c3dd8be7b9825fe554b928eb4d9c426 1303e1ba9aa2c085e5c1bda84a89949db130ae26ec4e626dc4167817abdb3076
CLIENT_TRAFFIC_SECRET_0 140ec8f4f37c8fda8282565e38c8a30e4c3dd8be7b9825fe554b928eb4d9c426 af327565b220af1e1a0e6079328b0427f646846cc3fed618522857c6cdeae333
SERVER_TRAFFIC_SECRET_0 140ec8f4f37c8fda8282565e38c8a30e4c3dd8be7b9825fe554b928eb4d9c426 32cbb1d539fc6b0698a387dcfd435dafc52e85d5574b72b3c09480a621b994e3
EXPORTER_SECRET 140ec8f4f37c8fda8282565e38c8a30e4c3dd8be7b9825fe554b928eb4d9c426 af8c978fcd70163088f679eee89518671604bc863a05b367c5c36e3deb80fe49
CLIENT_HANDSHAKE_TRAFFIC_SECRET 4046ae86c1999f1ad79779be04c408355afac96005a444ad307055eaac389ec2 bec645ffac6171701136434399b1f24067cc8df35558436e349e14e18b3a1583
SERVER_HANDSHAKE_TRAFFIC_SECRET 4046ae86c1999f1ad79779be04c408355afac96005a444ad307055eaac389ec2 7ec9b1ea555a2769bef5fddd31a98aa32c9df52028e470834f99dd57d0537f7a
CLIENT_TRAFFIC_SECRET_0 4046ae86c1999f1ad79779be04c408355afac96005a444ad307055eaac389ec2 944becf750a4f128071991986d2dd9a088a8c2d28c9b6b0dfb5c3511617c703a
SERVER_TRAFFIC_SECRET_0 4046ae86c1999f1ad79779be04c408355afac96005a444ad307055eaac389ec2 c7f064e3434a773c8ca0cc446eff45f4ae90e26331e2da95a1731178e9287006
EXPORTER_SECRET 4046ae86c1999f1ad79779be04c408355afac96005a444ad307055eaac389ec2 298fb6ecfa286fcc2a3c3a777d7b4d3c61cb1555479f28e81d7214ac138eee0c
CLIENT_EARLY_TRAFFIC_SECRET ea384d52a65047965a57473c5bd503fd33d8f34a6ed1177bd1769de287e47394 74ce8377bc50904df2a23521fa6dfd5d0ab31435b17558f7352a0ae35e592c15
CLIENT_HANDSHAKE_TRAFFIC_SECRET ea384d52a65047965a57473c5bd503fd33d8f34a6ed1177bd1769de287e47394 3fa03e05c898f6b5b2bb71db676d2e99652d7b50bf732bc832495f961e899dbf
SERVER_HANDSHAKE_TRAFFIC_SECRET ea384d52a65047965a57473c5bd503fd33d8f34a6ed1177bd1769de287e47394 bd27fc74f01780e0ead4997693ca3260dce6cbf383e0961b0b02fdd480e08e76
CLIENT_TRAFFIC_SECRET_0 ea384d52a65047965a57473c5bd503fd33d8f34a6ed1177bd1769de287e47394 23a2ae790dcd4c349786109a4d4c6a7dbd08b4e5208ec351b0c1aabf1c8a07b4
SERVER_TRAFFIC_SECRET_0 ea384d52a65047965a57473c5bd503fd33d8f34a6ed1177bd1769de287e47394 3b24aeb30c5b9b5239092eb10001829e3b1e3c574b55f7674a555c0c04d5aeea
EXPORTER_SECRET ea384d52a65047965a57473c5bd503fd33d8f34a6ed1177bd1769de287e47394 417e1396ef4320fce2a1b0e0e502c63981e6b54dfe80172db27cf5532fd1c0ce
CLIENT_HANDSHAKE_TRAFFIC_SECRET 36acee9e728a355026ba176b69b04f4f8e673097d0173fa4e824f0baa00f7807 b3f82f7c61ba4270fa700dcc523c38ecdde5cbaf0ca9238759000e9547261831
SERVER_HANDSHAKE_TRAFFIC_SECRET 36acee9e728a355026ba176b69b04f4f8e673097d0173fa4e824f0baa00f7807 49aac459519c5946fc7cd9bc31d6455934b7b9e6d60b28c973ed50614a3aa901
CLIENT_TRAFFIC_SECRET_0 36acee9e728a355026ba176b69b04f4f8e673097d0173fa4e824f0baa00f7807 1255539c3fc1ab0e7e139dc4b7a7de0ed142d75929aee1b70f4178f710d9497f
SERVER_TRAFFIC_SECRET_0 36acee9e728a355026ba176b69b04f4f8e673097d0173fa4e824f0baa00f7807 66884c413995d1f9151522d11ae9152a3df710bfd8d9d44e9f77cc365a1f5fb7
EXPORTER_SECRET 36acee9e728a355026ba176b69b04f4f8e673097d0173fa4e824f0baa00f7807 6307e90195eff91435c7c544ec05188a573d461b8d54b483282c8295222e4277
CLIENT_HANDSHAKE_TRAFFIC_SECRET 211ab65b420752741563db0056df43712a27e2337b8fffe48f792e09bf6e9c92 f2c3348dfc99d51c5552d22569441e4c52f31bf4b7d5d6ba2a06c2744a6a58f1
SERVER_HANDSHAKE_TRAFFIC_SECRET 211ab65b420752741563db0056df43712a27e2337b8fffe48f792e09bf6e9c92 3b2f814a2aa1a4c1e90ce911f585823a58f452b77b66212b39ed0c6125b6df2a
CLIENT_TRAFFIC_SECRET_0 211ab65b420752741563db0056df43712a27e2337b8fffe48f792e09bf6e9c92 38bbd8cffe28e4579b4a405cac5469cab42e1c8d883fb49c2b723c72f3f04a9a
SERVER_TRAFFIC_SECRET_0 211ab65b420752741563db0056df43712a27e2337b8fffe48f792e09bf6e9c92 0983997870d0c6cf4daccb6e8429b997bb0aeeb983650947e9a45e8f785ffbc2
EXPORTER_SECRET 211ab65b420752741563db0056df43712a27e2337b8fffe48f792e09bf6e9c92 219971704a3afae99275c6ece4f936dce24870e127b4bfc0664289dac91fa977
CLIENT_HANDSHAKE_TRAFFIC_SECRET ae0e722c7b8bc0a84cad9a064cd1538c884cac4c598440510fbb72d7a288ce28 68ab75521922ad9f574cd1bbdfaa589a3b016fba696d8fef0ba5df6a02271697
SERVER_HANDSHAKE_TRAFFIC_SECRET ae0e722c7b8bc0a84cad9a064cd1538c884cac4c598440510fbb72d7a288ce28 8571ac7a0e9536ba1885cfb7d83913a9ae6607108d6e424a7ef2e7fc2c89aebd
CLIENT_HANDSHAKE_TRAFFIC_SECRET bf86a73c89adfabdb622168f340170fbba2a74b0ad234ee4ed592d9e8d8f1ede d9bd7d27a82f58990f8c073a2c68ec5b20cf2561d456c352906b2d13947012f5
SERVER_HANDSHAKE_TRAFFIC_SECRET bf86a73c89adfabdb622168f340170fbba2a74b0ad234ee4ed592d9e8d8f1ede 51d5fe98e232c9b973d3216397f23c195d912883fb130eb52b6eb649b38bc904
CLIENT_TRAFFIC_SECRET_0 ae0e722c7b8bc0a84cad9a064cd1538c884cac4c598440510fbb72d7a288ce28 849e94be712758c7b6b360a4d8d14549c4bed9ca6d2c438b20e10937d5776432
SERVER_TRAFFIC_SECRET_0 ae0e722c7b8bc0a84cad9a064cd1538c884cac4c598440510fbb72d7a288ce28 1cefdf3151f52263401b6c33e88d10c479be0798cfd8efaedcd1562d6233fea7
EXPORTER_SECRET ae0e722c7b8bc0a84cad9a064cd1538c884cac4c598440510fbb72d7a288ce28 e03d56a41e366d44cdcb48100d4e65afc3486f98a57add08c20eee93a8515a4c
CLIENT_TRAFFIC_SECRET_0 bf86a73c89adfabdb622168f340170fbba2a74b0ad234ee4ed592d9e8d8f1ede 6044a0830182fb5029759915ac186a82359120bbf5a3399e5959cb5b73f008e7
SERVER_TRAFFIC_SECRET_0 bf86a73c89adfabdb622168f340170fbba2a74b0ad234ee4ed592d9e8d8f1ede 55aace34a8a873a5d98f4c2241a84c401fa5652454449139052612bbc604c5b3
EXPORTER_SECRET bf86a73c89adfabdb622168f340170fbba2a74b0ad234ee4ed592d9e8d8f1ede 5d122ec0fa521ea651027ed872810663edfab16989d3a3aa37f5d00d7011c5fa
CLIENT_HANDSHAKE_TRAFFIC_SECRET 4a42c7a6ff394c7de6440439d033bd7cca17ed0113aa3730601b121e85135a52 6278da6b2d5f1966ee5fb9b8c053b40e4b530d52f69e9da270c560dce2a5ac90
SERVER_HANDSHAKE_TRAFFIC_SECRET 4a42c7a6ff394c7de6440439d033bd7cca17ed0113aa3730601b121e85135a52 96ba1bf105481ba1f1888f6ddecc01d305c22504d8d4f1e8421d06b72974b454
CLIENT_TRAFFIC_SECRET_0 4a42c7a6ff394c7de6440439d033bd7cca17ed0113aa3730601b121e85135a52 5e7e9040d8543c445b86c422a66038ce81a989aa56900543680dc2fcf7d521dd
SERVER_TRAFFIC_SECRET_0 4a42c7a6ff394c7de6440439d033bd7cca17ed0113aa3730601b121e85135a52 b98692235768c1957ef93e95f3cab6bdbae4d70c25219f1052596286957a9922
EXPORTER_SECRET 4a42c7a6ff394c7de6440439d033bd7cca17ed0113aa3730601b121e85135a52 99b595b08c0c9247a899b8c8f497858036ec74622f0a402973314ea4ba6807d7
CLIENT_HANDSHAKE_TRAFFIC_SECRET 66bf206fe7197ad6657c66dd9a6be8cbfe7542d68557e6366ff2d15102b764d2 fcc2a7442e698852b2fa7bb70fe6987c13bf0e21ef1bda9a11e4113c8b275109
SERVER_HANDSHAKE_TRAFFIC_SECRET 66bf206fe7197ad6657c66dd9a6be8cbfe7542d68557e6366ff2d15102b764d2 c11094fd1ba123bb034b2ce4b11834e54d8bd859e070927ee73f4dd13fa42034
CLIENT_TRAFFIC_SECRET_0 66bf206fe7197ad6657c66dd9a6be8cbfe7542d68557e6366ff2d15102b764d2 d0a1f77778e47fdc28e9ac9e209a794dead6d9177fe78beb9652c0999446eccc
SERVER_TRAFFIC_SECRET_0 66bf206fe7197ad6657c66dd9a6be8cbfe7542d68557e6366ff2d15102b764d2 6c3a5eaab4db72630deff50114506030ba54d6ac63a6a4003419ccf5b385e737
EXPORTER_SECRET 66bf206fe7197ad6657c66dd9a6be8cbfe7542d68557e6366ff2d15102b764d2 7bc67b569780ee3a8ba1900160543be77f4a67ee76dc8f6db789dbed4ac5955c
CLIENT_HANDSHAKE_TRAFFIC_SECRET 96810b38f19c3ebdd831ab447b062067d54994d99b10de68031928acd0a2da22 4661e7bfcde51ce5c35a9f5d0f4d332c64981a4d2ce42bd655604ccc40647562
SERVER_HANDSHAKE_TRAFFIC_SECRET 96810b38f19c3ebdd831ab447b062067d54994d99b10de68031928acd0a2da22 ac1c6a39c26dff15994cb3806b78238ae2e9ec0dd95fabfecf7a665fc67c653e
CLIENT_TRAFFIC_SECRET_0 96810b38f19c3ebdd831ab447b062067d54994d99b10de68031928acd0a2da22 a36d0e728ef6f29935a81b75dc1d27b8a75d14f371540cf2f88d66754fe18a31
SERVER_TRAFFIC_SECRET_0 96810b38f19c3ebdd831ab447b062067d54994d99b10de68031928acd0a2da22 76f8b1982678f6591aed4c2f3ebfc7b6d13f62e85e20a05cca71f4dd71c89957
EXPORTER_SECRET 96810b38f19c3ebdd831ab447b062067d54994d99b10de68031928acd0a2da22 33dd8411db4d644dcbbe52f2550e087f1a1a4932b65b984fde60a448219da526
CLIENT_HANDSHAKE_TRAFFIC_SECRET 45db65ae9abcb5890cdeb8c93e2feb8abdf8467e44c3740e40cde1d259f18a1e 46030366c60538e89cb6ab973f686666716a8ecb466d9345dd17122cd548fac1
SERVER_HANDSHAKE_TRAFFIC_SECRET 45db65ae9abcb5890cdeb8c93e2feb8abdf8467e44c3740e40cde1d259f18a1e 7d4f84c29173b1d93d53a83a5e9056a8d1e8eae8737fb61516738f9ba7464a48
CLIENT_HANDSHAKE_TRAFFIC_SECRET 18e8099b6bc4a921c8902787f839b241eec8dc20287bc54ebd2ce7cfd303441f 5e10cdf739856a5d1e3405a739e758904d854a4ae3e53791f7a029de25f9c7e9
SERVER_HANDSHAKE_TRAFFIC_SECRET 18e8099b6bc4a921c8902787f839b241eec8dc20287bc54ebd2ce7cfd303441f e3990f80a57deacd343d7c164b33527f923e628388ae94ea366905587ba63c3a
CLIENT_HANDSHAKE_TRAFFIC_SECRET fedf2afa860c714d9ea6d2e87f8b9119f1cc0c816cbcb3d69a58b07982193c55 cfba6cc0a7438fcb02819a20a8041b9803450c994c9fa4d2f6cdf8df00fbaaa1
SERVER_HANDSHAKE_TRAFFIC_SECRET fedf2afa860c714d9ea6d2e87f8b9119f1cc0c816cbcb3d69a58b07982193c55 9364c58a38d502793dc9cace7b0d6c0cbeaf07b8be3a7afb6e932a25e7272f29
CLIENT_TRAFFIC_SECRET_0 18e8099b6bc4a921c8902787f839b241eec8dc20287bc54ebd2ce7cfd303441f 17a8eff44be96dd0ab2250a7ee77876c1be204b81169e614a7aeb5a4e32173e2
SERVER_TRAFFIC_SECRET_0 18e8099b6bc4a921c8902787f839b241eec8dc20287bc54ebd2ce7cfd303441f 12a195b108cb394e704e0202c77b595109e1f37cea8a31451a90cef597b3e203
EXPORTER_SECRET 18e8099b6bc4a921c8902787f839b241eec8dc20287bc54ebd2ce7cfd303441f 6b8055f4f88605aea6baa8f6ea83e131d32ed7da7e915c8fcefe129bcf7baf48
CLIENT_TRAFFIC_SECRET_0 45db65ae9abcb5890cdeb8c93e2feb8abdf8467e44c3740e40cde1d259f18a1e f5dabde595cc7141f73d40223d4b731a6960e254b0027ef3526fd3beb8b63560
SERVER_TRAFFIC_SECRET_0 45db65ae9abcb5890cdeb8c93e2feb8abdf8467e44c3740e40cde1d259f18a1e 9bf029f267031cf9351192147f82321fd652aa670038ae15aff84fd6b4447e45
EXPORTER_SECRET 45db65ae9abcb5890cdeb8c93e2feb8abdf8467e44c3740e40cde1d259f18a1e 08a2e495df954d9f289c4b0c4c83a5cf3bc083c5728045fb6e1c140a8e83a330
CLIENT_TRAFFIC_SECRET_0 fedf2afa860c714d9ea6d2e87f8b9119f1cc0c816cbcb3d69a58b07982193c55 e900e214409beef9a5fc41b0904ef78c32fbc190de1481952e94a58271e2ee6e
SERVER_TRAFFIC_SECRET_0 fedf2afa860c714d9ea6d2e87f8b9119f1cc0c816cbcb3d69a58b07982193c55 3264dec9cb8aa7fb2bbb84929004f0044ec34a0afec578c8f6d5e946d515d45b
EXPORTER_SECRET fedf2afa860c714d9ea6d2e87f8b9119f1cc0c816cbcb3d69a58b07982193c55 e34353994648bc2bf1d11929197362f4349a10b314aed61235c13a7e9c4e78ea
CLIENT_HANDSHAKE_TRAFFIC_SECRET dac3addd9cd318c933070d67d81276ffe38c63038b4e63e2fc83fc248fbf4224 73684499b4d0fee116329d9e79141b99b12d41fdeb19e5cdfaf7725224db9d51
SERVER_HANDSHAKE_TRAFFIC_SECRET dac3addd9cd318c933070d67d81276ffe38c63038b4e63e2fc83fc248fbf4224 26edac24bc504b4bc31ada94b2488cd4be5cf1388d8fa6729a155d96086fe49b
CLIENT_TRAFFIC_SECRET_0 dac3addd9cd318c933070d67d81276ffe38c63038b4e63e2fc83fc248fbf4224 d43753caf1c0718b35943845c8ede787c68ac054e1d71e779d9c5d4fbb5cb784
SERVER_TRAFFIC_SECRET_0 dac3addd9cd318c933070d67d81276ffe38c63038b4e63e2fc83fc248fbf4224 c317c105d863d1531fd0b66ac5518130c3dd799f0e7925cc3bf096d081775085
EXPORTER_SECRET dac3addd9cd318c933070d67d81276ffe38c63038b4e63e2fc83fc248fbf4224 9ae70a26d16cd0ee4b5579d5796a183564d1ae2e288773940f308c3b6a67dc01
CLIENT_HANDSHAKE_TRAFFIC_SECRET ca3501859c04d1a64c4596a1de84caad8a7c10700232c45b77381eb5c907a7f9 fe4cf50f07146d1da81ee8f669fa108c5f8bfdd87a55d50f2f3715f7c259b5f9
SERVER_HANDSHAKE_TRAFFIC_SECRET ca3501859c04d1a64c4596a1de84caad8a7c10700232c45b77381eb5c907a7f9 9bfc621ce4ec5b29b56651c666dd11e62c241c826baa4196ac59ac04423cca08
CLIENT_TRAFFIC_SECRET_0 ca3501859c04d1a64c4596a1de84caad8a7c10700232c45b77381eb5c907a7f9 9e178f9bdf0ff495df885ed386d7514941819c9f86344404102fd89433b2a431
SERVER_TRAFFIC_SECRET_0 ca3501859c04d1a64c4596a1de84caad8a7c10700232c45b77381eb5c907a7f9 8cc087143389e649edf070267f9f267ae00ecc4f63ee7edf94f06a37dac7aa11
EXPORTER_SECRET ca3501859c04d1a64c4596a1de84caad8a7c10700232c45b77381eb5c907a7f9 57270716b9802bc8c31aa71b687cee4ddedda6a9088d3713f3fad43e6e37b87e
CLIENT_HANDSHAKE_TRAFFIC_SECRET c6cdb1d881dd6d1781f3f55f4aad2c5ff57e0b0c5bbf98ed3f4003b2299495ff 2893a0a47d47ad8200a5330764ec1a1cbcc74454cd2bb406633fbfb82616d2e3
SERVER_HANDSHAKE_TRAFFIC_SECRET c6cdb1d881dd6d1781f3f55f4aad2c5ff57e0b0c5bbf98ed3f4003b2299495ff 31a30af19b54a7e274eb7c042a5369d3a36d7a32310b445e27af7a2b4060912b
CLIENT_TRAFFIC_SECRET_0 c6cdb1d881dd6d1781f3f55f4aad2c5ff57e0b0c5bbf98ed3f4003b2299495ff 0c7be1aafea20040c70eeab39de2b4a278ac910aef8d507de18678c47f19509a
SERVER_TRAFFIC_SECRET_0 c6cdb1d881dd6d1781f3f55f4aad2c5ff57e0b0c5bbf98ed3f4003b2299495ff 69f2925825813fcfcd323de16c0b9b3fd1f167194bd9075e0cee8bceb91c6d20
EXPORTER_SECRET c6cdb1d881dd6d1781f3f55f4aad2c5ff57e0b0c5bbf98ed3f4003b2299495ff eb0a7b68b48fa39f56e4b7864f425aa371dddf8ace8072c2b80c2de2e8e108b9
CLIENT_HANDSHAKE_TRAFFIC_SECRET c4c090e4738fd6d0aa2824423d5fcedc7ecd3ef4f94d52320b8169e02f9eb6db fd8f89c7a9e51b6bee4a85762c68bab2ca273e3d9da6b6de39fbe6c242418c39796cc15e1aa2886c45d987c730a22216
SERVER_HANDSHAKE_TRAFFIC_SECRET c4c090e4738fd6d0aa2824423d5fcedc7ecd3ef4f94d52320b8169e02f9eb6db 555f57630ab6d2d25cf8a1131e8760e895b7822584850535bcf400f26ab7072d1ab71098d54e7c061feb1bf9a709bc5e
CLIENT_TRAFFIC_SECRET_0 c4c090e4738fd6d0aa2824423d5fcedc7ecd3ef4f94d52320b8169e02f9eb6db e70fb843253970f7e6e7399d87f27ae5a53490c035556566208bd96c449a123310164e7812c9afc39236530b0f92b9f7
SERVER_TRAFFIC_SECRET_0 c4c090e4738fd6d0aa2824423d5fcedc7ecd3ef4f94d52320b8169e02f9eb6db d5ac84b0bc797bf4fda7f1de9005f116cda941ab31aedd3c9a080a449fdee293625c2f78030fb33dae30ce2f97224ff3
EXPORTER_SECRET c4c090e4738fd6d0aa2824423d5fcedc7ecd3ef4f94d52320b8169e02f9eb6db 96ca51f016c2001379ad11a3821c318833ec7e3806ea1ee9c3082d3b41554871376585b6fe04c154b129e0334468a3d9
CLIENT_HANDSHAKE_TRAFFIC_SECRET 22396fa6a38f6687ef322bab81daac60ff6ef4d0aa49bc1b659727ababb70cba 5dfe7770268a5823c54bbcde54f13fd040b20e0f919c4ca5705a74299e999c26
SERVER_HANDSHAKE_TRAFFIC_SECRET 22396fa6a38f6687ef322bab81daac60ff6ef4d0aa49bc1b659727ababb70cba 1be29fca86ca6a471151690e5902eea1fb9c0e4fb3935c171f789e90eba3984b
CLIENT_TRAFFIC_SECRET_0 22396fa6a38f6687ef322bab81daac60ff6ef4d0aa49bc1b659727ababb70cba 7465d9715955f398b433ceeeb2d70bf4c0dae690ccaffa607cd5306e45c49967
SERVER_TRAFFIC_SECRET_0 22396fa6a38f6687ef322bab81daac60ff6ef4d0aa49bc1b659727ababb70cba 8d26bccb9b52409aeca5695d69ed56c3819504fab45915c0873c86f59620d521
EXPORTER_SECRET 22396fa6a38f6687ef322bab81daac60ff6ef4d0aa49bc1b659727ababb70cba 96cc78d1eeaa2190f6e8f207739883e352ae5616d3fddd529b6cff204bbdaf69
CLIENT_HANDSHAKE_TRAFFIC_SECRET 604eccc6e01ce62cb62535e33c70c0a1dd4d709443536ed277c3f2384f951e80 b728a2a5b8b514c8edab95579a2e4bcce9d25a19610382d0f73b650718a4d80ade487ae8afa42ad64a69a218ec78b8e8
SERVER_HANDSHAKE_TRAFFIC_SECRET 604eccc6e01ce62cb62535e33c70c0a1dd4d709443536ed277c3f2384f951e80 e205e80f21143153f43d02e01f2e2c337834eacb77d8149d3ce9536a4df20b8bb3bdd52bc0a085534cd4381d3be36927
CLIENT_TRAFFIC_SECRET_0 604eccc6e01ce62cb62535e33c70c0a1dd4d709443536ed277c3f2384f951e80 bc7a844e5e8656d850d14ef83c1db864222164a3688f00a9d26937dcb8c014df891a6572cbb496feaf49664932ac40ba
SERVER_TRAFFIC_SECRET_0 604eccc6e01ce62cb62535e33c70c0a1dd4d709443536ed277c3f2384f951e80 299aae6b73a964889fdaf8f19e95ace0604bfdb56626f3c1e4f68fa1e7519568c5da9ef55e54e77128c4cc4823a0fd9d
EXPORTER_SECRET 604eccc6e01ce62cb62535e33c70c0a1dd4d709443536ed277c3f2384f951e80 261ec1ce18d48ddd829d2010d9d65548783a7caf17cd34073a8c6c09ec9d185cc3ec8f5438db7077e6b81ed9773ccd79
CLIENT_EARLY_TRAFFIC_SECRET 95964e03cf0c6e5cdf235750b25082e102df6a23e0ebd33ad9448c765b03aed3 d49eae78a26de67aa72c498fc34605f73395baf4f4c1a37aecab35085c907beb
CLIENT_HANDSHAKE_TRAFFIC_SECRET 95964e03cf0c6e5cdf235750b25082e102df6a23e0ebd33ad9448c765b03aed3 e447afa7565657ef592a5a039f3dda615ffaea0acc4c8c220d53b9742998c9bc
SERVER_HANDSHAKE_TRAFFIC_SECRET 95964e03cf0c6e5cdf235750b25082e102df6a23e0ebd33ad9448c765b03aed3 395fd9fd54f149add9abb2cfdc6efd32e81082787e01c11486c7f6bf880947fe
CLIENT_TRAFFIC_SECRET_0 95964e03cf0c6e5cdf235750b25082e102df6a23e0ebd33ad9448c765b03aed3 dcaa98fc0488682655341ab2a87cac35b13d4efcc26602feb524e01f3d237c8a
SERVER_TRAFFIC_SECRET_0 95964e03cf0c6e5cdf235750b25082e102df6a23e0ebd33ad9448c765b03aed3 8ee891dadf596b333482043f207fd7d7c550e1826a04b2816cf9fe540471b964
EXPORTER_SECRET 95964e03cf0c6e5cdf235750b25082e102df6a23e0ebd33ad9448c765b03aed3 5cbd43f52ceac2406664661bae36763e470dbb2ca0d40f25c42cdcba1203b291
CLIENT_HANDSHAKE_TRAFFIC_SECRET 7f528754606a99db3d71231b2761fcc0fa4fc7e31d10641d8db8d66cd619cff3 dddd2c3feb26a9475867ef3c63d7a2bd9a5b53238d2f644c3c722c7cc0f62e42
SERVER_HANDSHAKE_TRAFFIC_SECRET 7f528754606a99db3d71231b2761fcc0fa4fc7e31d10641d8db8d66cd619cff3 d4cc2368608cfcaa4bd9d71c7cf2f6ed592f3a11bfc939423bf2ef772b477883
CLIENT_TRAFFIC_SECRET_0 7f528754606a99db3d71231b2761fcc0fa4fc7e31d10641d8db8d66cd619cff3 a3b7126f196b365f0ca211f752424c4167fda66fd04a98ce32377b1af50c44b4
SERVER_TRAFFIC_SECRET_0 7f528754606a99db3d71231b2761fcc0fa4fc7e31d10641d8db8d66cd619cff3 6a7819a7b08eb0898e2f63a360c38f06c3bb7e087e6edff64735563ab4c324aa
EXPORTER_SECRET 7f528754606a99db3d71231b2761fcc0fa4fc7e31d10641d8db8d66cd619cff3 c8f141b094c48020232add5550f5fbcb3ea8eac1ccbcb6a2d9dc5876331565ca
CLIENT_EARLY_TRAFFIC_SECRET a4d906090037bb770dbdb9d77a452bb14bd86b8a330cc209928228138168ab04 3725f50f5e9e9b3b6cf206d78146133974e6115e241b76a139b0856f22279efb
CLIENT_HANDSHAKE_TRAFFIC_SECRET a4d906090037bb770dbdb9d77a452bb14bd86b8a330cc209928228138168ab04 1dd672e390eca2a668be02f951d73793427e60851ac5881162182ab0678613e5
SERVER_HANDSHAKE_TRAFFIC_SECRET a4d906090037bb770dbdb9d77a452bb14bd86b8a330cc209928228138168ab04 9a69a192029efb661a1c12885b7527ba8872a3ff625e4fd7480ccf172c8b6d03
CLIENT_TRAFFIC_SECRET_0 a4d906090037bb770dbdb9d77a452bb14bd86b8a330cc209928228138168ab04 5db752dd0f96ee4842c49a946f868595ef496c15d3ebfeb44f8de2cc02a7f48b
SERVER_TRAFFIC_SECRET_0 a4d906090037bb770dbdb9d77a452bb14bd86b8a330cc209928228138168ab04 41246ba45ce3a3e6c51ed0cb62ba7e00cf3a660cded9273b97ed77dd16683623
EXPORTER_SECRET a4d906090037bb770dbdb9d77a452bb14bd86b8a330cc209928228138168ab04 8fc4a207590dba951a3d047ee5fe9e39d55e0b9f2e1403571b3b1c60c858bc22
CLIENT_EARLY_TRAFFIC_SECRET 90936a9b6f03e39f7fecd5d3a3d764ec3782223a0d7b81ab8311a049b4829555 83ba2ec0ca5b8b9d9b0d3fc43b1222029e688db4ea664f28d21cecc6169ed173
CLIENT_HANDSHAKE_TRAFFIC_SECRET 90936a9b6f03e39f7fecd5d3a3d764ec3782223a0d7b81ab8311a049b4829555 4c8997ead240e7e9ab71bb10ea3b4e22a4a4cf4eb7b10f30bfc49ea78b699c08
SERVER_HANDSHAKE_TRAFFIC_SECRET 90936a9b6f03e39f7fecd5d3a3d764ec3782223a0d7b81ab8311a049b4829555 70b89ed57c4130ee5e05bad55cdbdc9e0f25cf46ee170f5dd6ccbd69e2e5d5a2
CLIENT_TRAFFIC_SECRET_0 90936a9b6f03e39f7fecd5d3a3d764ec3782223a0d7b81ab8311a049b4829555 c623066430d4ac3f1c0311bca8bf62d436f16ee25797f6380d63fc701d62c852
SERVER_TRAFFIC_SECRET_0 90936a9b6f03e39f7fecd5d3a3d764ec3782223a0d7b81ab8311a049b4829555 b4197ebbb7ae7e0a9cc8a0dbe98d3daa4c6b2651f624bbdffa0fc66d14326087
EXPORTER_SECRET 90936a9b6f03e39f7fecd5d3a3d764ec3782223a0d7b81ab8311a049b4829555 1c50f7a4e4889313d5be19d85a910ee9cc12dcfadf6d189558f612ed18abf1af
CLIENT_EARLY_TRAFFIC_SECRET fb8b42b258506664d4bd661c4a502c65b653256fea5ac24ca99c7dd1a42b8ad0 f2612af3215459ae22b43b86afc8827c87bbd6f13ff9e53f5c0d72b9bd49464d
CLIENT_HANDSHAKE_TRAFFIC_SECRET fb8b42b258506664d4bd661c4a502c65b653256fea5ac24ca99c7dd1a42b8ad0 84f437f03a296b48f25f8fb18e82e92b047c477c67c7e67689dfd605f3dbf849
SERVER_HANDSHAKE_TRAFFIC_SECRET fb8b42b258506664d4bd661c4a502c65b653256fea5ac24ca99c7dd1a42b8ad0 ab317135a536d82d0a5f5c7b7227062f53705302d2d07c2a6e6b578680eb6601
CLIENT_TRAFFIC_SECRET_0 fb8b42b258506664d4bd661c4a502c65b653256fea5ac24ca99c7dd1a42b8ad0 b3c0972d357769e4a250b95b2fe2739059b2e543cb97d95114124a6752d6269d
SERVER_TRAFFIC_SECRET_0 fb8b42b258506664d4bd661c4a502c65b653256fea5ac24ca99c7dd1a42b8ad0 2e6b10a3cde5e69988907d6efcf0263a65f6f8d2b5d2469fa1073c1bf69847d4
EXPORTER_SECRET fb8b42b258506664d4bd661c4a502c65b653256fea5ac24ca99c7dd1a42b8ad0 7481cb6cea4761675321388f8a0ea206da2f958ee5b702434e517d627f565f38
CLIENT_HANDSHAKE_TRAFFIC_SECRET ad021fe44638024e10048be8032ca21472ba9c014d267bfa42685f23fe0fa961 ee15efd51adac03b128c7128da28a46b64f3be43b72fe17100efa7157c100794ed4ad607497ce1d88be5f801a2e679b7
SERVER_HANDSHAKE_TRAFFIC_SECRET ad021fe44638024e10048be8032ca21472ba9c014d267bfa42685f23fe0fa961 34399655cb844b563d1ee447ff3124ab166eead3d2a0ab874e78be9289764d0b7cf1d8eedf4f4cc6ecbef2f419b7a87c
CLIENT_TRAFFIC_SECRET_0 ad021fe44638024e10048be8032ca21472ba9c014d267bfa42685f23fe0fa961 0f0bb5f32e30b0f36ce34abc461ebef28317f41111011cde454c55619a59e7f09cd477756024748c797c3856c1843100
SERVER_TRAFFIC_SECRET_0 ad021fe44638024e10048be8032ca21472ba9c014d267bfa42685f23fe0fa961 1114275a5ec766082d00abb72ca8b9b365190bb7c7d6a5b6f487abc57edbbf904cc937e80b712af34ff8a4d9897ada5a
EXPORTER_SECRET ad021fe44638024e10048be8032ca21472ba9c014d267bfa42685f23fe0fa961 cfa2e29bbe160fb561eaf2667126e63786ee642384aaa11cec031c9b8f8e4ef4567169de2fba0757686435dd5a7f0696
CLIENT_HANDSHAKE_TRAFFIC_SECRET dedde60d92714efe86798aa1f704c6ffa637999974e74fbb85eb367f2880e12d 2e02e69e94899dcd7044e68993b1821579bafa7b834d5756810d95eb0cfca9a7
SERVER_HANDSHAKE_TRAFFIC_SECRET dedde60d92714efe86798aa1f704c6ffa637999974e74fbb85eb367f2880e12d 095c039dcec5e2efe6625d1644791950e8b753ddc5a2d3ee58babfa070cb3be5
CLIENT_TRAFFIC_SECRET_0 dedde60d92714efe86798aa1f704c6ffa637999974e74fbb85eb367f2880e12d c42b91273007ea8de0b630116a0a25953177fcd0ef74fe2234593fbaf416aeea
SERVER_TRAFFIC_SECRET_0 dedde60d92714efe86798aa1f704c6ffa637999974e74fbb85eb367f2880e12d 404cf2a2fb64dc9ed9b5b86f2292050c844bc6a4960e08fd40c5fbb1a58edd8b
EXPORTER_SECRET dedde60d92714efe86798aa1f704c6ffa637999974e74fbb85eb367f2880e12d fb5c23838a90ea9172ab6a096871e6bebb9b857dd80d5ce05387f0d908f9d825
CLIENT_HANDSHAKE_TRAFFIC_SECRET eff03a0fd081bc01d9fa2b269f0228b8b8f6e3ae44e025c680f80de99b2c60ee d25eea406f03470850537268ab180494e088eda06d31ac43c4b3b2871e73add35c8f3f784357531e4ffeae2b97f4cc03
SERVER_HANDSHAKE_TRAFFIC_SECRET eff03a0fd081bc01d9fa2b269f0228b8b8f6e3ae44e025c680f80de99b2c60ee bc1a5756892153e2a48c93917582196e7f9c99ba3486acefe6921b93a0d9a8c6160b6d03b2da17e7771835c74a1ce74b
CLIENT_TRAFFIC_SECRET_0 eff03a0fd081bc01d9fa2b269f0228b8b8f6e3ae44e025c680f80de99b2c60ee 6579fd690f47be411174dbccd6717a28dc82f74d11a7a22f2358aef1d46ad6dc5e1f9701ac11c1ba99fe3c770c1fc010
SERVER_TRAFFIC_SECRET_0 eff03a0fd081bc01d9fa2b269f0228b8b8f6e3ae44e025c680f80de99b2c60ee f03d6c4f331e06a02153b3ffa320bc2d15b117377b16ce8c79ed924a1b10e1b916e0406ddd58824b11b27607843611b0
EXPORTER_SECRET eff03a0fd081bc01d9fa2b269f0228b8b8f6e3ae44e025c680f80de99b2c60ee bdd0948d139f27bac74c76bc68baac5dcc1c6b7b93981387eec66bd376c3bcfc46539f2c3bfec77dd5bb26c882ad7457
CLIENT_HANDSHAKE_TRAFFIC_SECRET a548bbae5fcb84d97aed909b37cd6f5f965411a2e90d30633f50321ada7c7c0d bdcaa550dfac95ed62a83ba16377f8524f6c601ce517b1df46e40916dca6e104
SERVER_HANDSHAKE_TRAFFIC_SECRET a548bbae5fcb84d97aed909b37cd6f5f965411a2e90d30633f50321ada7c7c0d 60eff741d71a750ad46ed330c9ba39b13a3cc0cbb4a0f87432786763996fcc6a
CLIENT_TRAFFIC_SECRET_0 a548bbae5fcb84d97aed909b37cd6f5f965411a2e90d30633f50321ada7c7c0d 6e7371ad71d5393b682f110d7098fa7e595a4564bd02bce7b371769f1edfe75d
SERVER_TRAFFIC_SECRET_0 a548bbae5fcb84d97aed909b37cd6f5f965411a2e90d30633f50321ada7c7c0d def54d62bcf9e0d35d81a65ad091a762108a494acf9d9f9c7956a8b5ef72e599
EXPORTER_SECRET a548bbae5fcb84d97aed909b37cd6f5f965411a2e90d30633f50321ada7c7c0d 74a9a450b013caae9efe7d70e95779b9cbc47f2365360e7455450e82fe476ca2
CLIENT_EARLY_TRAFFIC_SECRET cf1ac437d893a0d045a4f7732665a990b56030eee8c5337c09efaef737aaf4b0 4617b07caa485b71d4ce47be46a3ebbe9412cdf98cc5d63218a52cc89a29414e
CLIENT_HANDSHAKE_TRAFFIC_SECRET cf1ac437d893a0d045a4f7732665a990b56030eee8c5337c09efaef737aaf4b0 199ebd0b74f1d38324ba39486ead79a67ffdb6b481fc77a52876497f4164fef1
SERVER_HANDSHAKE_TRAFFIC_SECRET cf1ac437d893a0d045a4f7732665a990b56030eee8c5337c09efaef737aaf4b0 45bed73975c036814b44e0a44c0a09f3949e3b5df1e9b802b4b011b74cbb0800
CLIENT_TRAFFIC_SECRET_0 cf1ac437d893a0d045a4f7732665a990b56030eee8c5337c09efaef737aaf4b0 cfe447b2e89a79ae633ba7ded5b1dde847eff897aa525bf2a8c6e22d46c434ab
SERVER_TRAFFIC_SECRET_0 cf1ac437d893a0d045a4f7732665a990b56030eee8c5337c09efaef737aaf4b0 f581f26b72f2caf6949fa622c2f9e93ebed5a0e97e44afbc0d4be8fcc0d66d7b
EXPORTER_SECRET cf1ac437d893a0d045a4f7732665a990b56030eee8c5337c09efaef737aaf4b0 48a84d66242bdfed9f3b4caa65e31805f97d2e04f2cb381b3cdeb06aea8f37e7
CLIENT_EARLY_TRAFFIC_SECRET 68ad2f4859349606e471abc2c846ec5f2aa55fdf9116f85847c21b111e7a0707 b192e3dac22f91eb03b3b7d498a43f8a2b6482d13292bd510156fb0cbd94b18a
CLIENT_HANDSHAKE_TRAFFIC_SECRET 68ad2f4859349606e471abc2c846ec5f2aa55fdf9116f85847c21b111e7a0707 5ea4f204df45869910b20f1ed81eaf26286c7649b065c658b6c8a413c55f0ffe
SERVER_HANDSHAKE_TRAFFIC_SECRET 68ad2f4859349606e471abc2c846ec5f2aa55fdf9116f85847c21b111e7a0707 6983784b3a17998f82533804e542cc8f9a2f0dfbe64a373738037f8ec0114f83
CLIENT_TRAFFIC_SECRET_0 68ad2f4859349606e471abc2c846ec5f2aa55fdf9116f85847c21b111e7a0707 9c94f23fd2dc9c3ecba667de5c79c7ae6b9f3026ff51943197b6e2a7b5d0640b
SERVER_TRAFFIC_SECRET_0 68ad2f4859349606e471abc2c846ec5f2aa55fdf9116f85847c21b111e7a0707 37cf98e8b4e6ba94e1ad1b60b49306c2e8082c6b040f36bf3e65e09460f21b6d
EXPORTER_SECRET 68ad2f4859349606e471abc2c846ec5f2aa55fdf9116f85847c21b111e7a0707 05fa756138d8f1860a8cc26bff8851544f51f20a52562fe5f17d4742745d405f
CLIENT_EARLY_TRAFFIC_SECRET 65586af2270c5ee523e889d5665f484780213c2e64fe45f0b821af01824396c0 87718cdd4182c0fbf3e54a4ee1db5c6afafe1455ffa2f10b10c590bfbd8e1de0
CLIENT_HANDSHAKE_TRAFFIC_SECRET 65586af2270c5ee523e889d5665f484780213c2e64fe45f0b821af01824396c0 7fd26d0d40b37f770761691d32c66fd485165c2d8812b14b0cd7299454000b65
SERVER_HANDSHAKE_TRAFFIC_SECRET 65586af2270c5ee523e889d5665f484780213c2e64fe45f0b821af01824396c0 a3db6a8305a3fa4e9b3c1e50afd664970eb6b5e3bd502f091e0e6d7581cbddc9
CLIENT_TRAFFIC_SECRET_0 65586af2270c5ee523e889d5665f484780213c2e64fe45f0b821af01824396c0 bd4069de176ff81018debab52b2ce5289b8d82533fc739a6653c6f5681bb4253
SERVER_TRAFFIC_SECRET_0 65586af2270c5ee523e889d5665f484780213c2e64fe45f0b821af01824396c0 caac57fff8ba3afead25475ba37cb14541e73a1641ced121d175b92481f5c6b0
EXPORTER_SECRET 65586af2270c5ee523e889d5665f484780213c2e64fe45f0b821af01824396c0 cf323ba376600bb2d4c69bcbff98aa60e1415f9ff8a619e506ea5fc5003d435c
CLIENT_EARLY_TRAFFIC_SECRET fa25eb3ce6b7bf9e6877568040d8072cd2ab296d0b3508ae9d987ddd48a6b181 34f17aa7633fce26bf0f18e9ea105b1c8915886d8eda2487671b45ebbaec20d0
CLIENT_HANDSHAKE_TRAFFIC_SECRET fa25eb3ce6b7bf9e6877568040d8072cd2ab296d0b3508ae9d987ddd48a6b181 152729cc96bf915895379ec436f491ab8257283006f89692101506ae90e80d10
SERVER_HANDSHAKE_TRAFFIC_SECRET fa25eb3ce6b7bf9e6877568040d8072cd2ab296d0b3508ae9d987ddd48a6b181 7cc1f4847617edd47c7d1b97dc33aea7bcb667d4bc4c96f128b2661c21b6c491
CLIENT_TRAFFIC_SECRET_0 fa25eb3ce6b7bf9e6877568040d8072cd2ab296d0b3508ae9d987ddd48a6b181 db18fada7ca1ec749beeafeb68dcbbecd2a2afe839ec4d9956eea2069e3c443f
SERVER_TRAFFIC_SECRET_0 fa25eb3ce6b7bf9e6877568040d8072cd2ab296d0b3508ae9d987ddd48a6b181 66c3c74b3ed843486c3b65c678f6a243c0ac2a619efe50654a05a37b15a8d0aa
EXPORTER_SECRET fa25eb3ce6b7bf9e6877568040d8072cd2ab296d0b3508ae9d987ddd48a6b181 4ed84e00831710d17eb92658af2bc4c76eadca26d372787b50d1e341d3306e8d
CLIENT_HANDSHAKE_TRAFFIC_SECRET 1e422b9206b3c3cba0e937a339520ea65a09ed399e18aab3d8b9802a5df1648a 6778cd83e522cb8a63502924132487da23ae87d24bf96b8b7e0ac99f14e2b976d917b5b5347d5be0a0f4e7c4470ff60b
SERVER_HANDSHAKE_TRAFFIC_SECRET 1e422b9206b3c3cba0e937a339520ea65a09ed399e18aab3d8b9802a5df1648a 83bae11a4842e75129b4fa8712aafd626b5524a443e23b8ffbcbf7a361a0dabc1931fec2e4008ecd7cde54e7c8e175d4
CLIENT_TRAFFIC_SECRET_0 1e422b9206b3c3cba0e937a339520ea65a09ed399e18aab3d8b9802a5df1648a c85745db8d809f19921fb2f738b56bf233bc12ba6dc69895b9491495fb94e8e03e027eef2f2efa584ba10f1da49857d4
SERVER_TRAFFIC_SECRET_0 1e422b9206b3c3cba0e937a339520ea65a09ed399e18aab3d8b9802a5df1648a 01952744510643c52c60f56aa04510ec8b1d603398cc75b41cd21ab9ef43cc5868155ff86c6a706394604924ab4cd669
EXPORTER_SECRET 1e422b9206b3c3cba0e937a339520ea65a09ed399e18aab3d8b9802a5df1648a f858b97448eeef82db67f2b88922445690bdd597bd24efe10f2c4dce620cd66e028f800e1887fb6137ce8052ae8a878a
CLIENT_EARLY_TRAFFIC_SECRET 7c52307af32a8bcc6305130b16182391751ef815b7396752e6c2c1f72c0c6865 0eaf6dde1f20f8fa8763b7d0b1ac5d92907f0fb9540a89f08ee0b53d9c25ed49
CLIENT_HANDSHAKE_TRAFFIC_SECRET 7c52307af32a8bcc6305130b16182391751ef815b7396752e6c2c1f72c0c6865 d0491136ae3aa8ed49447693d8d40f0bf09efc201fd32dfff78b1c21fe0bfd3a
SERVER_HANDSHAKE_TRAFFIC_SECRET 7c52307af32a8bcc6305130b16182391751ef815b7396752e6c2c1f72c0c6865 77361403fc61fd28aa48f4b66f2509ef591362a2da4ed7fe6b57b354dc237f73
CLIENT_TRAFFIC_SECRET_0 7c52307af32a8bcc6305130b16182391751ef815b7396752e6c2c1f72c0c6865 7b2ed476b323a4171265252f04ea9d8ee41b8acdd433b58d03a4f9b185055338
SERVER_TRAFFIC_SECRET_0 7c52307af32a8bcc6305130b16182391751ef815b7396752e6c2c1f72c0c6865 34efb1dca3ed0e45b34d06f1d8df829019c387c0c7dc0189622203914a395c34
EXPORTER_SECRET 7c52307af32a8bcc6305130b16182391751ef815b7396752e6c2c1f72c0c6865 7947fee398b9f56ea5a0ed56640d12580a53f21f63c473e62d27c4e77084681f
CLIENT_RANDOM b28e14f939a1a50fc08aa4dc18b919a32b16c3f6f68fabf16bb48bd3ef19a672 5574c56877b450213843930268ae354a48a78142ffcdef889485ee6adf9f8e4ad606a279938522a59a78083be207de31
CLIENT_RANDOM 50520b1717130c82675be189af4db97e0ee0254d9d5a87bfbe93487193aaa388 f79ead90e4779bfac51574662e1b91797b56f4bd61e8daa27036dd043f31cf161ac319190ee9df6e7af5c2b0b32324c3
CLIENT_HANDSHAKE_TRAFFIC_SECRET c1076fff358fb5b4e96886805e55ef797e04b2cfc1a0e3926ba0c56e599bc616 8f7f02ed7d5b5e5189618ba1b19709a902a117bf9edf18f8fa38edb7b387a5f7
SERVER_HANDSHAKE_TRAFFIC_SECRET c1076fff358fb5b4e96886805e55ef797e04b2cfc1a0e3926ba0c56e599bc616 54217d6e4417f79e3562d5697077259a407b428cce58b72a338d08458ef9d045
CLIENT_TRAFFIC_SECRET_0 c1076fff358fb5b4e96886805e55ef797e04b2cfc1a0e3926ba0c56e599bc616 8579e8b5f7d6fdc6bc094ad333b51b80fb531df99811e15fbba6c4d85652a182
SERVER_TRAFFIC_SECRET_0 c1076fff358fb5b4e96886805e55ef797e04b2cfc1a0e3926ba0c56e599bc616 ddc277b4aeaf8c85bcf4767a60d8e89ba29aef5da8b504dc1c7e71d962adc6b5
EXPORTER_SECRET c1076fff358fb5b4e96886805e55ef797e04b2cfc1a0e3926ba0c56e599bc616 c741a045c82e3d18fc46bbfb5dc65c8a52be75c988e01a02898a721e320b71ff
CLIENT_HANDSHAKE_TRAFFIC_SECRET 32325f27bf7312ed0dafede1b8a5a6cce6acbe726f67297b709dae566a946cf2 b985b7cd00cccaba2f258f4965ace5ba6da461f560fab68bb1b787b57b07964b
SERVER_HANDSHAKE_TRAFFIC_SECRET 32325f27bf7312ed0dafede1b8a5a6cce6acbe726f67297b709dae566a946cf2 17388c9dda9c44cc206d720aa69060cb41ae7574a3b53328646bae30dd19dc50
CLIENT_TRAFFIC_SECRET_0 32325f27bf7312ed0dafede1b8a5a6cce6acbe726f67297b709dae566a946cf2 83d3e1864c70a0a6c70bc68aa3850af443260d8b59531f01f62538d43573e81b
SERVER_TRAFFIC_SECRET_0 32325f27bf7312ed0dafede1b8a5a6cce6acbe726f67297b709dae566a946cf2 c861f0650aeffbfa3af93f16a2cfaab395e87a992b82b85e5fddc3aabe459db5
EXPORTER_SECRET 32325f27bf7312ed0dafede1b8a5a6cce6acbe726f67297b709dae566a946cf2 f1bfb9731691c0b312c686a66e0a0573d6cd0d3e92d6a8fe9b6100a10b2af4af
CLIENT_HANDSHAKE_TRAFFIC_SECRET 62d72832605c821e2b87a6bec8c272da3dcdbfbfdcbffe6c512aa0cae011f37c 26b91949e4ac7c62dd59a4151ccf1a7646f3d8e6644160a09e64df8816ec8115
SERVER_HANDSHAKE_TRAFFIC_SECRET 62d72832605c821e2b87a6bec8c272da3dcdbfbfdcbffe6c512aa0cae011f37c c56bdca0927f324338ad99c03dbf12f7450f7037584812e6612473ada2e93940
CLIENT_TRAFFIC_SECRET_0 62d72832605c821e2b87a6bec8c272da3dcdbfbfdcbffe6c512aa0cae011f37c 80b3d5530e5899e37c1b69e503e7343ec436a79198292be55db0e122a9d87c98
SERVER_TRAFFIC_SECRET_0 62d72832605c821e2b87a6bec8c272da3dcdbfbfdcbffe6c512aa0cae011f37c a3800c4f3e705f41cd8ca1cbb1dd697b6389bf2a7c71c60e72d02e35bfa4729b
EXPORTER_SECRET 62d72832605c821e2b87a6bec8c272da3dcdbfbfdcbffe6c512aa0cae011f37c f3557086f10ec92b2fc30d29d30a87f15b327659b628942df7465beede43232a
CLIENT_RANDOM 7ab6eb31e08350e448d4e29b7acbd10a156f09b92961e3fff98636e8328ec892 1d3a5aa4ec254a2b8592fb85e811e7d8e0490703ea824003cbb129c4d2ef3585edad6f6af317dc356aa2901b8fc4e5d3
CLIENT_HANDSHAKE_TRAFFIC_SECRET 09b3e00d21058b532a58673d8ad3c791100d8bac600bd4764b17fe2e0b1ea1cb de42bcbec9f28e0596131c49bca5f281eb2771ac3506a7ca965e75a7d67f2084
SERVER_HANDSHAKE_TRAFFIC_SECRET 09b3e00d21058b532a58673d8ad3c791100d8bac600bd4764b17fe2e0b1ea1cb 2714cd2ba06e6dfb497d457ae07a77525d9dbef554f32165002c084a43977bc9
CLIENT_TRAFFIC_SECRET_0 09b3e00d21058b532a58673d8ad3c791100d8bac600bd4764b17fe2e0b1ea1cb effe843b6ad677da859594681e83ab11e593bf05039e9c3f279599397878f4dd
SERVER_TRAFFIC_SECRET_0 09b3e00d21058b532a58673d8ad3c791100d8bac600bd4764b17fe2e0b1ea1cb 1e2c363dd9232619ebfdd26399060ee8717f08097803b18aab063b23df531f35
EXPORTER_SECRET 09b3e00d21058b532a58673d8ad3c791100d8bac600bd4764b17fe2e0b1ea1cb c3b8fd423b1825a1215595099df06170251f3dcb3364410dfdd1888955797e9c
CLIENT_HANDSHAKE_TRAFFIC_SECRET 9adc570ce30cedb78a63ca1eaa7ad133bc286d38fa71e05f551a4d637f0bb07a 670f2824110410648eb0ed831e7f4228b24b7a6256e3aff8a144d4e75bbb31df
SERVER_HANDSHAKE_TRAFFIC_SECRET 9adc570ce30cedb78a63ca1eaa7ad133bc286d38fa71e05f551a4d637f0bb07a ebbba6117362536ba59dfe1710adae8e3ff59975eb1b9804dbd155594a7f241c
CLIENT_TRAFFIC_SECRET_0 9adc570ce30cedb78a63ca1eaa7ad133bc286d38fa71e05f551a4d637f0bb07a f01e39373c7e3ebcc32bf1f53ac8ede523fd470c1ba5e53e293c724eda89c31e
SERVER_TRAFFIC_SECRET_0 9adc570ce30cedb78a63ca1eaa7ad133bc286d38fa71e05f551a4d637f0bb07a fd913a3abd7ec2d8d90f31a515204beab7602ce457118713d8d1c95d45e966bb
EXPORTER_SECRET 9adc570ce30cedb78a63ca1eaa7ad133bc286d38fa71e05f551a4d637f0bb07a e20c8abf4840f152183d7c0e4b58e39bb56e011326a17d637565f5ac175efc87
CLIENT_HANDSHAKE_TRAFFIC_SECRET 9d55b647413089f7e7e42781f7b4e70c262ef37f181409e266c09b0afb71e084 f5a3a1daa2b9500ba9878a9ded7f09cefe497faf061c2d12cf45b8650f2e24b8
SERVER_HANDSHAKE_TRAFFIC_SECRET 9d55b647413089f7e7e42781f7b4e70c262ef37f181409e266c09b0afb71e084 98fc1f57968829a385859d3e5a5b3ba0ce412b8fa94628df77981f935765dde8
CLIENT_HANDSHAKE_TRAFFIC_SECRET fba6dec75d4ceccf2457f7534ae5e4cd53da804581cea80cae244be86419be9c dded9029a1c76e26fd821593d2edc7e9889e2e194f6fa4c8f5163719ecd9791a
SERVER_HANDSHAKE_TRAFFIC_SECRET fba6dec75d4ceccf2457f7534ae5e4cd53da804581cea80cae244be86419be9c a08a452f4dff7065e7a3578e251010d3a026d28673e1591dd3cdcbfd430d71bc
CLIENT_TRAFFIC_SECRET_0 9d55b647413089f7e7e42781f7b4e70c262ef37f181409e266c09b0afb71e084 3ff691173f01c33913eaf116038cd346c4a0af3522406e8a005e3df343fc4f30
SERVER_TRAFFIC_SECRET_0 9d55b647413089f7e7e42781f7b4e70c262ef37f181409e266c09b0afb71e084 4f9f4ac00d84ad61210bbf6b13d56419cfcd604bdf4aa2ed6c4bfe57c12a4cc3
EXPORTER_SECRET 9d55b647413089f7e7e42781f7b4e70c262ef37f181409e266c09b0afb71e084 8f349ec4f804e1141ab5c881cd20af4343a33c14010a802606fadf51a734780f
CLIENT_TRAFFIC_SECRET_0 fba6dec75d4ceccf2457f7534ae5e4cd53da804581cea80cae244be86419be9c fd6f37ad7295bdadfbdd1417abe57358a960e146aeb0e498c8220522c30b3e8d
SERVER_TRAFFIC_SECRET_0 fba6dec75d4ceccf2457f7534ae5e4cd53da804581cea80cae244be86419be9c 05d240205e05be80eff4ad494516ab3fcfe7c897124b086712983d82fe8a4903
EXPORTER_SECRET fba6dec75d4ceccf2457f7534ae5e4cd53da804581cea80cae244be86419be9c 51a49d5e5414394762936dfcb0992d5d6845ae5342877557837b2e098f4e73ca
CLIENT_HANDSHAKE_TRAFFIC_SECRET c8d98ca4dcb0a710b6a8ffcb95a28bec963926f59619b9db90914c780fb94b2d f0a68c483f73c6212d72bf20a68a755c4f01238312e6520cd0a55e211af52263ca44f423fe2482cf181d1a92d110e3c1
SERVER_HANDSHAKE_TRAFFIC_SECRET c8d98ca4dcb0a710b6a8ffcb95a28bec963926f59619b9db90914c780fb94b2d c05f68f4168f67db466cdc4a0537962236f19ffd300d37c4f178c6af42114efc94ca38fa37794c68731e13f5f54374ff
CLIENT_TRAFFIC_SECRET_0 c8d98ca4dcb0a710b6a8ffcb95a28bec963926f59619b9db90914c780fb94b2d d4bb0bf80ffc9b288c58990c42ee16db42f21c63a9eae55f76bf7d9808cdfee5de390a73bb10e01a707022177ca20f52
SERVER_TRAFFIC_SECRET_0 c8d98ca4dcb0a710b6a8ffcb95a28bec963926f59619b9db90914c780fb94b2d 1dcd886344e54e57a9783f7f86202c7eeb126e09ea00a2c6a65d81fd2026d11ea9586b3dc6b27e9b1b88632b973fcadb
EXPORTER_SECRET c8d98ca4dcb0a710b6a8ffcb95a28bec963926f59619b9db90914c780fb94b2d 2c0c2f63167363b82215954c893413713043bd5c722f54697748991cb15755151cce40881e25c267a4cff611d9fe50db
CLIENT_HANDSHAKE_TRAFFIC_SECRET 6e853bd2d57ff2e8be31e3c11bc49ab314a96ba6a5f06e5db9bb3dada08ab8c1 996bca72c4e8f8949c1da355e426b41492964e0201259d0ce37e41f7c292958f
SERVER_HANDSHAKE_TRAFFIC_SECRET 6e853bd2d57ff2e8be31e3c11bc49ab314a96ba6a5f06e5db9bb3dada08ab8c1 7d14aa0f7b06d0ccf06e95ced87d67378310f57df65e9428677cf457c080f60c
CLIENT_TRAFFIC_SECRET_0 6e853bd2d57ff2e8be31e3c11bc49ab314a96ba6a5f06e5db9bb3dada08ab8c1 8289dd31f9e04feb53b1dc83b381c7bd12c111b481ac16e0423b010df57b5cde
SERVER_TRAFFIC_SECRET_0 6e853bd2d57ff2e8be31e3c11bc49ab314a96ba6a5f06e5db9bb3dada08ab8c1 0595132adb20aaa2834bbcbc0a2afb151a0d4ce651e9285a9b1957295aefaa3c
EXPORTER_SECRET 6e853bd2d57ff2e8be31e3c11bc49ab314a96ba6a5f06e5db9bb3dada08ab8c1 c067214e362f37fbe1341749f4bc1127bf9be836a435deb0eafca639c1c934ba
CLIENT_HANDSHAKE_TRAFFIC_SECRET ad520455668847ea9a892213ffdd74205c3c1e9d58b36b2969565e4dff520c08 b8789d8b9396a04264e212d8d976dd8c9a3e9087fa249317140449b069e5e12a
SERVER_HANDSHAKE_TRAFFIC_SECRET ad520455668847ea9a892213ffdd74205c3c1e9d58b36b2969565e4dff520c08 0f8b9195a16f231040960864c1f35cc495d5ac2d13f025a3d019774e2866943e
CLIENT_TRAFFIC_SECRET_0 ad520455668847ea9a892213ffdd74205c3c1e9d58b36b2969565e4dff520c08 01b28f40557127f9e53fcff136e902dd859b4bbf4a2bce715b6cb648e0a5ca17
SERVER_TRAFFIC_SECRET_0 ad520455668847ea9a892213ffdd74205c3c1e9d58b36b2969565e4dff520c08 5180762a9bc264de56fdd12e45b4e9b555c7b1e55b599144bdbf82bfbf36b85e
EXPORTER_SECRET ad520455668847ea9a892213ffdd74205c3c1e9d58b36b2969565e4dff520c08 27382c58b73328c85f1537b4ed5c908aadc6f0a8e772609b6229df57918bf5ea
CLIENT_HANDSHAKE_TRAFFIC_SECRET d5a1f614c940020f889e7444a1f4f3de17c0cc287516b9eb92177194773d4543 06cc1f9c2e3cebd2996ed83a08fc2c84f897304b53c61cf9f6350c3821f37250
SERVER_HANDSHAKE_TRAFFIC_SECRET d5a1f614c940020f889e7444a1f4f3de17c0cc287516b9eb92177194773d4543 94eb7ab07eb37dbd5455976d546bc461900270d1bcd69696b10cadad2e6217b6
CLIENT_TRAFFIC_SECRET_0 d5a1f614c940020f889e7444a1f4f3de17c0cc287516b9eb92177194773d4543 9ca3c08c75139e3fd1b21750d8a9b36c4a854f94915f08b48be1224e089fa853
SERVER_TRAFFIC_SECRET_0 d5a1f614c940020f889e7444a1f4f3de17c0cc287516b9eb92177194773d4543 997981e9f47311781e34da453d28b90d619919af1121a6deac6d0197c744aa6b
EXPORTER_SECRET d5a1f614c940020f889e7444a1f4f3de17c0cc287516b9eb92177194773d4543 247eef74e522db83d815a907f73afb6fcfc35e95cafeb48985c836e43d229374
SERVER_HANDSHAKE_TRAFFIC_SECRET 3f6ad51a8284d07713996e0aa534ca82e7ef3755c3897ebe44eb30cc608d1ee1 d4e3f3e54338708ab7cd5d245d9a8e18451c10e57fb4265f5484ed4e7f4f32a11eee422db2b9cd67665e4aff2d0cfa20
SERVER_HANDSHAKE_TRAFFIC_SECRET 1fece123be45d2701ea69322cad9bcd33c98191d2e4419db72f6f4003f420f01 4fe2578f5b8d3a858c1ed4032edde179e5bb55235463177275aa6d38168ee6d3393e7f40f3fb55fd822ee528c9a3dcf5
EXPORTER_SECRET 1fece123be45d2701ea69322cad9bcd33c98191d2e4419db72f6f4003f420f01 bbb1ac6f43dc22285596d8f486349e9be997a0fc0cc81abea056ef51120709a6c88df66fed48988baa3d84dd4def3bf2
EXPORTER_SECRET 3f6ad51a8284d07713996e0aa534ca82e7ef3755c3897ebe44eb30cc608d1ee1 d7b0df3a8a6d2954cbf1a2d46932c767e7b81de80e442dbf1d2d0bca48be586e6090ffe349c99ac9e9561b810a7e988f
SERVER_TRAFFIC_SECRET_0 3f6ad51a8284d07713996e0aa534ca82e7ef3755c3897ebe44eb30cc608d1ee1 a3564db6643b563a792475236142cbeb6a21e845df5236fd9584a0ff89eeb2281fed2d11f43406f9fb4f1a1e7bce1d9e
SERVER_TRAFFIC_SECRET_0 1fece123be45d2701ea69322cad9bcd33c98191d2e4419db72f6f4003f420f01 47c5c365fd462ec263a68a094b900f5c14010616d1da60fef6c6a0a30ee849ccc9ed4334da97f7d57320dc7de331b7a1
CLIENT_HANDSHAKE_TRAFFIC_SECRET 1fece123be45d2701ea69322cad9bcd33c98191d2e4419db72f6f4003f420f01 40f22c091a0e703c83372b78f36e98e9cb2178b5ca26ee620568f66857162328acada3f9e658ec93b34e04f09a331b5b
CLIENT_HANDSHAKE_TRAFFIC_SECRET 3f6ad51a8284d07713996e0aa534ca82e7ef3755c3897ebe44eb30cc608d1ee1 8b9813031972c576ed49ec940883ab05418fc482bb4543f3560e47e9db49837d2f57a13521d1156716eedf6f41d6b409
CLIENT_TRAFFIC_SECRET_0 3f6ad51a8284d07713996e0aa534ca82e7ef3755c3897ebe44eb30cc608d1ee1 85d7452a968912fad56bce795e85a9cc6a2393448571e0d53bb9cb48a042ea39370266729ea44259d8bd9db370355662
CLIENT_TRAFFIC_SECRET_0 1fece123be45d2701ea69322cad9bcd33c98191d2e4419db72f6f4003f420f01 e3fd1c19f06156a738014602fa1103aefd6658dacff58ebb8930dc84fa8113b2728fd0858494f74402817fc434db6920
CLIENT_EARLY_TRAFFIC_SECRET bb90bf85287bf39ae850d4d76486902ae5ad7f67d911297a377f26b87c8c3df5 a364bcc9a1362b5070056a8c86f35406b951ff908fe1ca95faba2aaf0a386fbc
CLIENT_HANDSHAKE_TRAFFIC_SECRET bb90bf85287bf39ae850d4d76486902ae5ad7f67d911297a377f26b87c8c3df5 20a2a348166508bf95beb5bb8df2ffb7450486452bab4d1047cee45d6227ad20
SERVER_HANDSHAKE_TRAFFIC_SECRET bb90bf85287bf39ae850d4d76486902ae5ad7f67d911297a377f26b87c8c3df5 c38a70416c5ebeb54673eab98209ad81d25bdd0f911a5446d86ef8e85ecdbc2a
CLIENT_TRAFFIC_SECRET_0 bb90bf85287bf39ae850d4d76486902ae5ad7f67d911297a377f26b87c8c3df5 7d678ef0458f71788f9150c5c2e25a366a0f19136b5e2552052b839c7c19163c
SERVER_TRAFFIC_SECRET_0 bb90bf85287bf39ae850d4d76486902ae5ad7f67d911297a377f26b87c8c3df5 e4bf305316d9c145e8471cb2450c2a1dc6ab3dd5bb2ea53bdfc29fab00f0b945
EXPORTER_SECRET bb90bf85287bf39ae850d4d76486902ae5ad7f67d911297a377f26b87c8c3df5 6aa57ae1558a691f2def21152c2727a92261ac8d3ab17ab3c909479316680dc7
CLIENT_HANDSHAKE_TRAFFIC_SECRET 094268a174c3c445a13db32cffa931b982661182c71c95835a28a76405584bcb c92a7d43c599dbe760d22ba92489dff50af7e3b8929585a76f00eae47a87204c
SERVER_HANDSHAKE_TRAFFIC_SECRET 094268a174c3c445a13db32cffa931b982661182c71c95835a28a76405584bcb f59a1e8647cfd8c53148f8e6fa4110581e287694db52b7439eb91c140610cdfd
CLIENT_HANDSHAKE_TRAFFIC_SECRET e5d7d93da36c42ed9489c5adf7a72f8e69016e791a2affea2ffaae98af92b065 095684b4d53696d6e7170dfb58cf3548b9bae29471f4b8d8349915cc2a63607e
SERVER_HANDSHAKE_TRAFFIC_SECRET e5d7d93da36c42ed9489c5adf7a72f8e69016e791a2affea2ffaae98af92b065 84c3be9a24d4b711fe9bcb292f0df4eac3179e77ee5ccfcd65a11aedef8a8e8b
CLIENT_TRAFFIC_SECRET_0 e5d7d93da36c42ed9489c5adf7a72f8e69016e791a2affea2ffaae98af92b065 6d138948e630a527335a47cf890fcc32823e2f57a917328f3e54184fb10cb2f8
SERVER_TRAFFIC_SECRET_0 e5d7d93da36c42ed9489c5adf7a72f8e69016e791a2affea2ffaae98af92b065 8d27aa331459e93db45a586a434320e4509b5f656128e04f540ded2e26deda5a
EXPORTER_SECRET e5d7d93da36c42ed9489c5adf7a72f8e69016e791a2affea2ffaae98af92b065 8f589a94f4f54bb50d72ec04c7902ddf85600aba7cd9053e762e2fd3fb832818
CLIENT_TRAFFIC_SECRET_0 094268a174c3c445a13db32cffa931b982661182c71c95835a28a76405584bcb f2f07f2fcc8a94af2852a6370865ea386823ac6f5191ea3aa58d15e6f97362b3
SERVER_TRAFFIC_SECRET_0 094268a174c3c445a13db32cffa931b982661182c71c95835a28a76405584bcb 4d459eb0cc9b393e5acc476699328c6b3e1fe43d39faf30140b7377ce1903317
EXPORTER_SECRET 094268a174c3c445a13db32cffa931b982661182c71c95835a28a76405584bcb 16be8a54affb69a827db29a96ecfebe9162c08222e7cfe9d761c0cca9d581a82
CLIENT_HANDSHAKE_TRAFFIC_SECRET cecb9b1dfee8ec0c52470c96b95d42d5464312bb20e227ce4f81489ddba1c7ae 1f82c36f58e1f3cc2e87b44a6cb5ba9b796a40c473620f909093b4dd17269cb1
SERVER_HANDSHAKE_TRAFFIC_SECRET cecb9b1dfee8ec0c52470c96b95d42d5464312bb20e227ce4f81489ddba1c7ae 975a79515af930c53bd7e906f616d0aca0e578d7d11d66342f76c0b4e3a3cfc5
CLIENT_TRAFFIC_SECRET_0 cecb9b1dfee8ec0c52470c96b95d42d5464312bb20e227ce4f81489ddba1c7ae 06235a31a505990b7cf67e48450283eb73a9c0f603a1f44f482ccbf074563b5d
SERVER_TRAFFIC_SECRET_0 cecb9b1dfee8ec0c52470c96b95d42d5464312bb20e227ce4f81489ddba1c7ae 91cb569906e5283f849b0fd52c2547fb19342e022a2f31348b65e901a6fe5a5b
EXPORTER_SECRET cecb9b1dfee8ec0c52470c96b95d42d5464312bb20e227ce4f81489ddba1c7ae 5a7482595063d3461ce90da346e35b628da99880a63c1b631750f0ec2ae61cd6
CLIENT_HANDSHAKE_TRAFFIC_SECRET 45ec39d1640ad2e7635adf7df8d495073b2b43223e3bbac0f6319858788f5978 822d12137fa119992f7f21fe099ef0e3b36ff4c61a57b595f271ebea6c1f4b24
SERVER_HANDSHAKE_TRAFFIC_SECRET 45ec39d1640ad2e7635adf7df8d495073b2b43223e3bbac0f6319858788f5978 641964bf7f129762e127f1ad0abf88f6caf1bfbc711d62d2c1390bd673bb0a27
CLIENT_TRAFFIC_SECRET_0 45ec39d1640ad2e7635adf7df8d495073b2b43223e3bbac0f6319858788f5978 2b3424ade699941ee75b446cb9a6cf60f4a7498eb6ffacc02861fc66ca2aad47
SERVER_TRAFFIC_SECRET_0 45ec39d1640ad2e7635adf7df8d495073b2b43223e3bbac0f6319858788f5978 be93c42ac914de7d96fc01d16b6cdcf280e6a5aeb755085202816206cc0c0ed8
EXPORTER_SECRET 45ec39d1640ad2e7635adf7df8d495073b2b43223e3bbac0f6319858788f5978 4a80b02814a4971e726f4fd00aaa9c012f79521349c323fe93f5acfeb1a24d30
CLIENT_HANDSHAKE_TRAFFIC_SECRET 38d64b0502af5b716e63252ac1f114ed459743d950c95d688aa35dd5e76461b3 c8d6dce3728df4910a5a9aaa646755de7edd87d44683f046509660a97e403cc4
SERVER_HANDSHAKE_TRAFFIC_SECRET 38d64b0502af5b716e63252ac1f114ed459743d950c95d688aa35dd5e76461b3 6e1bab2fdfff00421fd618d266a83735fe4c8f25724b6393e88363722830a1ca
CLIENT_HANDSHAKE_TRAFFIC_SECRET f1293c42b287354fe14cd28ca1ffb46fcfaf7dc5b3b7c033c28791e08d5d57ed 3267dbee94150fae2a619b8ee0de412fecf3cef967a51372a60ad71208d63627
SERVER_HANDSHAKE_TRAFFIC_SECRET f1293c42b287354fe14cd28ca1ffb46fcfaf7dc5b3b7c033c28791e08d5d57ed 8b8d6b07fc382032437fcd2a05b69e0032b0edd35b4747d1511264e3dd04f24f
CLIENT_HANDSHAKE_TRAFFIC_SECRET 544cb8f5b709abab36cc2c9cab1fbe6f2b6285f738613c344f929c539fd8544b 13f3d49172c51beaad2907f9e761e1615129e7c2391d7dcf012d77b261329c94
SERVER_HANDSHAKE_TRAFFIC_SECRET 544cb8f5b709abab36cc2c9cab1fbe6f2b6285f738613c344f929c539fd8544b 27d2ab10267ab52a6be583aaa2b63852d67146b959a8f93e01d2bffb10bf096d
CLIENT_TRAFFIC_SECRET_0 38d64b0502af5b716e63252ac1f114ed459743d950c95d688aa35dd5e76461b3 92dda7c1e8bb1fb3a203b94076331d7d1450a80c8591a037dd66c2e5b52269da
SERVER_TRAFFIC_SECRET_0 38d64b0502af5b716e63252ac1f114ed459743d950c95d688aa35dd5e76461b3 621ae4c5ae29a57630fdedfcb073c15ad2d31e3b15b41bd854e24419aaef4670
EXPORTER_SECRET 38d64b0502af5b716e63252ac1f114ed459743d950c95d688aa35dd5e76461b3 27b99d53ac74f832780e757f9316b0caa87acbdd7cffdb4dad32afb88e4c9190
CLIENT_TRAFFIC_SECRET_0 f1293c42b287354fe14cd28ca1ffb46fcfaf7dc5b3b7c033c28791e08d5d57ed dec111f0c75c1fa9902225abe3f2d97f238198fd551c405cbbc018684f82ba7b
SERVER_TRAFFIC_SECRET_0 f1293c42b287354fe14cd28ca1ffb46fcfaf7dc5b3b7c033c28791e08d5d57ed 84ef8bdaadf7b14f75250277bae18468734019091007a15a7038386825790463
EXPORTER_SECRET f1293c42b287354fe14cd28ca1ffb46fcfaf7dc5b3b7c033c28791e08d5d57ed 611df4dba451694c82d67cc57b97e975d84767d5d2955d6dce71c1fb6f883ef7
CLIENT_TRAFFIC_SECRET_0 544cb8f5b709abab36cc2c9cab1fbe6f2b6285f738613c344f929c539fd8544b 525811a572481ecd841203f34f67e3784d0c551c774528692439e2546c0b355a
SERVER_TRAFFIC_SECRET_0 544cb8f5b709abab36cc2c9cab1fbe6f2b6285f738613c344f929c539fd8544b 5a67bccf258d155257491e2df3a304060a6400d1149442fb8fd066a383d29b62
EXPORTER_SECRET 544cb8f5b709abab36cc2c9cab1fbe6f2b6285f738613c344f929c539fd8544b 448e7d9caf45f0d3a83bfddb895d4f69d0b6c8bb6689d19364b448c9182f4777
CLIENT_HANDSHAKE_TRAFFIC_SECRET 3219d2da8ebbe05a7ba562cf9d64112b5ac55f4cb858418d3b3cf55aa1680a5b e2832ba1bb04e9ef5a3a83825fdc8cbbe58dda483daa574d6db492f45197163c
SERVER_HANDSHAKE_TRAFFIC_SECRET 3219d2da8ebbe05a7ba562cf9d64112b5ac55f4cb858418d3b3cf55aa1680a5b 08dea6b59bc173ca373ec1219fdb6ba51a0604c0b2d7915e8535facb9158a199
CLIENT_TRAFFIC_SECRET_0 3219d2da8ebbe05a7ba562cf9d64112b5ac55f4cb858418d3b3cf55aa1680a5b ec731932240e84ddd3929fcbfa2b6e687455c6ac9ffd3839065bd78dd05e36ba
SERVER_TRAFFIC_SECRET_0 3219d2da8ebbe05a7ba562cf9d64112b5ac55f4cb858418d3b3cf55aa1680a5b 237df7809f96876d5f2134a891c08ed88d81e54d3d36a35c1fa22ff612c2b248
EXPORTER_SECRET 3219d2da8ebbe05a7ba562cf9d64112b5ac55f4cb858418d3b3cf55aa1680a5b fec31d776c9dd91219445e7fa94ad66a5d017a10186dc34a702b4b09c556aa0a
CLIENT_HANDSHAKE_TRAFFIC_SECRET 483d570a7b9469783f9f779fd6e0d801cf734331b40a7fb8283ee5b18645e117 821bcb3e1211d58336d44736fd97ad85a47c8c5bf665665ded8c96db8ff2e29d
SERVER_HANDSHAKE_TRAFFIC_SECRET 483d570a7b9469783f9f779fd6e0d801cf734331b40a7fb8283ee5b18645e117 39e669fcbdba4669713fceae27751249e300fda1cafc2f7b577b7f1f78927bf8
CLIENT_HANDSHAKE_TRAFFIC_SECRET 9f734bf3b86ca082a1c1a8d6b7f6d53bba5bd8a1dafb5cab5dee037dfb7f0af8 5a0943be7ce067b62e8b52cfecbf9df9e6d4eab5115175a8818df7eae918c9a2
SERVER_HANDSHAKE_TRAFFIC_SECRET 9f734bf3b86ca082a1c1a8d6b7f6d53bba5bd8a1dafb5cab5dee037dfb7f0af8 6fced844611fbab0204ab0edd7c9e1611a2f9a513972480f705059f3bc4245ac
CLIENT_TRAFFIC_SECRET_0 483d570a7b9469783f9f779fd6e0d801cf734331b40a7fb8283ee5b18645e117 4e7fead77723a4740dc672e0919ea6d1ba92b09ebf8f013cf43e87395e31fb00
SERVER_TRAFFIC_SECRET_0 483d570a7b9469783f9f779fd6e0d801cf734331b40a7fb8283ee5b18645e117 af6c04c3c8fef42ef66e35b5742c65b73a12dce737d73b0cd0f8384a72a1fb35
EXPORTER_SECRET 483d570a7b9469783f9f779fd6e0d801cf734331b40a7fb8283ee5b18645e117 49289ace95ffa65974de619fce70507b0a08719689471f4b6ed41c189fa81f65
CLIENT_TRAFFIC_SECRET_0 9f734bf3b86ca082a1c1a8d6b7f6d53bba5bd8a1dafb5cab5dee037dfb7f0af8 8e6b9c59b6e098d9d49dff903ae2446f4a3448a8106efcdc0379696b053729ac
SERVER_TRAFFIC_SECRET_0 9f734bf3b86ca082a1c1a8d6b7f6d53bba5bd8a1dafb5cab5dee037dfb7f0af8 189e2ade7ad7c9bb5f88159864faef4a0f76c4aa45461110aeb4a9c43a8f7890
EXPORTER_SECRET 9f734bf3b86ca082a1c1a8d6b7f6d53bba5bd8a1dafb5cab5dee037dfb7f0af8 192d530e328be90d99692b9391e2492564e9f69fc899f7cf40066fa1583ae6e5
CLIENT_HANDSHAKE_TRAFFIC_SECRET 8c5f431f3d8c3d06e708072af2d2789165ba5b3b00427ce15a849cbf9e3e011a 24f7bfe8afeaa079e961273e5d335045177f77ddc78627efd739cb5b04f06e3f
SERVER_HANDSHAKE_TRAFFIC_SECRET 8c5f431f3d8c3d06e708072af2d2789165ba5b3b00427ce15a849cbf9e3e011a 79f7daf52d063b3f98981be3448ca954f2fc83104508ef9f657d1b4dbe06b7de
CLIENT_TRAFFIC_SECRET_0 8c5f431f3d8c3d06e708072af2d2789165ba5b3b00427ce15a849cbf9e3e011a d91efb2ef0cd18de81e918f2183c8a12fabbe5f86b3c7f00310bfb713c828242
SERVER_TRAFFIC_SECRET_0 8c5f431f3d8c3d06e708072af2d2789165ba5b3b00427ce15a849cbf9e3e011a f3df1dbbe418098ca93c45b9cdc12e16568bad0e4db8e82e2ce62e72a934711d
EXPORTER_SECRET 8c5f431f3d8c3d06e708072af2d2789165ba5b3b00427ce15a849cbf9e3e011a 28b5d502ba422b1ac5fcfde9079783cb238be337bc4cbd8b8f5e762cfdf075ab
CLIENT_EARLY_TRAFFIC_SECRET 1586d91042df0ccd1bbd4290e517624b0b2bc1695c80a83a1cccc68079536c6a 5eecc936d7992988e827bf84285f2995152509430ba3e81feb5efeccb9826289
CLIENT_HANDSHAKE_TRAFFIC_SECRET 1586d91042df0ccd1bbd4290e517624b0b2bc1695c80a83a1cccc68079536c6a 170f0bb699196b61d2cc571f1814d646ec2ca92def82cd0c59614599654a2acc
SERVER_HANDSHAKE_TRAFFIC_SECRET 1586d91042df0ccd1bbd4290e517624b0b2bc1695c80a83a1cccc68079536c6a 0a6b5f7fcd9981f41b40318e1440b160866d4d1f8950a4936314ebedc668e314
CLIENT_TRAFFIC_SECRET_0 1586d91042df0ccd1bbd4290e517624b0b2bc1695c80a83a1cccc68079536c6a d9dd9eb18682aa117df7916f3646ab669f0358513c070878b7f6e7b2bd3fd48c
SERVER_TRAFFIC_SECRET_0 1586d91042df0ccd1bbd4290e517624b0b2bc1695c80a83a1cccc68079536c6a 9722b478d4e8f57e2b7cdf9335fa37cdd38fcc12fb208682433c63fd017f8521
EXPORTER_SECRET 1586d91042df0ccd1bbd4290e517624b0b2bc1695c80a83a1cccc68079536c6a 4c54cb2fef2888de6101e475b3dd124c6a2db78b2c09f244db9d924b1a24fbda
CLIENT_HANDSHAKE_TRAFFIC_SECRET e83fac2e0e0b386f19eada44343910528ea7ef96b29c0d73b79a25055b79dbf4 94f7d81f16fbbe3f7a3e4f5a0151977b1515039952b90a077a04c4dbe7287d17
SERVER_HANDSHAKE_TRAFFIC_SECRET e83fac2e0e0b386f19eada44343910528ea7ef96b29c0d73b79a25055b79dbf4 a00fd71586ca0d06e4954dcd70f6e01d6d4e6f703c3ff87fe8d9815d448f63b8
CLIENT_HANDSHAKE_TRAFFIC_SECRET f0a8b38225d230344a5985fa6c63ab6cf381475a1fb137f7cf03ea8942a6d7ad b06666e147b70298882321c7c4565e256c25536cab625c933dc99c7e02102393
SERVER_HANDSHAKE_TRAFFIC_SECRET f0a8b38225d230344a5985fa6c63ab6cf381475a1fb137f7cf03ea8942a6d7ad bcd4f97d05f2e1d5dad16f7c2c94fd2ac56220338fdb184df9c297c95e74f83f
CLIENT_HANDSHAKE_TRAFFIC_SECRET 150a463fd47c3805d753ef98bd905e3cf7024375eef070dfb02ae4cc4500c1f0 63ef40c45cbd426d8f4147d80e8438b0d2e574ea106dd06f9f2cd4c1dd2272f9
SERVER_HANDSHAKE_TRAFFIC_SECRET 150a463fd47c3805d753ef98bd905e3cf7024375eef070dfb02ae4cc4500c1f0 397b0d480e8a4f1736492c0338be5f2ad361c0212922d9fbbbe2bdb2be27f2a2
CLIENT_HANDSHAKE_TRAFFIC_SECRET fc9f2ecdd953fc83712ad36d5295238128d8c4ccda6baab844583ff16f931aec a78be37b143e98b1dfb0c6ee2d8b720f037f53dafed4b63eb09668d243086af7
SERVER_HANDSHAKE_TRAFFIC_SECRET fc9f2ecdd953fc83712ad36d5295238128d8c4ccda6baab844583ff16f931aec a81974e7f2d26fa08e52a4c0937eaf9a7ac0b72bf706cbf3b800ee51832bfe82
CLIENT_HANDSHAKE_TRAFFIC_SECRET e2c7384ae66ca38f9746d5189ce706c21cc251b9bf6552f7da9a26a9054b04a1 60bc13f2fd972f8358118347e18b6cdd6fb28d112259282ff7330c2d40645f6c
SERVER_HANDSHAKE_TRAFFIC_SECRET e2c7384ae66ca38f9746d5189ce706c21cc251b9bf6552f7da9a26a9054b04a1 5b310eec6689c08fffcf2848f5d966e2f1173cc7abad3668b8a291406cc6db72
CLIENT_TRAFFIC_SECRET_0 e83fac2e0e0b386f19eada44343910528ea7ef96b29c0d73b79a25055b79dbf4 af201fc747853f6c84a5ad6ac539e0165df1c7908a4f8ede562df6f20b75fc6b
SERVER_TRAFFIC_SECRET_0 e83fac2e0e0b386f19eada44343910528ea7ef96b29c0d73b79a25055b79dbf4 9decdd836d8d6f7c69193de353b56d4c7f824c6f291f4e0093b473e45f3503d1
EXPORTER_SECRET e83fac2e0e0b386f19eada44343910528ea7ef96b29c0d73b79a25055b79dbf4 9a4faed94c1342b8657e00e16a5ae4b7f46008fdbd0c508500037290b60dce28
CLIENT_TRAFFIC_SECRET_0 f0a8b38225d230344a5985fa6c63ab6cf381475a1fb137f7cf03ea8942a6d7ad bd3fa351aadb3ca91ad6d98003bcb7ce0a36afefe6988780ef504f80796ea43c
SERVER_TRAFFIC_SECRET_0 f0a8b38225d230344a5985fa6c63ab6cf381475a1fb137f7cf03ea8942a6d7ad 86d98bfa588f6e8bd7e28d87e250b6e9837bebc6f84b50c5b462639132b91d53
EXPORTER_SECRET f0a8b38225d230344a5985fa6c63ab6cf381475a1fb137f7cf03ea8942a6d7ad 69cb69a0590842787285e68dc5c068ccc59d12ad4a8a2b367c9081b943d422aa
CLIENT_TRAFFIC_SECRET_0 150a463fd47c3805d753ef98bd905e3cf7024375eef070dfb02ae4cc4500c1f0 77f35926c41cb256828ba1e04c746255d19ea31a123c5f8f54c3826842a7e8f3
SERVER_TRAFFIC_SECRET_0 150a463fd47c3805d753ef98bd905e3cf7024375eef070dfb02ae4cc4500c1f0 7b1947c4d823c7ecfb46de365702de6b8340758031a673992c4729dc51530ff2
EXPORTER_SECRET 150a463fd47c3805d753ef98bd905e3cf7024375eef070dfb02ae4cc4500c1f0 b194699913d080a8486892baf35fd84940c2f0771b1dc2a64e611f435d5cbc20
CLIENT_TRAFFIC_SECRET_0 fc9f2ecdd953fc83712ad36d5295238128d8c4ccda6baab844583ff16f931aec 6aa5e502d88f95b4168e2b34cfa2931c44294d264829139a95a4d1745b72848b
SERVER_TRAFFIC_SECRET_0 fc9f2ecdd953fc83712ad36d5295238128d8c4ccda6baab844583ff16f931aec 9247d7a5c88a629541e8e20dde33045bdb989ce01ff347a42d3fc5556630b27c
EXPORTER_SECRET fc9f2ecdd953fc83712ad36d5295238128d8c4ccda6baab844583ff16f931aec 0a860ec66b80aa4202cc6e23ffd1230464cccc25883e49639527815e7df0c25f
CLIENT_TRAFFIC_SECRET_0 e2c7384ae66ca38f9746d5189ce706c21cc251b9bf6552f7da9a26a9054b04a1 5dd20cefae92124a9072f50285a7a03ba8e37b11f738d13acc0f08f19229a156
SERVER_TRAFFIC_SECRET_0 e2c7384ae66ca38f9746d5189ce706c21cc251b9bf6552f7da9a26a9054b04a1 9fd647672d06e231ba4eef50fc0b8021b6f3189b061504345fae3a219f715aba
EXPORTER_SECRET e2c7384ae66ca38f9746d5189ce706c21cc251b9bf6552f7da9a26a9054b04a1 459d715714842577b4d2ed1b41f0b7413e165e33a4c62bae537f6245bf028f92
CLIENT_HANDSHAKE_TRAFFIC_SECRET 2f6f9dc4d73bed008bf5fa308425d24e62c8f0c741a4a3e7d591e7c9e1ebd645 f3dc18d0ab978c707296c0a385a08929fed6e7c8cd368380f30ecad868e80932
SERVER_HANDSHAKE_TRAFFIC_SECRET 2f6f9dc4d73bed008bf5fa308425d24e62c8f0c741a4a3e7d591e7c9e1ebd645 495f47d2528a55079a4e262c5bc805b336ec2e8181d1781c14f11ee1e42669f6
CLIENT_TRAFFIC_SECRET_0 2f6f9dc4d73bed008bf5fa308425d24e62c8f0c741a4a3e7d591e7c9e1ebd645 f14b57aad339fb07e10eb10b27094ea24741d08f2cd68ab6faed2a8faf50eb0a
SERVER_TRAFFIC_SECRET_0 2f6f9dc4d73bed008bf5fa308425d24e62c8f0c741a4a3e7d591e7c9e1ebd645 e7ded54d8f72d464c83a20b9f90cfcdf7534d5122823a9d4f326a6da97c36912
EXPORTER_SECRET 2f6f9dc4d73bed008bf5fa308425d24e62c8f0c741a4a3e7d591e7c9e1ebd645 e7285a8d7c9e015e3f40571bfed894663760e4d7525e92c29ba34a0fb555de96
CLIENT_HANDSHAKE_TRAFFIC_SECRET 069816ab25f4ae76cad95ecbf91cf389064dff4174d5d1b9dd078252e88d4c89 c5b57ea7298287ad712d754b90d7d33df4a4938e733e303a599ad130f359165b
SERVER_HANDSHAKE_TRAFFIC_SECRET 069816ab25f4ae76cad95ecbf91cf389064dff4174d5d1b9dd078252e88d4c89 6581858f02324422714f74e03ef73aa8886fb6191c7d16bb07a4b29f8a1d6d30
CLIENT_TRAFFIC_SECRET_0 069816ab25f4ae76cad95ecbf91cf389064dff4174d5d1b9dd078252e88d4c89 3685bca6683322b4f7d774d9b2af1810147f78fc88cefea25d13257174afd537
SERVER_TRAFFIC_SECRET_0 069816ab25f4ae76cad95ecbf91cf389064dff4174d5d1b9dd078252e88d4c89 f6494e689c1f5c303eeefb6d3526f4b36b67dc56df4da692e65a9d75510b1dfe
EXPORTER_SECRET 069816ab25f4ae76cad95ecbf91cf389064dff4174d5d1b9dd078252e88d4c89 5fea54789e698c2b2719cfa5b235b833685f63a2aff2834567125fbdfdead46f
CLIENT_EARLY_TRAFFIC_SECRET e437674c5b2eca90178dffa6183223b9f1e7062e20fe9f844685828a6ec29f9f f78f19b8ed5edae679cc9245c05631a31d01570966515a019ee56777e96c65f9
CLIENT_HANDSHAKE_TRAFFIC_SECRET e437674c5b2eca90178dffa6183223b9f1e7062e20fe9f844685828a6ec29f9f 816249fd0f0fb9a1f71c526d04eca48b5717bf1ee44cfd3921e48b0d2ebd227f
SERVER_HANDSHAKE_TRAFFIC_SECRET e437674c5b2eca90178dffa6183223b9f1e7062e20fe9f844685828a6ec29f9f 264487a3d818fbaf0bd613977c192d6d6dceed2da7938c1dbc3538e436318e58
CLIENT_TRAFFIC_SECRET_0 e437674c5b2eca90178dffa6183223b9f1e7062e20fe9f844685828a6ec29f9f 74b27c0f7a3d85962d31aa25478e37febe971ff7208820ab0faa7755ddc2ddee
SERVER_TRAFFIC_SECRET_0 e437674c5b2eca90178dffa6183223b9f1e7062e20fe9f844685828a6ec29f9f 98b4a126368f779832e294cc112a32ac7f0c435153c07d9c1d84298f6277c3c6
EXPORTER_SECRET e437674c5b2eca90178dffa6183223b9f1e7062e20fe9f844685828a6ec29f9f b7fdfe54df135cca40bd8bb22e4fc5ebe0598cf672c46aca429984ce4b3c4cd4
CLIENT_HANDSHAKE_TRAFFIC_SECRET 7dc108335c393fad3be8020bda394cf7ccb1e0068d0105e37086c6d5ae58aaa4 5f9b564b92dd4a2dd22e96dc7a4ae25a67527f5999fe0c25462af6e021e9ee28e4a5f44b64dbc33ef946f7fad90487d4
SERVER_HANDSHAKE_TRAFFIC_SECRET 7dc108335c393fad3be8020bda394cf7ccb1e0068d0105e37086c6d5ae58aaa4 335aecb7a8352dc23f9dac9dae0514ead575f5695d477672dae62f94cc4c2ba7ddd26ce3397bd12cc8c2063bf5b45e51
CLIENT_TRAFFIC_SECRET_0 7dc108335c393fad3be8020bda394cf7ccb1e0068d0105e37086c6d5ae58aaa4 4686b70c8a73cee668ccd99bd0967bef2bd35eec710b71c2aa203f39a13eb896f62812c34464b7b27ca3915880a5314e
SERVER_TRAFFIC_SECRET_0 7dc108335c393fad3be8020bda394cf7ccb1e0068d0105e37086c6d5ae58aaa4 54411e900491a9cc1b2f2afffc61b7b901e9837db3fa236627dec23f08302d95486f0613ffe9646aed48a7dbb41c9a49
EXPORTER_SECRET 7dc108335c393fad3be8020bda394cf7ccb1e0068d0105e37086c6d5ae58aaa4 87414c89f154a8bdc0b0a257a973eed6267e620da78cd21e95db28c143a01df07efda96ec61fc9cd65a6883925c17f4e
CLIENT_HANDSHAKE_TRAFFIC_SECRET 15429e77234be71e305434b082fe80b37eaa7580fab9457d92323048c5f04c5f 75aeb8470ec4a85f53da00e81a78b3c4a16b7d102c87c3133236452087953f66
SERVER_HANDSHAKE_TRAFFIC_SECRET 15429e77234be71e305434b082fe80b37eaa7580fab9457d92323048c5f04c5f f4caba830f2a8192f282ae029fe8ba6526cb2d264e0e9520930ce72cf70ed89a
CLIENT_TRAFFIC_SECRET_0 15429e77234be71e305434b082fe80b37eaa7580fab9457d92323048c5f04c5f f641416001da0535becd896dce54f62b88ee1c351421605fa81605f1ddc4a7f2
SERVER_TRAFFIC_SECRET_0 15429e77234be71e305434b082fe80b37eaa7580fab9457d92323048c5f04c5f c3fc85f06de9607efcf4103b85c618aa5fbc3c3859f4a806164ff7a29e9cd989
EXPORTER_SECRET 15429e77234be71e305434b082fe80b37eaa7580fab9457d92323048c5f04c5f 34bde5856672f49163aba4003ce690bd6fd868dbf270e80e05c4a9040f8ff34c
CLIENT_EARLY_TRAFFIC_SECRET 9f7ae6eba28621a457d1d17c59f0e1228ac0c569217dabd200b5029ba2921f71 e99c91ac4bbee03ef9e7f06750c00deed550c3625baebfabbf349fcbb4fba055
CLIENT_HANDSHAKE_TRAFFIC_SECRET 9f7ae6eba28621a457d1d17c59f0e1228ac0c569217dabd200b5029ba2921f71 d5926c0cf15900a9ecb8a6c16cf632b101f64d47d3031ec029faf838f40a9dd6
SERVER_HANDSHAKE_TRAFFIC_SECRET 9f7ae6eba28621a457d1d17c59f0e1228ac0c569217dabd200b5029ba2921f71 f168d5e28a91d333b7ecfb93e3a23006f52c5837f62cee0d6d639fcba9ad327d
CLIENT_TRAFFIC_SECRET_0 9f7ae6eba28621a457d1d17c59f0e1228ac0c569217dabd200b5029ba2921f71 ce425c46f6e565498d7d6fb3dfb537982050d4f2ca81688e75af3a05e78be66c
SERVER_TRAFFIC_SECRET_0 9f7ae6eba28621a457d1d17c59f0e1228ac0c569217dabd200b5029ba2921f71 b101780b2d27ac0c6a4b94a02cd3e4908d5ff534dde634419050535574d950d9
EXPORTER_SECRET 9f7ae6eba28621a457d1d17c59f0e1228ac0c569217dabd200b5029ba2921f71 e3eb657c2e2d689044a5a59ce277f856e2c33109b7b9c0350fb912dcc7f63d56
CLIENT_EARLY_TRAFFIC_SECRET b520e47a08be40f268e2ce18f18948c8ffea0236bdae26e750db924b353e6869 93aa767260271c98f84fa992b27118a6ce41ccd94c145fb79943bc83dacaa0a8
CLIENT_HANDSHAKE_TRAFFIC_SECRET b520e47a08be40f268e2ce18f18948c8ffea0236bdae26e750db924b353e6869 5c945635cb22cf9408c6a5f69eea8edf1a1ba0f3e2a0a047514949f6ccee00b9
SERVER_HANDSHAKE_TRAFFIC_SECRET b520e47a08be40f268e2ce18f18948c8ffea0236bdae26e750db924b353e6869 64f18e5cb71d27cab88e1ba070b86bc33922c5825f131e6058940bee2863eeaf
CLIENT_TRAFFIC_SECRET_0 b520e47a08be40f268e2ce18f18948c8ffea0236bdae26e750db924b353e6869 a7f5b76c7deeeb733482ef3f68c9e8d595f48e218464a52cfb4c3d8293e411f2
SERVER_TRAFFIC_SECRET_0 b520e47a08be40f268e2ce18f18948c8ffea0236bdae26e750db924b353e6869 2dc216d1ac7ead43d52827ed27e7d205ac7f93eadc09da908c93d58a83cfe43d
EXPORTER_SECRET b520e47a08be40f268e2ce18f18948c8ffea0236bdae26e750db924b353e6869 f23f77e4d4330b34b7359f018c09278f369b4497c8201ed1b11ec51453f1e6f6
CLIENT_EARLY_TRAFFIC_SECRET 3011b4a3e5f04836d29bf7587e23245e518c85c48ef2d8020b069bfec79c78e6 01b1906ad306b4a7c8c7538901e2cade0aa5e8ef4b57d8d6a7d3206eaa6d8fb0
CLIENT_HANDSHAKE_TRAFFIC_SECRET 3011b4a3e5f04836d29bf7587e23245e518c85c48ef2d8020b069bfec79c78e6 09f2b22c22d0d79b271d8ed8423bdab7b71c0f58d0675679455cff784eaa8150
SERVER_HANDSHAKE_TRAFFIC_SECRET 3011b4a3e5f04836d29bf7587e23245e518c85c48ef2d8020b069bfec79c78e6 125d53f16ce4d136977fd7fb2d37a15b993942754360bfa38ed2aeec9938bce8
CLIENT_TRAFFIC_SECRET_0 3011b4a3e5f04836d29bf7587e23245e518c85c48ef2d8020b069bfec79c78e6 9bf1f69692f7d1453577ce94c89ebdab69b812f6a4f43484613c81a39d495c53
SERVER_TRAFFIC_SECRET_0 3011b4a3e5f04836d29bf7587e23245e518c85c48ef2d8020b069bfec79c78e6 eb687f482797795bfc4b2e0fbdd2101969db288aa5c64523132eee6ae3d852f0
EXPORTER_SECRET 3011b4a3e5f04836d29bf7587e23245e518c85c48ef2d8020b069bfec79c78e6 6bd1183208f575c17b0c6538525d2730342227e8e8c9355199dda46c16a3ac61
CLIENT_EARLY_TRAFFIC_SECRET 4700a7ed3930ff2a847c28cdc227ffcceb774e328065114b9ff9a0a321438090 43e27a60b28d28527ff7f3cb28be5d5d84af67ff0fadc4fcf84f12a17442f617
CLIENT_HANDSHAKE_TRAFFIC_SECRET 4700a7ed3930ff2a847c28cdc227ffcceb774e328065114b9ff9a0a321438090 d5c75ec246186df5821825aea96203b5fb12b4b0df83c363f3aefeff7ba4d334
SERVER_HANDSHAKE_TRAFFIC_SECRET 4700a7ed3930ff2a847c28cdc227ffcceb774e328065114b9ff9a0a321438090 cd77f7c5f9616e7f2f51b007aae17509cf59ff06ea28aa20ff5893ac787db47e
CLIENT_TRAFFIC_SECRET_0 4700a7ed3930ff2a847c28cdc227ffcceb774e328065114b9ff9a0a321438090 1b2f2c045ca7be18784d95b3c086db36362b95556e820276c284f458f6567a28
SERVER_TRAFFIC_SECRET_0 4700a7ed3930ff2a847c28cdc227ffcceb774e328065114b9ff9a0a321438090 a0c391a21ac01459d9ad6948d6a269fc95333e4d6cb3bcccc692ee67ae356568
EXPORTER_SECRET 4700a7ed3930ff2a847c28cdc227ffcceb774e328065114b9ff9a0a321438090 8baf74ff8e03167f78a84665d2cff88ad08bd3dfcec69f8a223a895bed648490
CLIENT_EARLY_TRAFFIC_SECRET 596ac29571354491e4167ced6be58695e662140ea305ae896dd964b904a42ed6 81b0e640cec87b163818c7e2a89d3fe26eac52cef933ed63477e217b7222b5b3
CLIENT_HANDSHAKE_TRAFFIC_SECRET 596ac29571354491e4167ced6be58695e662140ea305ae896dd964b904a42ed6 81c3c1e7a6750ad5ae8fc9c58ac430fa8abf2b0adde28438248f7a9f16d087a8
SERVER_HANDSHAKE_TRAFFIC_SECRET 596ac29571354491e4167ced6be58695e662140ea305ae896dd964b904a42ed6 cb2be3d16cd721f8ce2a4f3dd0213e3702c0f99887bdc4899405a209ee9d0a9e
CLIENT_TRAFFIC_SECRET_0 596ac29571354491e4167ced6be58695e662140ea305ae896dd964b904a42ed6 d30bd55eb6045e0a6a5ab09b83ed41a0efa001edbb4fda2625a81519375a626d
SERVER_TRAFFIC_SECRET_0 596ac29571354491e4167ced6be58695e662140ea305ae896dd964b904a42ed6 c60977cae8bcaff478ec16e8cd63abf023b332b263f42b86d0d26d359257ce38
EXPORTER_SECRET 596ac29571354491e4167ced6be58695e662140ea305ae896dd964b904a42ed6 3efaaf79b842ad0bfdf38f1bc7ff5d1939ba346642bc277e04ee133f02851a96
CLIENT_EARLY_TRAFFIC_SECRET 539302b9dda8bf7ba6723119c2b54cef0273bb9ffbdd47f2521ba8c05ab9e7a3 1bc8df2aa8b0cdbda780c9c60391e9ad7618681cd7bb7b5416744374bdf90935
CLIENT_HANDSHAKE_TRAFFIC_SECRET 539302b9dda8bf7ba6723119c2b54cef0273bb9ffbdd47f2521ba8c05ab9e7a3 276bc4699a76bdf64e548a4eb402bf62b5bddffc99d6327d25010cea5f85d462
SERVER_HANDSHAKE_TRAFFIC_SECRET 539302b9dda8bf7ba6723119c2b54cef0273bb9ffbdd47f2521ba8c05ab9e7a3 7880db806fb66c4cd32d923e943748af4511a2f1d3c068ff9d2bf42fc5beabef
CLIENT_TRAFFIC_SECRET_0 539302b9dda8bf7ba6723119c2b54cef0273bb9ffbdd47f2521ba8c05ab9e7a3 70254fae4ef905b9e5ea2f795f3e9d3c43a8d4ab052f3fc4666bb5a9de699127
SERVER_TRAFFIC_SECRET_0 539302b9dda8bf7ba6723119c2b54cef0273bb9ffbdd47f2521ba8c05ab9e7a3 172e6c0fb3267aaa5e97bc4b4ea2ef89b08ff1e7c1e28e878bfc86203e460acc
EXPORTER_SECRET 539302b9dda8bf7ba6723119c2b54cef0273bb9ffbdd47f2521ba8c05ab9e7a3 d9a2f7a88cd74ee3140dd6253c46e67c56d9f42c38c2783c8ea10725f9883b94
CLIENT_HANDSHAKE_TRAFFIC_SECRET 2437164192aeea5f22f02c7a9d4895126c1639fc52d03751ad48a364ee596f23 af8c167dd6c2304e8242dc9984f8d0b4ec6140ff398cacea0d3df5f9ea48ec50
SERVER_HANDSHAKE_TRAFFIC_SECRET 2437164192aeea5f22f02c7a9d4895126c1639fc52d03751ad48a364ee596f23 d05a13489d05a08a49af792b3d7674278857e39fc80e3e861a09cc03494fb636
CLIENT_HANDSHAKE_TRAFFIC_SECRET 409b3e560261f86acaeae24f6c8f2e6a29497a42d9d28d18c6512512ca366aba c63be5103c42a75407ca3ea83212d3509072ce506d6914e2b34010a4ed07c88a
SERVER_HANDSHAKE_TRAFFIC_SECRET 409b3e560261f86acaeae24f6c8f2e6a29497a42d9d28d18c6512512ca366aba 53de4acab0f586bb5718040da8add0bdd04720e8ffcdf544cd2b921f61e6ceb8
CLIENT_HANDSHAKE_TRAFFIC_SECRET 317a5920c57cf5c98a37134f27e69db77067f126b020ce57d9e9eea5ba8f8abe 0a5ade434be650811ef6067fb7d38d6ef2fa8c205faabbb67efa2f7ae3d63c75
SERVER_HANDSHAKE_TRAFFIC_SECRET 317a5920c57cf5c98a37134f27e69db77067f126b020ce57d9e9eea5ba8f8abe d3b8ee8740573775ded544c4b3162f2440f3e4c8091242a4f22c3493c3868a57
CLIENT_HANDSHAKE_TRAFFIC_SECRET 8e8c4f50e016bff337e306218996d360c852fc5053b4822dfe0f9faa95fa30dd d1d9f76fcd4ef1980501d9ef021185951ccaec5fb60a0ae1734ab123ddd7b395
SERVER_HANDSHAKE_TRAFFIC_SECRET 8e8c4f50e016bff337e306218996d360c852fc5053b4822dfe0f9faa95fa30dd 1649ea4286c94031d4bab10ced059557a78da9560efe7ca94a43013d82a08e74
CLIENT_HANDSHAKE_TRAFFIC_SECRET fe8ed1bac8b5e71ea40b198a29f7db3c2b01d1d8ae180d13d4e731cb7cada9c4 15e8b888d0024f81d91a1cb8f1c295fbc135fe958b4dfd9156395b5568c0ab5e
SERVER_HANDSHAKE_TRAFFIC_SECRET fe8ed1bac8b5e71ea40b198a29f7db3c2b01d1d8ae180d13d4e731cb7cada9c4 6aaa7a003c11ff48ab3c4d7d8c912324a341c9ab87db660a5cdeb0d423f5749d
CLIENT_HANDSHAKE_TRAFFIC_SECRET 0147b868a7a67040ef98eb0c1819cc3946fcad07a7b2a1030c021802b5c86e2d 58d165a7fb2e92c5e2ffae311e563d8c5f9842755344040a95f7571da1c45bdd
SERVER_HANDSHAKE_TRAFFIC_SECRET 0147b868a7a67040ef98eb0c1819cc3946fcad07a7b2a1030c021802b5c86e2d ed89cfdf33991fbab3251d1484fa48cae19689055857ebd8f24f8e89a95095eb
CLIENT_TRAFFIC_SECRET_0 2437164192aeea5f22f02c7a9d4895126c1639fc52d03751ad48a364ee596f23 32b9bb87e815488694f385617ace508d84a75d927e73ee9fefd0b2ab7f7865e8
SERVER_TRAFFIC_SECRET_0 2437164192aeea5f22f02c7a9d4895126c1639fc52d03751ad48a364ee596f23 bd7596b034ac01586557ebbe34bd805f3cc0396cba28c5bade1abdcfe7d5c7c3
EXPORTER_SECRET 2437164192aeea5f22f02c7a9d4895126c1639fc52d03751ad48a364ee596f23 79e605472856e14ee1d99b46a025dc9017c643a7efb106e17df0a1865c41a9e3
CLIENT_TRAFFIC_SECRET_0 409b3e560261f86acaeae24f6c8f2e6a29497a42d9d28d18c6512512ca366aba bfece8cbfdbdf43bf52526f6bfab0734a3520c808a83d694f66c082b9b757df7
SERVER_TRAFFIC_SECRET_0 409b3e560261f86acaeae24f6c8f2e6a29497a42d9d28d18c6512512ca366aba d94cd8b9004d5c76705d1cae81699df7db3a8e84356d4a31058b83396d3849cf
EXPORTER_SECRET 409b3e560261f86acaeae24f6c8f2e6a29497a42d9d28d18c6512512ca366aba 59ddfb262b3e567b308c8b1fdd59f6374c89b3db014faa70021cd8c3c4215efb
CLIENT_TRAFFIC_SECRET_0 317a5920c57cf5c98a37134f27e69db77067f126b020ce57d9e9eea5ba8f8abe c12df6e262e8a8f8491aac45c97b379c5ac11a5fb936ce8ad1ed4c54a4514333
SERVER_TRAFFIC_SECRET_0 317a5920c57cf5c98a37134f27e69db77067f126b020ce57d9e9eea5ba8f8abe 64e0ff2f5649d4fd3185dc871ef009fe437b86b4006dc76b130e1b817b31484b
EXPORTER_SECRET 317a5920c57cf5c98a37134f27e69db77067f126b020ce57d9e9eea5ba8f8abe 39b4b8febad0058b00a0744e8d033e34b9cd71de5d598f2ce277c734978cb495
CLIENT_TRAFFIC_SECRET_0 8e8c4f50e016bff337e306218996d360c852fc5053b4822dfe0f9faa95fa30dd 4cc9fa48e4dd6434a6a034b0ed16dce334e334b6f803e841e1f43631c61516af
SERVER_TRAFFIC_SECRET_0 8e8c4f50e016bff337e306218996d360c852fc5053b4822dfe0f9faa95fa30dd a2b2fe627b61e51e0799e8536ad06eb7bbfd794a74a2a15feebd1f593939a971
EXPORTER_SECRET 8e8c4f50e016bff337e306218996d360c852fc5053b4822dfe0f9faa95fa30dd 7817b3741e68f4cd3b6bc2bb2ecbfe95252fb9323284f64447d835cb68dfddb1
CLIENT_TRAFFIC_SECRET_0 fe8ed1bac8b5e71ea40b198a29f7db3c2b01d1d8ae180d13d4e731cb7cada9c4 3a2303fc152055078f4395eec6a68d430d422ec06013660d62f412f64ecd88ad
SERVER_TRAFFIC_SECRET_0 fe8ed1bac8b5e71ea40b198a29f7db3c2b01d1d8ae180d13d4e731cb7cada9c4 da6793fdbdf2de07aa6354c80dba49a04dd50bfdd6d72d0d4749ed6a372a1902
EXPORTER_SECRET fe8ed1bac8b5e71ea40b198a29f7db3c2b01d1d8ae180d13d4e731cb7cada9c4 93e534af33220fe40597b93d46f2f33b1b6c3a0fcbe2338fe89b3bc8a9e4ceb9
CLIENT_EARLY_TRAFFIC_SECRET 1f38509e3fc1ae1272ac6811e4e23e0e3fe409c97779c9da309e311fdfb91638 2845d15fcab1c8c3ec5800632fce93e08156da3add415502001fa17c3717148b
CLIENT_HANDSHAKE_TRAFFIC_SECRET 1f38509e3fc1ae1272ac6811e4e23e0e3fe409c97779c9da309e311fdfb91638 18010522c8c08093a3c26ca2075704fbcd50471ead7d638d91b69854a10dc92b
SERVER_HANDSHAKE_TRAFFIC_SECRET 1f38509e3fc1ae1272ac6811e4e23e0e3fe409c97779c9da309e311fdfb91638 b9abc3f0494a53bce61bdb3ddc327855cd1c707a36a6059df0b9f20533d12d7f
CLIENT_TRAFFIC_SECRET_0 1f38509e3fc1ae1272ac6811e4e23e0e3fe409c97779c9da309e311fdfb91638 950db016594da79abc8ff4918839fd346b40b09bf3d7c8bd9be115dc47a9f37a
SERVER_TRAFFIC_SECRET_0 1f38509e3fc1ae1272ac6811e4e23e0e3fe409c97779c9da309e311fdfb91638 919a699945873e89cd6082a5ecc13552cbab3921d3ce52fdd72174c00089c1bb
EXPORTER_SECRET 1f38509e3fc1ae1272ac6811e4e23e0e3fe409c97779c9da309e311fdfb91638 4b6633ca8545c839e1f4725641a06633e14c957494a29053584e066bb37151ec
CLIENT_EARLY_TRAFFIC_SECRET 3425ed68c69db2881313514f17739c3003f36a064f5f60ae25bcd44455e6600e 23f2ed0a7213f117d96db301a09ac6ab7df06272e7f03ca4c572e30e8a0fe1f6
CLIENT_HANDSHAKE_TRAFFIC_SECRET 3425ed68c69db2881313514f17739c3003f36a064f5f60ae25bcd44455e6600e 74cd779cb73c6283c71be4cec08c86291f6e3afb7251bdb6b81513f022d14551
SERVER_HANDSHAKE_TRAFFIC_SECRET 3425ed68c69db2881313514f17739c3003f36a064f5f60ae25bcd44455e6600e 7c0387c39ebe0b5236e4af8a2bc05e45ed1fe3af3b737d7dbaeb08910e9544e2
CLIENT_TRAFFIC_SECRET_0 3425ed68c69db2881313514f17739c3003f36a064f5f60ae25bcd44455e6600e 58d5f27cca562806cb7600be9d142f4df897c673a663f28bd0a7c1520e4b993f
SERVER_TRAFFIC_SECRET_0 3425ed68c69db2881313514f17739c3003f36a064f5f60ae25bcd44455e6600e 8782c295bb71103beedfe00f11278449f30dc3b29b180a1603b66e60f8f95d12
EXPORTER_SECRET 3425ed68c69db2881313514f17739c3003f36a064f5f60ae25bcd44455e6600e 9493ee82ef12f5ed4e429ac3485852ee17b05962069c57511580713edfcd2449
CLIENT_EARLY_TRAFFIC_SECRET eaae678aaac20fc9b84e90e20e8118b9528bd7c19e8df62a9c9a7926367ba5f6 8b35336dcb03b9d220b35157dca6091b9dc042ed5c8d464d08615c8237d4a17f
CLIENT_HANDSHAKE_TRAFFIC_SECRET eaae678aaac20fc9b84e90e20e8118b9528bd7c19e8df62a9c9a7926367ba5f6 a2cb7e5f78f8cf06bfd871d685d92a5f31cbd7cc0167c87a976fa260c8666413
SERVER_HANDSHAKE_TRAFFIC_SECRET eaae678aaac20fc9b84e90e20e8118b9528bd7c19e8df62a9c9a7926367ba5f6 4932f73ca75fcc2ad86ea7dbc4bedee60cc4c4f5262b927e88a1f51ecfb06e04
CLIENT_TRAFFIC_SECRET_0 eaae678aaac20fc9b84e90e20e8118b9528bd7c19e8df62a9c9a7926367ba5f6 5a0f1e5fbce256148f51669d113592f15bcef983a8daa3f21b680b37f7da39ef
SERVER_TRAFFIC_SECRET_0 eaae678aaac20fc9b84e90e20e8118b9528bd7c19e8df62a9c9a7926367ba5f6 86ad1b6f49ab83bc1d713449aa20c84327ceca0d278ad142431755a84b13a9f9
EXPORTER_SECRET eaae678aaac20fc9b84e90e20e8118b9528bd7c19e8df62a9c9a7926367ba5f6 ffaf9849d7aa37f0011c00f184c36af0cd8b4501b20555b73a15d4166ded1c95
CLIENT_HANDSHAKE_TRAFFIC_SECRET 8d315cd35ec029f3b9b46801248eeef939c09e67b5279923c2527c35823e517b bc37ae4518ed8424b9d84b390fbbf8d290e506eb07814bd08188dcecaa22c830
SERVER_HANDSHAKE_TRAFFIC_SECRET 8d315cd35ec029f3b9b46801248eeef939c09e67b5279923c2527c35823e517b 7fae5f475a1652868fba4108612a5d63f1cae8b9bcba2bdd10c166da3d462262
CLIENT_HANDSHAKE_TRAFFIC_SECRET ad4459e7d7cd106ead7dfea94e558361e2a9347747cedcf18399138c8068a2c7 72f810634cfc05cd8a0d04e476c185846d88f6a2ec72c342449c2c782586b619
SERVER_HANDSHAKE_TRAFFIC_SECRET ad4459e7d7cd106ead7dfea94e558361e2a9347747cedcf18399138c8068a2c7 c6df969c0b7785a66ff6b24310d83adbba1c43a48aae865ed19eca65c89b42af
CLIENT_HANDSHAKE_TRAFFIC_SECRET e27ad88805e770adfb033f95b7da5d7c026e64cbc0ad6682d61b841c3919958f 06dedb58192a0f37bcf8bf1c903c22d44500a4f3e9a30e553385add4d4dab158
SERVER_HANDSHAKE_TRAFFIC_SECRET e27ad88805e770adfb033f95b7da5d7c026e64cbc0ad6682d61b841c3919958f 1b942ecce261fc1ce4b358145a51e80fcdfb0f595ae15188fa5574fa1a589274
CLIENT_TRAFFIC_SECRET_0 8d315cd35ec029f3b9b46801248eeef939c09e67b5279923c2527c35823e517b 28781a1dcb47c08ee8e84a0334e28805e0a537d1d124d61cfaf17f61d4b54fe5
SERVER_TRAFFIC_SECRET_0 8d315cd35ec029f3b9b46801248eeef939c09e67b5279923c2527c35823e517b 6fe4d0bc0ee6136439e63d6ea6725956475eb67bb82441143de65802e7465258
EXPORTER_SECRET 8d315cd35ec029f3b9b46801248eeef939c09e67b5279923c2527c35823e517b 905fc9b3bbf7c87548d89f33252bff29840e7804ab3e34073cb6ac79a36db0e7
CLIENT_TRAFFIC_SECRET_0 ad4459e7d7cd106ead7dfea94e558361e2a9347747cedcf18399138c8068a2c7 3a70304d557f91410371c8b9fd09a1610ef5be089a684422e2ef34455b255b53
SERVER_TRAFFIC_SECRET_0 ad4459e7d7cd106ead7dfea94e558361e2a9347747cedcf18399138c8068a2c7 143cd9e9760417a512a7919c4ce0b025e80cd035b3515dafc9ca7e4fc7ffe99d
EXPORTER_SECRET ad4459e7d7cd106ead7dfea94e558361e2a9347747cedcf18399138c8068a2c7 d78c6f508f4e86d030b655c0a3b12c9de4e1d7f3e4745c495949a58efc485635
CLIENT_TRAFFIC_SECRET_0 e27ad88805e770adfb033f95b7da5d7c026e64cbc0ad6682d61b841c3919958f a6491e8ad95ebfff9b4a530a120aaaf6c165731e8affb17a12b56545d7ae512f
SERVER_TRAFFIC_SECRET_0 e27ad88805e770adfb033f95b7da5d7c026e64cbc0ad6682d61b841c3919958f aa22e88dcbc40c19d06d087ad5083faecdf9e66af03548f42e3e8f9556651be7
EXPORTER_SECRET e27ad88805e770adfb033f95b7da5d7c026e64cbc0ad6682d61b841c3919958f 48fbbee864f1313b4457a276423a16d4178c0cfec3c6fceb65ce660340539b82
CLIENT_HANDSHAKE_TRAFFIC_SECRET f7f4810d4e9d2ab285ab3bde906aafa9918e165754411194d363e8d1a8920f9d a345d199e93961bedd290ca65ddcbb88e47e49ea2075713e2ffda05571aeece8
SERVER_HANDSHAKE_TRAFFIC_SECRET f7f4810d4e9d2ab285ab3bde906aafa9918e165754411194d363e8d1a8920f9d 8c65ad684bb823e787b15f0c2279db006f0d7c4c10b6f09b7d9d492d9e07f360
CLIENT_TRAFFIC_SECRET_0 f7f4810d4e9d2ab285ab3bde906aafa9918e165754411194d363e8d1a8920f9d e1e2171de748263df3a901de8aae9769cba91cf9802aa7fbc721fb4d25080876
SERVER_TRAFFIC_SECRET_0 f7f4810d4e9d2ab285ab3bde906aafa9918e165754411194d363e8d1a8920f9d b7c0c437a90f4495d225be48e6956bc7aae8749c44535835febff635f3376a59
EXPORTER_SECRET f7f4810d4e9d2ab285ab3bde906aafa9918e165754411194d363e8d1a8920f9d 6351790d7e704796bb79ce3f4948851908d031c0d9e3ae1bce5716af697d2161
CLIENT_EARLY_TRAFFIC_SECRET 1860ab34d94d67a8527e00d4133bc57089ee4e86e8b5378fbff7f5ed498983ac b4c1019ad3b97efbc5730939779bc09960a7e1a860e15832d8e62f7e0837519b
CLIENT_HANDSHAKE_TRAFFIC_SECRET 1860ab34d94d67a8527e00d4133bc57089ee4e86e8b5378fbff7f5ed498983ac 09aaa7ece37561354c929620126a008f4aea3f0ccc5fda7976df1bfb7c0a1ec0
SERVER_HANDSHAKE_TRAFFIC_SECRET 1860ab34d94d67a8527e00d4133bc57089ee4e86e8b5378fbff7f5ed498983ac cbab84479e3a26e06ca1d0fa44e5ded6f011dc73de24e053b3ae108c69d600d5
CLIENT_TRAFFIC_SECRET_0 1860ab34d94d67a8527e00d4133bc57089ee4e86e8b5378fbff7f5ed498983ac 500fb102cc368c88c4631b4a6ad1e56ac24becd4c08a69126374320e9139cc31
SERVER_TRAFFIC_SECRET_0 1860ab34d94d67a8527e00d4133bc57089ee4e86e8b5378fbff7f5ed498983ac 449a646528293adc3d7b56bb6f667c5c5be6ba8a42cddb12e04e4623d71c6641
EXPORTER_SECRET 1860ab34d94d67a8527e00d4133bc57089ee4e86e8b5378fbff7f5ed498983ac 1443480aaaf9e58b221212b5db425d0887e54d2e38728b25fbda0a868f26a871
CLIENT_HANDSHAKE_TRAFFIC_SECRET 01fe05e278e8b4f35e8bb6420e1c50d91be7d42670bd9e1906ca23e72953cc72 e24c4b1e497c9c9172465efe957e5de9d640da89f97a72d8f21cf64b247c4c78
SERVER_HANDSHAKE_TRAFFIC_SECRET 01fe05e278e8b4f35e8bb6420e1c50d91be7d42670bd9e1906ca23e72953cc72 15ddc4287b6717ac0ac87cfddb10459c785e38f8c570b288297867b6461c2c11
CLIENT_TRAFFIC_SECRET_0 01fe05e278e8b4f35e8bb6420e1c50d91be7d42670bd9e1906ca23e72953cc72 399172c4d72a0c8943666c0772fa648f618d2639bedc74816a7a05ab951e46b4
SERVER_TRAFFIC_SECRET_0 01fe05e278e8b4f35e8bb6420e1c50d91be7d42670bd9e1906ca23e72953cc72 38bd85840894d0ff6e1e0d88f690bdb443e2b1732f7712125cae04455617f38f
EXPORTER_SECRET 01fe05e278e8b4f35e8bb6420e1c50d91be7d42670bd9e1906ca23e72953cc72 0e27589d66e8ecf9fb57cfc03cb302a7902ae62a8ad5258f5182437181d5c36a
CLIENT_HANDSHAKE_TRAFFIC_SECRET 367d41798493d5b75cc3e430015a786e4077d5acdc1b6d325353fe5743fad59f 11ddf7d60b5242b95bca890019dc28c92f330587935774f215bbab60046ea533
SERVER_HANDSHAKE_TRAFFIC_SECRET 367d41798493d5b75cc3e430015a786e4077d5acdc1b6d325353fe5743fad59f b835032248cf8c9bfba186bfaf7b043df469a6dd581d36ccda68cb7cec157fa1
CLIENT_TRAFFIC_SECRET_0 367d41798493d5b75cc3e430015a786e4077d5acdc1b6d325353fe5743fad59f 9a7bdbd63a6b6f7c8c46497f3a515661ea1229a771f7e65940cff88461e9993b
SERVER_TRAFFIC_SECRET_0 367d41798493d5b75cc3e430015a786e4077d5acdc1b6d325353fe5743fad59f 3502eedd1653bc6881a7ec06ebbf564f099802881af2582f45445a361fbf6adb
EXPORTER_SECRET 367d41798493d5b75cc3e430015a786e4077d5acdc1b6d325353fe5743fad59f 0b7e21765999cd7c178030203723a684a5fd696402c3c24f7ee6013c775c0164
CLIENT_HANDSHAKE_TRAFFIC_SECRET 91716b8d2271889138101cd6295e2fb7525201ea552abc45bb4fac0f25a1390e c4eff6c709373e69aebdef8b799c6bc9c541a8a71f96486d7b1e6378196bc058
SERVER_HANDSHAKE_TRAFFIC_SECRET 91716b8d2271889138101cd6295e2fb7525201ea552abc45bb4fac0f25a1390e 4b35a759e5c019cdb03bd015e744de49af60c3c17f1d414bb61f01713446d5fe
CLIENT_TRAFFIC_SECRET_0 91716b8d2271889138101cd6295e2fb7525201ea552abc45bb4fac0f25a1390e 9e9a2e3b49356b7ecf839fd4156d564ccb4ab342e42816075aa177cf503d4207
SERVER_TRAFFIC_SECRET_0 91716b8d2271889138101cd6295e2fb7525201ea552abc45bb4fac0f25a1390e eb348af7dedbb4d0d7cf15648e3646fe10b4d0c7c8022c8da3e94e93c04068b9
EXPORTER_SECRET 91716b8d2271889138101cd6295e2fb7525201ea552abc45bb4fac0f25a1390e deeda915791338e38b66c501c40a03ef624ce23d71ec68566a304ef40a651a46
CLIENT_HANDSHAKE_TRAFFIC_SECRET d5f5c3ec20e29b43db7423925852b88f15f28b4e8a04b7015e9ce3ba0dd78499 298c373399bd55988a5fc84875e1c14ffed9c4132f013e82e734ce092beca578
SERVER_HANDSHAKE_TRAFFIC_SECRET d5f5c3ec20e29b43db7423925852b88f15f28b4e8a04b7015e9ce3ba0dd78499 b554ba773a424946b6ebe3991e35e1e730d23c6fea26f96c04aca41e62ac7763
CLIENT_TRAFFIC_SECRET_0 d5f5c3ec20e29b43db7423925852b88f15f28b4e8a04b7015e9ce3ba0dd78499 308309aac299d4d92e34c270e80cae817f1938afcac18afab60d3b79085c316f
SERVER_TRAFFIC_SECRET_0 d5f5c3ec20e29b43db7423925852b88f15f28b4e8a04b7015e9ce3ba0dd78499 1f5fd70f358498e7ff7b12f125e6a7693c98efcdbe27df77ca8440d52d63ccb7
EXPORTER_SECRET d5f5c3ec20e29b43db7423925852b88f15f28b4e8a04b7015e9ce3ba0dd78499 6af5cfb26d6d2b9195199e9f94bf06ea8093262fffec3dced84357ab330605d3
CLIENT_HANDSHAKE_TRAFFIC_SECRET 362d50ab4a425a7307be117ee254a811f9d389f87d29fbf7fa17a21efcb4b3d3 90d776261cec40b5a86ba8c58df0a6ea4edda03b4b3b504f97cf51e86cead356
SERVER_HANDSHAKE_TRAFFIC_SECRET 362d50ab4a425a7307be117ee254a811f9d389f87d29fbf7fa17a21efcb4b3d3 035b23311f3cce3b78ae9a38de3ddcbab2b84a3e04b31b006fc66f0e02d53c77
CLIENT_TRAFFIC_SECRET_0 362d50ab4a425a7307be117ee254a811f9d389f87d29fbf7fa17a21efcb4b3d3 0d087448d190b6438793e881e3f583eb49b5c7ea0ded2ce79926106a5a71d97c
SERVER_TRAFFIC_SECRET_0 362d50ab4a425a7307be117ee254a811f9d389f87d29fbf7fa17a21efcb4b3d3 fb935da1fea300d396e43036f43707106322d6b30935bed684f0f470a0e2d8bd
EXPORTER_SECRET 362d50ab4a425a7307be117ee254a811f9d389f87d29fbf7fa17a21efcb4b3d3 6fbc00c11e5acf731f8fa242f9db7eeb2d8301e46947a40d31e23ce3be9a0a00
CLIENT_HANDSHAKE_TRAFFIC_SECRET e93b7c50996d8136ae37adf1e12720717a86bddc0616f4fd1f7a379e5b3bf37d 2affd9dd2efc1afaf44eb2045475859ea3beda4003d8b1f54b8eda27fb790bdc
SERVER_HANDSHAKE_TRAFFIC_SECRET e93b7c50996d8136ae37adf1e12720717a86bddc0616f4fd1f7a379e5b3bf37d 91e196dc7701b1f003aa47ce0a6e37b27f9339563d6512c8a234090a45c45579
CLIENT_TRAFFIC_SECRET_0 e93b7c50996d8136ae37adf1e12720717a86bddc0616f4fd1f7a379e5b3bf37d 83c903ea49e7774016fd25b2610b6e37cda3a5b983e31013a3e54e6824626a44
SERVER_TRAFFIC_SECRET_0 e93b7c50996d8136ae37adf1e12720717a86bddc0616f4fd1f7a379e5b3bf37d 50b80ae94eb0733c09b4a8038b44e6b140043f9de8b9c3367bbf4be286c65646
EXPORTER_SECRET e93b7c50996d8136ae37adf1e12720717a86bddc0616f4fd1f7a379e5b3bf37d 9e989cd35c3471f7e2645ee1fdc2345d309e03c8652050f46fe0229caf32ee9d
CLIENT_HANDSHAKE_TRAFFIC_SECRET 16ab1b180a7ed80550304a0d388a1c190fd783b4b3d70703a6dab7486720e043 4d4f72e9a3b63a2a5f52fce38f465ee5ccbf265a7d35c512d22a6d1c4afb350c
SERVER_HANDSHAKE_TRAFFIC_SECRET 16ab1b180a7ed80550304a0d388a1c190fd783b4b3d70703a6dab7486720e043 9f70c80e5c58015f3de11813fa33a1891d6e5a0a4404b436cb3013fcf29e8a9f
CLIENT_TRAFFIC_SECRET_0 16ab1b180a7ed80550304a0d388a1c190fd783b4b3d70703a6dab7486720e043 31aacfe201230661f50938854591f8ed8a58739d91720e8da319a8631a21ca20
SERVER_TRAFFIC_SECRET_0 16ab1b180a7ed80550304a0d388a1c190fd783b4b3d70703a6dab7486720e043 725e5fa7d5b522eaf3cb4e965c24ea8899c4d208c119162b7ebadf9a76c00a79
EXPORTER_SECRET 16ab1b180a7ed80550304a0d388a1c190fd783b4b3d70703a6dab7486720e043 786eb4f61ccdb981efa32de85121f0140280098c7071141ac4e87b3c6bf89c8a
CLIENT_HANDSHAKE_TRAFFIC_SECRET d1bdc2b53c6023ee9640f8c392006278142cd2ab99f3184cf134d4c18a46f870 2f392f58ab1c011b50d86ec67d842fbecbc384e3a349082924a9851afb6d705c
SERVER_HANDSHAKE_TRAFFIC_SECRET d1bdc2b53c6023ee9640f8c392006278142cd2ab99f3184cf134d4c18a46f870 815687b64bb62a0f226768f22bfcd9e076ce0967267ae9f20ff2d28b31173f2a
CLIENT_TRAFFIC_SECRET_0 d1bdc2b53c6023ee9640f8c392006278142cd2ab99f3184cf134d4c18a46f870 a0d17be98b636847a1e0338e1f13f96895fd68a96f0809bc1a045735f0f4754d
SERVER_TRAFFIC_SECRET_0 d1bdc2b53c6023ee9640f8c392006278142cd2ab99f3184cf134d4c18a46f870 ead3f17f689549af2c794b4a01d7a24f68163862d73db4e996a49dd229f4b7e2
EXPORTER_SECRET d1bdc2b53c6023ee9640f8c392006278142cd2ab99f3184cf134d4c18a46f870 933fd0f6996a594cbb0d8ef07ee41735ae802e3adceb8549479406aee6106f99
CLIENT_HANDSHAKE_TRAFFIC_SECRET c7d646aba1987028daa5f5d392d919a9d76a06c15f5406f6facd0b337a9e8ae0 a07a02e63af373b90e5b9a18c90d02af2af4629d88ce6f25e88f992dc6070f7d
SERVER_HANDSHAKE_TRAFFIC_SECRET c7d646aba1987028daa5f5d392d919a9d76a06c15f5406f6facd0b337a9e8ae0 8e90a9b942417a2eb36a0c73009dbfd26208a7b2a1f03073a29e2595fab7e73c
CLIENT_HANDSHAKE_TRAFFIC_SECRET 6b4f88c98fa18d938e8d0f9e2817850c022b00d833a865a4cb845efbe74ed3f6 592b54687c9338fdbf79525473412c6f99e98cd5b5f5accd5668444a795b97c3
SERVER_HANDSHAKE_TRAFFIC_SECRET 6b4f88c98fa18d938e8d0f9e2817850c022b00d833a865a4cb845efbe74ed3f6 a3ceff02accba604f01cfffddc060d7999dc7dac1275f66b0d4cb4e2a829b12b
CLIENT_HANDSHAKE_TRAFFIC_SECRET c805a9d891cffc746f4ee573321bf8d19ffb69804b8cfb799d24a721df0199b4 0d849ff9058b5dd9af7c934cb3af2b63602b0ca6f601b7a0e356f63129d9f239
SERVER_HANDSHAKE_TRAFFIC_SECRET c805a9d891cffc746f4ee573321bf8d19ffb69804b8cfb799d24a721df0199b4 bb45e8b6d2ff0ad7d28ebba835bad56b18fef4390ed704e077542676aa35084f
CLIENT_TRAFFIC_SECRET_0 c7d646aba1987028daa5f5d392d919a9d76a06c15f5406f6facd0b337a9e8ae0 8db717037429498e278dce694bc368016a489062b003aa6ffd405e7087a8e5b2
SERVER_TRAFFIC_SECRET_0 c7d646aba1987028daa5f5d392d919a9d76a06c15f5406f6facd0b337a9e8ae0 8692cd3a5b0700164613800777794aac27c0876569cb25761a28b1f17df18266
EXPORTER_SECRET c7d646aba1987028daa5f5d392d919a9d76a06c15f5406f6facd0b337a9e8ae0 91bc4b51f208f353ce94b73338f92e28c93a18884166492dded124e969c8b904
CLIENT_TRAFFIC_SECRET_0 c805a9d891cffc746f4ee573321bf8d19ffb69804b8cfb799d24a721df0199b4 123b7e805021db2de7780ded4f7349d1af1c2baa86fb8f0d0d6c8cc04b0905a5
SERVER_TRAFFIC_SECRET_0 c805a9d891cffc746f4ee573321bf8d19ffb69804b8cfb799d24a721df0199b4 fc0efe70f2a5731123af9d0660ebe692dff97f2ac9c0bdf5fc4b0a471020916b
EXPORTER_SECRET c805a9d891cffc746f4ee573321bf8d19ffb69804b8cfb799d24a721df0199b4 ba58030fd14f9e5f434410c51ee34a09171303213fe0d3dd9fe1feda4345567b
CLIENT_HANDSHAKE_TRAFFIC_SECRET 3cd0b9d4f14a033949dcac09891eb62d64556602918533531a34cb8b14636634 6cd351823ff7814cb37de93869bdbbd169bc1cb43bb0a2178ca8cc91a76834fa
SERVER_HANDSHAKE_TRAFFIC_SECRET 3cd0b9d4f14a033949dcac09891eb62d64556602918533531a34cb8b14636634 1aca9caae21c2ef3e793c5451f53346a3d8e1d1c30e2bd3bf21692d1fd3905e4
CLIENT_TRAFFIC_SECRET_0 3cd0b9d4f14a033949dcac09891eb62d64556602918533531a34cb8b14636634 709a4731d650cf41d816ad7e787dbe604f7d4170b3f5b3509aa8538b559dfd91
SERVER_TRAFFIC_SECRET_0 3cd0b9d4f14a033949dcac09891eb62d64556602918533531a34cb8b14636634 a048ec845fac6db59be68f2393878fc0faea3b48be545b784d6775a1fdbf7ced
EXPORTER_SECRET 3cd0b9d4f14a033949dcac09891eb62d64556602918533531a34cb8b14636634 e1c9cff6e831a22e4ab8782ec5c20ca7b174ba3e1a7d69a6ae33abadc9c28641
CLIENT_HANDSHAKE_TRAFFIC_SECRET b496a13859eac1af694c00de05786522c930ffa48d9dd574f3aa6d360a684884 4aeec0163ae623cba3d9d5c7d8ef9685535a98cf5557d5123de6f7925bce9353
SERVER_HANDSHAKE_TRAFFIC_SECRET b496a13859eac1af694c00de05786522c930ffa48d9dd574f3aa6d360a684884 fe499263ed7026988780d1695b4580b39483afa743caf65ace77bc53c5e7296b
CLIENT_TRAFFIC_SECRET_0 b496a13859eac1af694c00de05786522c930ffa48d9dd574f3aa6d360a684884 0de77e00ae6df9254848c915c0c5dbc5983f9ef77b18c2eb55599b8708f09922
SERVER_TRAFFIC_SECRET_0 b496a13859eac1af694c00de05786522c930ffa48d9dd574f3aa6d360a684884 c7bf23b2478e4770565dd8a54e52624bdcb62b01deac82d321ddf98083ff21fd
EXPORTER_SECRET b496a13859eac1af694c00de05786522c930ffa48d9dd574f3aa6d360a684884 1e068f167aa4ec228ca63255a97e82c5be68705d111ccd988102d05b5ec7398d
CLIENT_HANDSHAKE_TRAFFIC_SECRET 928328af96bc92b4893b6942d62d3ff49e897fd6d48469250b74047174d2dac2 bd92692f031af22320536a86048e8218ab56a617942b6ae29e7d9b4e76493161
SERVER_HANDSHAKE_TRAFFIC_SECRET 928328af96bc92b4893b6942d62d3ff49e897fd6d48469250b74047174d2dac2 46fb2329d10dadc3922bb96828b9ff331bb5460f9f17b153e6b73bf6216c74a6
CLIENT_TRAFFIC_SECRET_0 928328af96bc92b4893b6942d62d3ff49e897fd6d48469250b74047174d2dac2 bce108306f8130f5108ad14592286caefade89a60217ae2f2a9078e4bbc5a29a
SERVER_TRAFFIC_SECRET_0 928328af96bc92b4893b6942d62d3ff49e897fd6d48469250b74047174d2dac2 2c861883c617832fa73b80629feaac520c77d5a1379ea32939989f16dded536e
EXPORTER_SECRET 928328af96bc92b4893b6942d62d3ff49e897fd6d48469250b74047174d2dac2 0dbc01d101db1ed2dc86393d07de417d79f1261bbed9f3916a4626b5f4030387
CLIENT_HANDSHAKE_TRAFFIC_SECRET 65f3222aa5071707387e0087bade0a8161451c32eae6f01e4379061963726a2e 0f2971df34f48266d524796c0e6256898667c3123c222c59a43c79d7df0d6087
SERVER_HANDSHAKE_TRAFFIC_SECRET 65f3222aa5071707387e0087bade0a8161451c32eae6f01e4379061963726a2e 92e1eb0df0a13fe90fe76eed354034f74c11584249f261572c5db52ad9ce8283
CLIENT_HANDSHAKE_TRAFFIC_SECRET 31be3be6a087b48f74140869c8dc61039f2074ee5b4a75c9975736975be07c8a 9251121ecec22af7583310ccc21dfdfc1918a842091b002c01d1a21e9eb4e2e6
SERVER_HANDSHAKE_TRAFFIC_SECRET 31be3be6a087b48f74140869c8dc61039f2074ee5b4a75c9975736975be07c8a d1ca91c9f2f3e7c2e7be52e427aacd8d4f53f274ded167bd90a66bd9c8790664
CLIENT_HANDSHAKE_TRAFFIC_SECRET 10a6202400b9419625021439014c41f115e4b3fc31ef3ccf2aee24a6e27ba0aa 4d57cccfd13fdbe1973c4ff1ca314dcad8b3a9b793ff1275b731e2ffe29124dc
SERVER_HANDSHAKE_TRAFFIC_SECRET 10a6202400b9419625021439014c41f115e4b3fc31ef3ccf2aee24a6e27ba0aa 303757062f6e17588cecc02c49e729e6c85ddcc9d6966dd1173fa4840ebc51ca
CLIENT_TRAFFIC_SECRET_0 65f3222aa5071707387e0087bade0a8161451c32eae6f01e4379061963726a2e aa5c7631a1f1a8616f5610a348120362ef8b447b5084bfef852246f5090c68b4
SERVER_TRAFFIC_SECRET_0 65f3222aa5071707387e0087bade0a8161451c32eae6f01e4379061963726a2e 3e0dec88102dd7efe71b81c164fd9b4e3aec2e5b9d6e7c897e7fbcedd86752d2
EXPORTER_SECRET 65f3222aa5071707387e0087bade0a8161451c32eae6f01e4379061963726a2e 393d9d6a906b636d8ae560a12391b6e1a6e2e40a1a80e006d7a248ce65b92a3e
CLIENT_TRAFFIC_SECRET_0 10a6202400b9419625021439014c41f115e4b3fc31ef3ccf2aee24a6e27ba0aa 62955488625c45c0bee389ff73a0891bd66660ea6a4008227dac95a14f9fda96
SERVER_TRAFFIC_SECRET_0 10a6202400b9419625021439014c41f115e4b3fc31ef3ccf2aee24a6e27ba0aa c13ee3c4507f3408267eba5aa2339e481ff0ffb6ca20d532e31bf3e824513dc2
EXPORTER_SECRET 10a6202400b9419625021439014c41f115e4b3fc31ef3ccf2aee24a6e27ba0aa e3ecf2127109328b02b4e35c5d1eba2439b4a4232161b83423faf3b6b08f48cd
CLIENT_TRAFFIC_SECRET_0 31be3be6a087b48f74140869c8dc61039f2074ee5b4a75c9975736975be07c8a 55a18da3a3cb236d1c5f904268be6bba94410cf412aa426c4cab4fcbcbc24cba
SERVER_TRAFFIC_SECRET_0 31be3be6a087b48f74140869c8dc61039f2074ee5b4a75c9975736975be07c8a 8abf31bb814ced226f45586a5af24e84893957888cd6a8930ac038d09f73c62d
EXPORTER_SECRET 31be3be6a087b48f74140869c8dc61039f2074ee5b4a75c9975736975be07c8a bea4d03bf70abe491b7afe0bf53531a2bd8e6870fb88a5dc817318ce804f49cd
CLIENT_HANDSHAKE_TRAFFIC_SECRET 16e937439e900785e2d51bae663338eef7dbd9e650b8106124d0ee4a14be1a6b 77cafb10dd4871a887aaeaf966399279535a6622b9c5ca5b2692c81a586b90ab
SERVER_HANDSHAKE_TRAFFIC_SECRET 16e937439e900785e2d51bae663338eef7dbd9e650b8106124d0ee4a14be1a6b 28fff9c69e1e4af9abbe950ba48aa60021e7a8a115a7b0faadcf8fa18b7daadc
CLIENT_TRAFFIC_SECRET_0 16e937439e900785e2d51bae663338eef7dbd9e650b8106124d0ee4a14be1a6b 7f9730c88aae2de21d7c712b39ae519ca78cc983415e7cf0a76dd8cd356f907d
SERVER_TRAFFIC_SECRET_0 16e937439e900785e2d51bae663338eef7dbd9e650b8106124d0ee4a14be1a6b 3d73f4a9c1535fb5c5eb2c493ac5bcc8cf5e0d251a40247591d1148c0b289f82
EXPORTER_SECRET 16e937439e900785e2d51bae663338eef7dbd9e650b8106124d0ee4a14be1a6b cc3f106f385dac4c861ac69801b85f03f32ccc23da90a99cc26f85b62c40a32f
CLIENT_HANDSHAKE_TRAFFIC_SECRET 5dc5326cfe2817134efb25aea725e3d3dba74af531cdcc146bf3d207b8055a94 5bd506c49fa172399bca00f92825f04e68a3832b6c9d9c4cc2c25ba5f95eadad
SERVER_HANDSHAKE_TRAFFIC_SECRET 5dc5326cfe2817134efb25aea725e3d3dba74af531cdcc146bf3d207b8055a94 23cf6154ecfbfc9f6f7d012d1b29e42b523b69d53cb4b0f13eb3193e5f138156
CLIENT_TRAFFIC_SECRET_0 5dc5326cfe2817134efb25aea725e3d3dba74af531cdcc146bf3d207b8055a94 593204e315381c5a18c2d7cd89961a3b44c547ba4aaa7f48c29eacf83213da02
SERVER_TRAFFIC_SECRET_0 5dc5326cfe2817134efb25aea725e3d3dba74af531cdcc146bf3d207b8055a94 b24aac066352ac4c2d5156fb4506a2d1878cc742a3a1f96138e34723bffb67e8
EXPORTER_SECRET 5dc5326cfe2817134efb25aea725e3d3dba74af531cdcc146bf3d207b8055a94 27b36b32de9b9a1d97693c17adf21027167b56b38fa2850d71dcd2db15204a05
CLIENT_EARLY_TRAFFIC_SECRET 8d8442316e096d6cac17a0da80f5191d9a64016acda43c8e26dccdd39ac44fa8 483d44fd0374270695ded3f4de9177b2eeda85cbdb5e852ef235f21056d19b09
CLIENT_HANDSHAKE_TRAFFIC_SECRET 8d8442316e096d6cac17a0da80f5191d9a64016acda43c8e26dccdd39ac44fa8 4b1883b04dba2f16ba3891dad798dbcf7f85a9cb563a65eda793a685ea99aa9a
SERVER_HANDSHAKE_TRAFFIC_SECRET 8d8442316e096d6cac17a0da80f5191d9a64016acda43c8e26dccdd39ac44fa8 adb641f09a521f176218b38e544217d1aa0d8b244171b48f97ad678ce3322232
CLIENT_TRAFFIC_SECRET_0 8d8442316e096d6cac17a0da80f5191d9a64016acda43c8e26dccdd39ac44fa8 92fc7dc61da24f926cd75e2f42a5b6d59bbb73660fa54f345f437e7d66fb681a
SERVER_TRAFFIC_SECRET_0 8d8442316e096d6cac17a0da80f5191d9a64016acda43c8e26dccdd39ac44fa8 ca27af79f6a56270179646c46a5bc5ec488221c55feeace681d8c0d0eb448837
EXPORTER_SECRET 8d8442316e096d6cac17a0da80f5191d9a64016acda43c8e26dccdd39ac44fa8 1318921aff92d789c6e562f571084bbb8bc572f6455dc588852014cff6d50b72
CLIENT_HANDSHAKE_TRAFFIC_SECRET 4001036f0bfa8d4aec72cf70018f43bcba22d13c3b40c9763b093c4c90fb9be0 9c17efb540f6724020f27fa7f9e1bee2ee53a0a044616e39d14779f1611002a5
SERVER_HANDSHAKE_TRAFFIC_SECRET 4001036f0bfa8d4aec72cf70018f43bcba22d13c3b40c9763b093c4c90fb9be0 ffd2f8f525aea534d030ee348ac27872a637721929fbd552f003862b7132fdfb
CLIENT_TRAFFIC_SECRET_0 4001036f0bfa8d4aec72cf70018f43bcba22d13c3b40c9763b093c4c90fb9be0 0f5b13ed0dd53263183b485bfe2e733137ef6777afa3b5a8dce436963d1369c6
SERVER_TRAFFIC_SECRET_0 4001036f0bfa8d4aec72cf70018f43bcba22d13c3b40c9763b093c4c90fb9be0 50f246140b24bf9140dfc9295ebaaeb5f23e826373d4e8a096e650097f3fab4c
EXPORTER_SECRET 4001036f0bfa8d4aec72cf70018f43bcba22d13c3b40c9763b093c4c90fb9be0 74e8c90c5c1c57616406abce5f5ef34d47857f0ee27d9db9705879580203d62c
CLIENT_EARLY_TRAFFIC_SECRET 2689a233341e249bb26cf30d9d8757592bf273d47e7e5773b84271d3aa4fa2a2 261919b7b1937efd8098d39c8e79b54be2aa2ecc1057ee0397fd5cf1c7cb3a14
CLIENT_HANDSHAKE_TRAFFIC_SECRET 2689a233341e249bb26cf30d9d8757592bf273d47e7e5773b84271d3aa4fa2a2 2875a8dfb9fe9acc4e624b2f9539c5e261e6a21159ab1fce3cac6a5032fc8bff
SERVER_HANDSHAKE_TRAFFIC_SECRET 2689a233341e249bb26cf30d9d8757592bf273d47e7e5773b84271d3aa4fa2a2 6f3c6d20fb3913046b5302bb2c4299d5107e5457ff308f83a5042f403ac9b3c6
CLIENT_TRAFFIC_SECRET_0 2689a233341e249bb26cf30d9d8757592bf273d47e7e5773b84271d3aa4fa2a2 62c19228cf49f49bd2c6bd20bb98091a1b02e8db96e45022a34268b711308284
SERVER_TRAFFIC_SECRET_0 2689a233341e249bb26cf30d9d8757592bf273d47e7e5773b84271d3aa4fa2a2 18814dbe2f19bf6f93b0480959a7904316d4f1b33e857f3f26d595f15ba9ce9e
EXPORTER_SECRET 2689a233341e249bb26cf30d9d8757592bf273d47e7e5773b84271d3aa4fa2a2 ec9753b62bcd540dad1bd16887fd1665a1b98173ada09aeb73435376b450e0a6
CLIENT_EARLY_TRAFFIC_SECRET c2ec0deb2be861337660297160e272ee6a0a80dd108496e4b6ad3645ce0bba6c b0c14ea670860e89aca656583185e6a41bdcca102354d1d41c31c1e2dffa131e
CLIENT_HANDSHAKE_TRAFFIC_SECRET c2ec0deb2be861337660297160e272ee6a0a80dd108496e4b6ad3645ce0bba6c b4cc3e28b22869aaac5083fde80585952623fd36d5b0318df1e89629d4e9ca06
SERVER_HANDSHAKE_TRAFFIC_SECRET c2ec0deb2be861337660297160e272ee6a0a80dd108496e4b6ad3645ce0bba6c f02e4618092d0a08b09a2c3b2c145096b870bb15fddc6e4cd956f218b765214a
CLIENT_TRAFFIC_SECRET_0 c2ec0deb2be861337660297160e272ee6a0a80dd108496e4b6ad3645ce0bba6c c1cae02e2f06ffebd741aae0c8b32baaf789e33386c1a86a52b6a8683917cd4c
SERVER_TRAFFIC_SECRET_0 c2ec0deb2be861337660297160e272ee6a0a80dd108496e4b6ad3645ce0bba6c 8636cb5350a169e6f95558afe87c14dcf70a0b8a01b117c9fbefc47db28d1586
EXPORTER_SECRET c2ec0deb2be861337660297160e272ee6a0a80dd108496e4b6ad3645ce0bba6c cd6c5e3188407959a4eca490dfcbaf2e729c6738bbe14e1dae9e8d0a2ba8be18
CLIENT_HANDSHAKE_TRAFFIC_SECRET 1a6c0821e089d332595807bdfe34378e94e607954aefce07c2b7871b648aa3e2 dbca9e0a185f2a5a7d7969a8e2ab5f376466b06cba9dfdeb655cba6fd62f4601
SERVER_HANDSHAKE_TRAFFIC_SECRET 1a6c0821e089d332595807bdfe34378e94e607954aefce07c2b7871b648aa3e2 a626166edeb09e9eb771169d909dbea889e6ba2775d2be8dc78a777226324e9f
CLIENT_HANDSHAKE_TRAFFIC_SECRET 8f0ed5df55e37b47fce7cfab74234c5746fa4be480ab95b30473552090c6c79f 5dd0776b6d398a9c359a1c9a8eca1ced0c1a9901cd4d705fae6b856a0466a105
SERVER_HANDSHAKE_TRAFFIC_SECRET 8f0ed5df55e37b47fce7cfab74234c5746fa4be480ab95b30473552090c6c79f ecc73bb4e248f940eee50769be55ec58eed641c0c6680b13a676849f48848fde
CLIENT_HANDSHAKE_TRAFFIC_SECRET 5c67d7f1e01171f2e22b13fde56f5810520f546ff2be5162e354a0ccd532c696 c91e69fae50f0cbf32f271a261c62abc56d5d13066efab5dd4c5ee3279865d5f
SERVER_HANDSHAKE_TRAFFIC_SECRET 5c67d7f1e01171f2e22b13fde56f5810520f546ff2be5162e354a0ccd532c696 cd9610df4e1485b0828d323ddfd94ba140a1857c9d7eb08fe55b0f2befc7e812
CLIENT_TRAFFIC_SECRET_0 1a6c0821e089d332595807bdfe34378e94e607954aefce07c2b7871b648aa3e2 05e0d768f76816a036a3c4c9b27b0822acb0e45227429d0d7305c03dff510306
SERVER_TRAFFIC_SECRET_0 1a6c0821e089d332595807bdfe34378e94e607954aefce07c2b7871b648aa3e2 f76475b9e10d45ace00502060d5fe385a736835c55c5b71ffeedcadf04e410a9
EXPORTER_SECRET 1a6c0821e089d332595807bdfe34378e94e607954aefce07c2b7871b648aa3e2 0750260152fbcb5c098708682b32ea69b1864e3c67d3cf09929ca906e3146b2f
CLIENT_TRAFFIC_SECRET_0 8f0ed5df55e37b47fce7cfab74234c5746fa4be480ab95b30473552090c6c79f 4ff0c66551caabe7030141034578c25a35357ace25dc870309af610fd53392b5
SERVER_TRAFFIC_SECRET_0 8f0ed5df55e37b47fce7cfab74234c5746fa4be480ab95b30473552090c6c79f 33e524834594103be2aea2f82ef58fd3b86f00d63d6a0f74f7cfd2e5f8702ea4
EXPORTER_SECRET 8f0ed5df55e37b47fce7cfab74234c5746fa4be480ab95b30473552090c6c79f b15970f2112cb9bf0e2978649a8083e4946a1bf328c209996dcdf24f66284303
CLIENT_TRAFFIC_SECRET_0 5c67d7f1e01171f2e22b13fde56f5810520f546ff2be5162e354a0ccd532c696 79d7b76509f818f118d17164cbdbe3bc90e2fd13250dc8be300ba946f1c92b03
SERVER_TRAFFIC_SECRET_0 5c67d7f1e01171f2e22b13fde56f5810520f546ff2be5162e354a0ccd532c696 38b7a10b17bf179ec27f33626791d050f19b6c3b85f590b2864bd046d57c3f08
EXPORTER_SECRET 5c67d7f1e01171f2e22b13fde56f5810520f546ff2be5162e354a0ccd532c696 56491294e2b08f1ebf88314ebad6c5103b53ecaa64b96c4254b4f8d4c766b6a9
CLIENT_HANDSHAKE_TRAFFIC_SECRET 273fe29a8a7327706cfa78535326967ed44e5f4f68d070f134c4c56273af50c8 a539fc2493ecdced42e04a668eded56850d6ee0fbf08c379150ff9370be1576c5ea0b04cb1c1698345d8507a6a699da2
SERVER_HANDSHAKE_TRAFFIC_SECRET 273fe29a8a7327706cfa78535326967ed44e5f4f68d070f134c4c56273af50c8 8a787ccf360aad09b2971d2d25ef227fee572823ffa95c95656a7422430229d6f4827bc61745685489fb329c9d09b0c2
CLIENT_TRAFFIC_SECRET_0 273fe29a8a7327706cfa78535326967ed44e5f4f68d070f134c4c56273af50c8 a26302ff3711c71cc94f41bc9bd461595c944f39f0081e81c1ffcd0e676021014dcc841d418039a19cfa3a7494392d88
SERVER_TRAFFIC_SECRET_0 273fe29a8a7327706cfa78535326967ed44e5f4f68d070f134c4c56273af50c8 56ffcf70e26c15c84ad2612d7c717762b39b078849177b133814a1035a0034d2ca10ffe7f326a8c4f8ea9af3ae9fc102
EXPORTER_SECRET 273fe29a8a7327706cfa78535326967ed44e5f4f68d070f134c4c56273af50c8 b45534dd403bd9c4748cfe421aab28b88fb5ce3fc690fcd4e41d0fdb86b275bd2ed859f2d5e5fcca15fe066a0c3a1008
CLIENT_EARLY_TRAFFIC_SECRET 9913c63323299a0bebb8eb808dc058101fe62e1323b59481745e0284543396f1 f9ea3d86fd244834a99a6b2950237fff926d446151755269424d857c780c5c74
CLIENT_HANDSHAKE_TRAFFIC_SECRET 9913c63323299a0bebb8eb808dc058101fe62e1323b59481745e0284543396f1 e26e53e4d04f6d0aa1abd0ee3f1346e18b68367dcc3d6216371617b7bec7ca3c
SERVER_HANDSHAKE_TRAFFIC_SECRET 9913c63323299a0bebb8eb808dc058101fe62e1323b59481745e0284543396f1 8ff0ef34f3e01b0ebd0e2da7b4c674e867d3c55f443346c38462c4e3504192fb
CLIENT_TRAFFIC_SECRET_0 9913c63323299a0bebb8eb808dc058101fe62e1323b59481745e0284543396f1 d01210f503d2896cf57d867ca0a1b58af70cb75e3484f3fb8ea9f52e92b8fb4f
SERVER_TRAFFIC_SECRET_0 9913c63323299a0bebb8eb808dc058101fe62e1323b59481745e0284543396f1 4769a5d950251ca849da7ca3adb03a016f44c064318a4830539e4033423b158b
EXPORTER_SECRET 9913c63323299a0bebb8eb808dc058101fe62e1323b59481745e0284543396f1 655104023099c647099842e6586104ace00ee09713521e4ddb708472927c4e6d
CLIENT_EARLY_TRAFFIC_SECRET bffcd3427970443939d59f2c3148c7363fd4f4fd42587885df961045260c0c67 7b2f040059c5ed66e0b55dae1709264890eeeb35543eb57dee380175e5778e4e
CLIENT_HANDSHAKE_TRAFFIC_SECRET bffcd3427970443939d59f2c3148c7363fd4f4fd42587885df961045260c0c67 40c614c8ec24940f735e77d6c1add80d478d780207fdfee896b095cc77769f99
SERVER_HANDSHAKE_TRAFFIC_SECRET bffcd3427970443939d59f2c3148c7363fd4f4fd42587885df961045260c0c67 2976d8cfcb91457baa40d1e07fa40796edfa95db3ee85bf411892377aae5329e
CLIENT_TRAFFIC_SECRET_0 bffcd3427970443939d59f2c3148c7363fd4f4fd42587885df961045260c0c67 f2934968d195db84925b7c1fda222f7f07b8f5b96f3a822e19206ae7c0f31272
SERVER_TRAFFIC_SECRET_0 bffcd3427970443939d59f2c3148c7363fd4f4fd42587885df961045260c0c67 c013669d8e4592effaa18a4fbd44f37eecec1463ae3dce078571835e2dc57961
EXPORTER_SECRET bffcd3427970443939d59f2c3148c7363fd4f4fd42587885df961045260c0c67 66c23d13efc483622be4dc4faf93af85b2536076e35b297fea5549170d52c409
CLIENT_EARLY_TRAFFIC_SECRET fc9d2041dcdd70f83279bf5eb1616fafa6280d4fd020ba0bc0cdffe5b9d639e9 45217122b8160d9a483de09cf7eb812d4f9fb11b7dcdfae2f90d9412637a340c
CLIENT_HANDSHAKE_TRAFFIC_SECRET fc9d2041dcdd70f83279bf5eb1616fafa6280d4fd020ba0bc0cdffe5b9d639e9 80faf6dc8851f5739e09584ee655ff46986fa06d961f8cca62a0d76406240333
SERVER_HANDSHAKE_TRAFFIC_SECRET fc9d2041dcdd70f83279bf5eb1616fafa6280d4fd020ba0bc0cdffe5b9d639e9 8d6bebf21431be3cf24d78589812fab682e6132734ef0a7349801e97fd0e3fde
CLIENT_TRAFFIC_SECRET_0 fc9d2041dcdd70f83279bf5eb1616fafa6280d4fd020ba0bc0cdffe5b9d639e9 62a1762b1a0b102969ab9631ff095dc303fa193be28f0cdebe82313c33a5ddc4
SERVER_TRAFFIC_SECRET_0 fc9d2041dcdd70f83279bf5eb1616fafa6280d4fd020ba0bc0cdffe5b9d639e9 c9eecc11e4ced140cf979e26f0561dd06a66990b9e20186e2cb950361a7859c7
EXPORTER_SECRET fc9d2041dcdd70f83279bf5eb1616fafa6280d4fd020ba0bc0cdffe5b9d639e9 0d966b17d9b3a0991fe69c116e3f045d119a0cf632ac96238e1ceaadfc2c0577
CLIENT_EARLY_TRAFFIC_SECRET 94110366ab25b745f00c284893f70b1deb57fb661d6bd9a2929db76cbbe621fc ae84cc621b977408adbad046aed88061ad1b756bdcc2abcaaa419723ebb2a726
CLIENT_HANDSHAKE_TRAFFIC_SECRET 94110366ab25b745f00c284893f70b1deb57fb661d6bd9a2929db76cbbe621fc f7f92767d18988a565b7b9354ce76652cb8c5f085a5cfe8f6d785a3af7217fce
SERVER_HANDSHAKE_TRAFFIC_SECRET 94110366ab25b745f00c284893f70b1deb57fb661d6bd9a2929db76cbbe621fc 5fe47803a95e56a75f36955aeaa622fd49ce822dabbdd3950a74ca7fa026c8e5
CLIENT_TRAFFIC_SECRET_0 94110366ab25b745f00c284893f70b1deb57fb661d6bd9a2929db76cbbe621fc 3c109c6ee73a6a6c2f4323a4230043bba837cb2278948fe31c339811289649ce
SERVER_TRAFFIC_SECRET_0 94110366ab25b745f00c284893f70b1deb57fb661d6bd9a2929db76cbbe621fc c6a58fa95f28a01fa08845e8d40125e4cd0f126f4b875f95e5e43906d793aac0
EXPORTER_SECRET 94110366ab25b745f00c284893f70b1deb57fb661d6bd9a2929db76cbbe621fc 0c3217ba9f4f311ba4047486d41c9699f4a3de593ff9df252fbef3ef6993e35f
CLIENT_EARLY_TRAFFIC_SECRET 5f5a48ad87b71323641cc2b144bed4b518cfd35cc55a8f28fc4c57bb0a7c875a fc260762eea84432a6a757398d174420af505335830ccff98b86defa595f7f2d
CLIENT_HANDSHAKE_TRAFFIC_SECRET 5f5a48ad87b71323641cc2b144bed4b518cfd35cc55a8f28fc4c57bb0a7c875a cc233681913c258b24fbc8f8fd7760ffc8ee145c4c16d346b501860d2c884027
SERVER_HANDSHAKE_TRAFFIC_SECRET 5f5a48ad87b71323641cc2b144bed4b518cfd35cc55a8f28fc4c57bb0a7c875a 17f3f007fe9683ff89c749b4a29b297540674dd203db50833a3504f442555480
CLIENT_TRAFFIC_SECRET_0 5f5a48ad87b71323641cc2b144bed4b518cfd35cc55a8f28fc4c57bb0a7c875a b2a32dfcf1e829b0ad19e488bd980924bc7791ad1af46c42b86ad0f0251eed42
SERVER_TRAFFIC_SECRET_0 5f5a48ad87b71323641cc2b144bed4b518cfd35cc55a8f28fc4c57bb0a7c875a f1fd994f9da6a01bb204fc83ee86462064969b4a75e2c342a1d183e48b77b30e
EXPORTER_SECRET 5f5a48ad87b71323641cc2b144bed4b518cfd35cc55a8f28fc4c57bb0a7c875a ae20563107a75f921bf1c246df10ec108905154839edd60bed728445f09a6896
CLIENT_EARLY_TRAFFIC_SECRET 430b6f3b25ec5ee499ea134d939d8379008542603555dcb6f1bae733fc1a8306 269792a78c497122362cd9c0d9d99344181cb142cf6a4bfcb811d973fe0b2b94
CLIENT_HANDSHAKE_TRAFFIC_SECRET 430b6f3b25ec5ee499ea134d939d8379008542603555dcb6f1bae733fc1a8306 63b7c22e3703e5a32a2bd0ed1021a68e537cf48fd3fb7e988188100a44376067
SERVER_HANDSHAKE_TRAFFIC_SECRET 430b6f3b25ec5ee499ea134d939d8379008542603555dcb6f1bae733fc1a8306 d902913f017aab25e9858dc6f24f2f96dda1e97d83996b5f1494f2491bfde4a6
CLIENT_TRAFFIC_SECRET_0 430b6f3b25ec5ee499ea134d939d8379008542603555dcb6f1bae733fc1a8306 f857e942234f07df46b2a4720f12df550c62ca02722f4ab94a6a3352aa2ff210
SERVER_TRAFFIC_SECRET_0 430b6f3b25ec5ee499ea134d939d8379008542603555dcb6f1bae733fc1a8306 548b831464858a21f86fa4c66a53a6df7b290ba83f80db108dbf9bf4768d12a8
EXPORTER_SECRET 430b6f3b25ec5ee499ea134d939d8379008542603555dcb6f1bae733fc1a8306 1554b470549cc6d4e72332d19329f1eea0baff9a27fc6059e26c5fbce4723448
CLIENT_HANDSHAKE_TRAFFIC_SECRET eef5e76af1502ebc13a4b0640969ddc1288690b16902a65ebbba93dc27506b55 ae45f79be3f36643840b840a8a764cafc03db05aaacec7c5d09b2f6e28ad6097
SERVER_HANDSHAKE_TRAFFIC_SECRET eef5e76af1502ebc13a4b0640969ddc1288690b16902a65ebbba93dc27506b55 63a9c2b4787682d29905b88a940eabcd1b459508a817f4c0068961a30982e9fa
CLIENT_TRAFFIC_SECRET_0 eef5e76af1502ebc13a4b0640969ddc1288690b16902a65ebbba93dc27506b55 244bbe084720e8e7a6b5fa2f16c4d58c2eb0820f3195ca617d22a66eff04ce0e
SERVER_TRAFFIC_SECRET_0 eef5e76af1502ebc13a4b0640969ddc1288690b16902a65ebbba93dc27506b55 fe331298d0aafeb00308085cb6ba4b7cdeca10f44cfec18758d3e92ad9fd1953
EXPORTER_SECRET eef5e76af1502ebc13a4b0640969ddc1288690b16902a65ebbba93dc27506b55 c05094f489bd563638b85e04b20f23e41f1ed61e3ca2489ddc1a413e3fce10b6
CLIENT_HANDSHAKE_TRAFFIC_SECRET d7d78a0b4df1aa3a1710f24af07334edfbcdee2bf40f96f99983b6ae61b8fe12 e4709361c8166b8f02365e56e8b71bcb6bf5105fe56d3a0b54f8c3de7bd82d8f
SERVER_HANDSHAKE_TRAFFIC_SECRET d7d78a0b4df1aa3a1710f24af07334edfbcdee2bf40f96f99983b6ae61b8fe12 522df5106a1495cdebcae99f08f90287dacfc0d9b62f75415dcd8800ca6c1502
CLIENT_HANDSHAKE_TRAFFIC_SECRET dfb84df8f77663c084cb4351d7b2b957189079e538e1bae511e8394f856dc541 90364c448f5c84d54043cbf135f40358c24e4ecb3513ad604d06d75794307072
SERVER_HANDSHAKE_TRAFFIC_SECRET dfb84df8f77663c084cb4351d7b2b957189079e538e1bae511e8394f856dc541 8ca4487f9af0ec40de468615ba07c4a595bc3f7df155d5ff63a098a05e25fe22
CLIENT_TRAFFIC_SECRET_0 d7d78a0b4df1aa3a1710f24af07334edfbcdee2bf40f96f99983b6ae61b8fe12 400a1ccd606bbc05695e2d937238e02458bf43a8ef94553ac139f5b4a0577e54
SERVER_TRAFFIC_SECRET_0 d7d78a0b4df1aa3a1710f24af07334edfbcdee2bf40f96f99983b6ae61b8fe12 144d7a10cca928cde108052d5fea86f7b86c3663cfa4881986f6815606a6bd10
EXPORTER_SECRET d7d78a0b4df1aa3a1710f24af07334edfbcdee2bf40f96f99983b6ae61b8fe12 59cdaf4594ded1a0a696f36b3732098e7ca80671104be9154b912433bb3d8d01
CLIENT_TRAFFIC_SECRET_0 dfb84df8f77663c084cb4351d7b2b957189079e538e1bae511e8394f856dc541 dee8ac3bcd4206d5fb8bf0a55e1be4f5c3f0fa73475f6d762dc3e3bdef2af4a3
SERVER_TRAFFIC_SECRET_0 dfb84df8f77663c084cb4351d7b2b957189079e538e1bae511e8394f856dc541 7708c0eebdfd4e8f90a47ae819609345e99d9a1cca112d33725fdabf6a723983
EXPORTER_SECRET dfb84df8f77663c084cb4351d7b2b957189079e538e1bae511e8394f856dc541 5afb630fcb1d920213ac5fb4c887180ec81fbbfdee5fdd6dd4664d31010ecd15
CLIENT_HANDSHAKE_TRAFFIC_SECRET 5215ae323e6bfd51d250a4327cd9dc9df118b89264f4e8a76c831fccbac336d0 009b3222493bbe65b4903b0158c1c91555b32db923adffc284fe0e114ae4459c
SERVER_HANDSHAKE_TRAFFIC_SECRET 5215ae323e6bfd51d250a4327cd9dc9df118b89264f4e8a76c831fccbac336d0 cf5bf8621a8de8d0805a4450ad3916fa31629d601f40384da2c9462f8a60ffd2
CLIENT_TRAFFIC_SECRET_0 5215ae323e6bfd51d250a4327cd9dc9df118b89264f4e8a76c831fccbac336d0 c94d7719becc542911423f2e6947297a7c5c387a65fb6742b3ded2a9c889d737
SERVER_TRAFFIC_SECRET_0 5215ae323e6bfd51d250a4327cd9dc9df118b89264f4e8a76c831fccbac336d0 de28bf52bac60441f0c13fd88df8427af5c0d93291c93574e822c801b5863516
EXPORTER_SECRET 5215ae323e6bfd51d250a4327cd9dc9df118b89264f4e8a76c831fccbac336d0 bd17337432aeda686a226d73dca8590039c4adfde753d32b9f5d8161917761a4
CLIENT_HANDSHAKE_TRAFFIC_SECRET 37afd4f0d3c37919f0b1186b0003fba20179edbee4f4d41e8f7f50e29c1b757a d7dda57864d19637cfad093e30132d2ed3aa8ed3a281a57482831bb66459a1db
SERVER_HANDSHAKE_TRAFFIC_SECRET 37afd4f0d3c37919f0b1186b0003fba20179edbee4f4d41e8f7f50e29c1b757a 081995b6ac25fecab28c79154b0a64fa088338064a321c0b354d908ebcdfb929
CLIENT_HANDSHAKE_TRAFFIC_SECRET 5d78b7a637a7ea346659c4e618ecca1baf872c28f79e62a99f280d72feb11f92 2f0653d37985eba2a4642b4f8cb5567d8b7352ae546d6c9cae3faf90bf30007f
SERVER_HANDSHAKE_TRAFFIC_SECRET 5d78b7a637a7ea346659c4e618ecca1baf872c28f79e62a99f280d72feb11f92 78fa00d1f24a56ed40c02f29f66ebe15398557d43e5ee5529bcca47221d174ee
CLIENT_TRAFFIC_SECRET_0 37afd4f0d3c37919f0b1186b0003fba20179edbee4f4d41e8f7f50e29c1b757a 659350ffc0dcf2cf07e6df92be3d1e77fa8d3940e5c90ff6ab3bfaa6dbb57b05
SERVER_TRAFFIC_SECRET_0 37afd4f0d3c37919f0b1186b0003fba20179edbee4f4d41e8f7f50e29c1b757a 6660c1ec1d226785651fc4359f694b7ff36d0abee210d0b93f4c78667a29a103
EXPORTER_SECRET 37afd4f0d3c37919f0b1186b0003fba20179edbee4f4d41e8f7f50e29c1b757a a3ab3d6675720d43ef04808be3a98e545191c2f8ca846f3489f46319932bea85
CLIENT_TRAFFIC_SECRET_0 5d78b7a637a7ea346659c4e618ecca1baf872c28f79e62a99f280d72feb11f92 ea5f594560717c3119f6554a4188210e4c65c3df260cbceffa34a48569171d8c
SERVER_TRAFFIC_SECRET_0 5d78b7a637a7ea346659c4e618ecca1baf872c28f79e62a99f280d72feb11f92 13a98cde6ec3660127265c96e975fe19b635409166ccaf85bc3b4d0cb27d8795
EXPORTER_SECRET 5d78b7a637a7ea346659c4e618ecca1baf872c28f79e62a99f280d72feb11f92 8ed0e49f374a331be182d74e8cc83d4b5d0f4d93f161d2a19d1ca04f6013ea07
CLIENT_HANDSHAKE_TRAFFIC_SECRET 113207fe3ae49927d1ec389126955eb4905c2e1df85d9f39aa64d06c7ef814e5 ad5199dbff0d3a6e95355fb7f2b94847f2fad883e6a40c457b5637a127d5916b
SERVER_HANDSHAKE_TRAFFIC_SECRET 113207fe3ae49927d1ec389126955eb4905c2e1df85d9f39aa64d06c7ef814e5 b95327343f40f4a1473b154ee36942076cdfd8116d87a0428848aba0ab66b325
CLIENT_TRAFFIC_SECRET_0 113207fe3ae49927d1ec389126955eb4905c2e1df85d9f39aa64d06c7ef814e5 2b92067675c5ce9941e87de463f8a9fc470733c75ab369b9c7394a19ca98c55a
SERVER_TRAFFIC_SECRET_0 113207fe3ae49927d1ec389126955eb4905c2e1df85d9f39aa64d06c7ef814e5 815603e0c406387873b9ed1081be8b04d857619adbf99e4072797305782e3626
EXPORTER_SECRET 113207fe3ae49927d1ec389126955eb4905c2e1df85d9f39aa64d06c7ef814e5 26eabab7567f0c8eaadc64724ff8942bb0b9bacb4dcd694d70cd6138cc53b908
CLIENT_HANDSHAKE_TRAFFIC_SECRET 61697a2d68641e3a8f42c75bbe40b95764762f71decc8561bf34bdd52c39df99 5bdfa5b5aff985c81632761028cbb4aeff7fb476487ea515e36c7b495acb3510
SERVER_HANDSHAKE_TRAFFIC_SECRET 61697a2d68641e3a8f42c75bbe40b95764762f71decc8561bf34bdd52c39df99 5b1306c5ae074e7b2792fb1c2bae23c3efe20815156ec3f4aa6957cc8b8d0b56
CLIENT_TRAFFIC_SECRET_0 61697a2d68641e3a8f42c75bbe40b95764762f71decc8561bf34bdd52c39df99 4450f65a7715ff62b9c9354da6c31c59d49f6c8b964b9c7d912aa6a0736e413d
SERVER_TRAFFIC_SECRET_0 61697a2d68641e3a8f42c75bbe40b95764762f71decc8561bf34bdd52c39df99 31f44f35402496895ac6d7d4469581006c66a779fbd24a1abcab5ba740f6465e
EXPORTER_SECRET 61697a2d68641e3a8f42c75bbe40b95764762f71decc8561bf34bdd52c39df99 6ba354baa331f93021b52f5d41e9519f76c60d2848698f076ea63f7aed19b5d2
CLIENT_HANDSHAKE_TRAFFIC_SECRET 1c30b412383b83ed326b9f38a729589d536392b2932798e3b890c9f618d47e0c c1a1670703cf584305ef9799f717b370ede6e66fb1dbab2a0ed3b02d4d37c7c7
SERVER_HANDSHAKE_TRAFFIC_SECRET 1c30b412383b83ed326b9f38a729589d536392b2932798e3b890c9f618d47e0c e3f01605e79d0b6df5f7abfa72f599ef07a997a1ffa7976a119bd0e83046e051
CLIENT_HANDSHAKE_TRAFFIC_SECRET 0b1f5df4b10e942d7f759f1e7258756eb2af3f4f8c50ab8a5808b961fa905d62 feef48aa23a21c60e9f043148e7e0e99cbaabc4d00c0c1cc85597a03d9e885d6
SERVER_HANDSHAKE_TRAFFIC_SECRET 0b1f5df4b10e942d7f759f1e7258756eb2af3f4f8c50ab8a5808b961fa905d62 a3d4a799d19688e0d57e95336550e74c7e4cac8256a43a0bccc170e8d67367cf
CLIENT_HANDSHAKE_TRAFFIC_SECRET 986005896ac7247669459c6f9c41905f9ad988a9cadaa98f0b400a30a550932b 134962e90a17c1864d2b8b7e069644594027a37b6f88e8302d1bab9eca013bb7
SERVER_HANDSHAKE_TRAFFIC_SECRET 986005896ac7247669459c6f9c41905f9ad988a9cadaa98f0b400a30a550932b 44a90ae7922ddd1a362b9a6cee437c87cf83236f2a21b8bc21a21c4df2b40ffd
CLIENT_HANDSHAKE_TRAFFIC_SECRET 949726042ee03bb6297681a78c403cd397ffad7013c678509dad22b9ecc1b61f cf01eb2b5bd9280a0659dfae75722d2677bdf449d9a8149ba9a5ddb6472cd51f
SERVER_HANDSHAKE_TRAFFIC_SECRET 949726042ee03bb6297681a78c403cd397ffad7013c678509dad22b9ecc1b61f c428f2d77b4a0515764aa8fe0ebd61f5eb4592e878c76ea4dc2e731c0ec460e8
CLIENT_HANDSHAKE_TRAFFIC_SECRET 764b281019b366a74f514c1fc75a4470250f57099e109098f5031102f0dcb4c1 cd5613abb092b8dbb2d35e9b4c38826df91a1e587b226cc59d16a2ec5fa98f95
SERVER_HANDSHAKE_TRAFFIC_SECRET 764b281019b366a74f514c1fc75a4470250f57099e109098f5031102f0dcb4c1 31bad8b1906597eebb36048d70a741efc607eedea35b97cca2ee32f05cd5ddf7
CLIENT_HANDSHAKE_TRAFFIC_SECRET 15a75995581559fe5572fe7506dcd2b0c4456afbc1616ac5b0373c303e5e3b62 58de8b22415a15bac995abf648f378791ef7c7ec1065db216e0042e6c47cf029
SERVER_HANDSHAKE_TRAFFIC_SECRET 15a75995581559fe5572fe7506dcd2b0c4456afbc1616ac5b0373c303e5e3b62 a89df80b01d24c2074778cea6acd36e911131c0c689922afec168bade0a24a0b
CLIENT_HANDSHAKE_TRAFFIC_SECRET 200b3fd005e1b8971c7ca8e7f436f002734f18f9a04a8fbf98c29e90c8ad50e3 65593e3bb74316dee641bdd19c49c4c22763e2c42a9435b5f7a1c21cf35a0b2b
SERVER_HANDSHAKE_TRAFFIC_SECRET 200b3fd005e1b8971c7ca8e7f436f002734f18f9a04a8fbf98c29e90c8ad50e3 6dd0c422b4043dc30b6f16eed54da6e118cba6aa3ec5fcf1bc7535f6ba543991
CLIENT_TRAFFIC_SECRET_0 1c30b412383b83ed326b9f38a729589d536392b2932798e3b890c9f618d47e0c 0e799e3d3d8373d390d63e82924a9244899f5664d92ca018d425155a141730fb
SERVER_TRAFFIC_SECRET_0 1c30b412383b83ed326b9f38a729589d536392b2932798e3b890c9f618d47e0c 77d7d354299f22f203525e721791d38b503f76df304919206f26ac8d94516ff8
EXPORTER_SECRET 1c30b412383b83ed326b9f38a729589d536392b2932798e3b890c9f618d47e0c cfc60824f9816e1fefe3f95be66105c06778d9a6974a5e55f0cf7189683e7e72
CLIENT_TRAFFIC_SECRET_0 0b1f5df4b10e942d7f759f1e7258756eb2af3f4f8c50ab8a5808b961fa905d62 d98118d06c2d5f0dfafdd3d85dc7c04efda0c2cb6cddb5806d1a268d4b00f7aa
SERVER_TRAFFIC_SECRET_0 0b1f5df4b10e942d7f759f1e7258756eb2af3f4f8c50ab8a5808b961fa905d62 60b221d99bcc33d405f0f33eb39d567bb52d67f17d9e2ebacaaafed37fc29ad5
EXPORTER_SECRET 0b1f5df4b10e942d7f759f1e7258756eb2af3f4f8c50ab8a5808b961fa905d62 dde7d2a98a648caf96225a05596fa935a0d24482f392773ee8d05e1bd2d87998
CLIENT_TRAFFIC_SECRET_0 986005896ac7247669459c6f9c41905f9ad988a9cadaa98f0b400a30a550932b 64c68d1679990ac7a839af3756ee0d1a8a3a9f71f3c2edd6ec0a6e563b1ca21e
SERVER_TRAFFIC_SECRET_0 986005896ac7247669459c6f9c41905f9ad988a9cadaa98f0b400a30a550932b 78d3bec066e363542e54836abf5e9d984fd34097a6ca6f83d9fc674a3be517b3
EXPORTER_SECRET 986005896ac7247669459c6f9c41905f9ad988a9cadaa98f0b400a30a550932b 845565253f954ed7667c3037472dd370315064568c196b805916be69f8fb8e2b
CLIENT_TRAFFIC_SECRET_0 949726042ee03bb6297681a78c403cd397ffad7013c678509dad22b9ecc1b61f e661f0af0499764b561af6128acc3d4ff8988259af275ba87573732a5b24c60e
SERVER_TRAFFIC_SECRET_0 949726042ee03bb6297681a78c403cd397ffad7013c678509dad22b9ecc1b61f d76bb00d423463f6dd37679b3aff457186b8d5b05ecd9be5b3d1e223744a93de
EXPORTER_SECRET 949726042ee03bb6297681a78c403cd397ffad7013c678509dad22b9ecc1b61f b798eeec31486a201273b5fa424c22dc1f5c57c3d83c9e66d9b17da3cfb391ac
CLIENT_TRAFFIC_SECRET_0 764b281019b366a74f514c1fc75a4470250f57099e109098f5031102f0dcb4c1 041b497544df37d88489785cf9c5c1950b8960ae7bc622da657bbbe45c06074c
SERVER_TRAFFIC_SECRET_0 764b281019b366a74f514c1fc75a4470250f57099e109098f5031102f0dcb4c1 70d45088614b5e1eda5e19aba55495428a5bdf6a0e77c77819784ab7b620242c
EXPORTER_SECRET 764b281019b366a74f514c1fc75a4470250f57099e109098f5031102f0dcb4c1 65e32201ac2d4ed57dfba83a83340dca9c7ba0554b5f6aa4d56bb7bd368a0d4d
CLIENT_TRAFFIC_SECRET_0 15a75995581559fe5572fe7506dcd2b0c4456afbc1616ac5b0373c303e5e3b62 b2556bac076447363189ce3816e96d10e2b24379ec69dc55b88691a33ad7cc14
SERVER_TRAFFIC_SECRET_0 15a75995581559fe5572fe7506dcd2b0c4456afbc1616ac5b0373c303e5e3b62 d39d083763809c28f5137c6eebfaa6a8ec2448b632aed6ac482ec2b081ad9e0a
EXPORTER_SECRET 15a75995581559fe5572fe7506dcd2b0c4456afbc1616ac5b0373c303e5e3b62 bc6ef5b13fae4e5f9e7a3264cb3ec0f29a552d0fbc41b4f952f645575873e2cb
CLIENT_TRAFFIC_SECRET_0 200b3fd005e1b8971c7ca8e7f436f002734f18f9a04a8fbf98c29e90c8ad50e3 aa4c101c52b343077e01dd9a0b2fb5a917a8404cd2231f0d6c4bc7f96262a0a1
SERVER_TRAFFIC_SECRET_0 200b3fd005e1b8971c7ca8e7f436f002734f18f9a04a8fbf98c29e90c8ad50e3 40b29bb46de12dc4e10fd53f0acee635b2e7fb9917823e6ebe643652c263af62
EXPORTER_SECRET 200b3fd005e1b8971c7ca8e7f436f002734f18f9a04a8fbf98c29e90c8ad50e3 de5de85d9dbcf1e893256571de9d9dc1e23903242cb98e82d60b52bbdbe594f6
CLIENT_HANDSHAKE_TRAFFIC_SECRET 93ba17e6937967bbf097f8272ef2247dde61d130216eabfc638b5dc7ceb9ce6d 80ad7b7a9da29f432d4cdde77a8642c48e999e07f0f5763c12264a2e6981c5f9
SERVER_HANDSHAKE_TRAFFIC_SECRET 93ba17e6937967bbf097f8272ef2247dde61d130216eabfc638b5dc7ceb9ce6d 44f6ccc7cda8c341a488c71d77e653a947490484b63096b4c14d0cc002490e18
CLIENT_TRAFFIC_SECRET_0 93ba17e6937967bbf097f8272ef2247dde61d130216eabfc638b5dc7ceb9ce6d 5e697f94912266abec29beda287e4024618307df9d8de088961cdb2da1576690
SERVER_TRAFFIC_SECRET_0 93ba17e6937967bbf097f8272ef2247dde61d130216eabfc638b5dc7ceb9ce6d bbd59992320ae09ebd1b5fbb63cc7d0e4622a6735d366726f3a42a16c698f280
EXPORTER_SECRET 93ba17e6937967bbf097f8272ef2247dde61d130216eabfc638b5dc7ceb9ce6d 06ba41e912dd49d11c30e392f25c45a19e7248cadc7a349a2af849642d5ea72d
CLIENT_HANDSHAKE_TRAFFIC_SECRET 9383de3ee8ab19e1ca9977c0e36fec88de9ab1c74f056c024783966cbd8a87ad e9530d70c8000274e91692997bc5150301997ad998985e8f898c70f0ccdaf6285e5b431a05eff6dcc419325fbdfbd960
SERVER_HANDSHAKE_TRAFFIC_SECRET 9383de3ee8ab19e1ca9977c0e36fec88de9ab1c74f056c024783966cbd8a87ad 643c77cd80b2b8d123f6eb1429e1824dc3970b9bf664a5e379608e8d88216ec0a0c665b82e0ee44d3c36754aec93ead0
CLIENT_TRAFFIC_SECRET_0 9383de3ee8ab19e1ca9977c0e36fec88de9ab1c74f056c024783966cbd8a87ad debb62caade1c01f090282a4b2c4e1d4e3a952ed2d0347cc0acf74f834f92e36134024ee1910205eb31d971897e9427a
SERVER_TRAFFIC_SECRET_0 9383de3ee8ab19e1ca9977c0e36fec88de9ab1c74f056c024783966cbd8a87ad a337f7bf11eb041c6929915c78d516a738d28cffd2cee89d643fad05124531e80843a617fdc702a71144d2a96b54c743
EXPORTER_SECRET 9383de3ee8ab19e1ca9977c0e36fec88de9ab1c74f056c024783966cbd8a87ad 04d83f4d695567296f0f43a872d05183668a9c84a648213314634f281cd9ba2781ba3007de422882afbd6600bb38eb03
CLIENT_HANDSHAKE_TRAFFIC_SECRET c2b7319ea7becfc21bc1772aefd3b2c56716259caba29c0a671e865d2f864847 b0aac60bf44447205b47a3f826f5bd531a1c077d3a5eef5322971ec8ff852d81
SERVER_HANDSHAKE_TRAFFIC_SECRET c2b7319ea7becfc21bc1772aefd3b2c56716259caba29c0a671e865d2f864847 e1f4dec9d4edba742b2a6f8a70155b232a3ef01a3de114edbdee9d90ca7f3a95
CLIENT_TRAFFIC_SECRET_0 c2b7319ea7becfc21bc1772aefd3b2c56716259caba29c0a671e865d2f864847 b81fecbe1be1833a7aad337ef46180516c998bb71b8a3c6dd5956a589235cf01
SERVER_TRAFFIC_SECRET_0 c2b7319ea7becfc21bc1772aefd3b2c56716259caba29c0a671e865d2f864847 5d6023faef9c2e4a31433bd129df1247950f089fc18b0f2f353ab5ac545a2e14
EXPORTER_SECRET c2b7319ea7becfc21bc1772aefd3b2c56716259caba29c0a671e865d2f864847 8d814d4f473d1ed6ccf22d3fdd8bed1f5d9f35478e273901ec86e71d906802f4
CLIENT_HANDSHAKE_TRAFFIC_SECRET 38ac7b9bfd57590ec7591e4aaa4d8417fea64e4c7cb81a9fe7b3760872be6776 331737769d2ad7fb8e183e877c0204e9dfd91cec163189d66c8e333a3a78cb55
SERVER_HANDSHAKE_TRAFFIC_SECRET 38ac7b9bfd57590ec7591e4aaa4d8417fea64e4c7cb81a9fe7b3760872be6776 26833eb6b0561fabdd7c2238b57387414d9da05d7d4b0edd4f215cc90ee2371e
CLIENT_TRAFFIC_SECRET_0 38ac7b9bfd57590ec7591e4aaa4d8417fea64e4c7cb81a9fe7b3760872be6776 32b032d5a9d7952ff252cbbee4133a0098a0b19d9fefb96673bf43924604294a
SERVER_TRAFFIC_SECRET_0 38ac7b9bfd57590ec7591e4aaa4d8417fea64e4c7cb81a9fe7b3760872be6776 bf6d1d5d36a5ac1a86935b1c88ba70ed4c39f30f4436a5cef96feaa64a52f1c6
EXPORTER_SECRET 38ac7b9bfd57590ec7591e4aaa4d8417fea64e4c7cb81a9fe7b3760872be6776 471407aa3bdb6d84f830d8499d3d778b65d2d384b75b9a5f4c94d553a30ad0b3
CLIENT_EARLY_TRAFFIC_SECRET dfd41c5d7d5bc53f01d06b1adb759ab3d94f3555f61ab4397bbb15586b586b73 f974d99c813ee3801333686de06ba9f6abb575a73aa0da71beb28aab698300a5
CLIENT_HANDSHAKE_TRAFFIC_SECRET dfd41c5d7d5bc53f01d06b1adb759ab3d94f3555f61ab4397bbb15586b586b73 fd589c301a56c9f8521628a49bb856305a82772d5fd1d6641c002c57d50ab318
SERVER_HANDSHAKE_TRAFFIC_SECRET dfd41c5d7d5bc53f01d06b1adb759ab3d94f3555f61ab4397bbb15586b586b73 bcafa9339364b1a1b1b4dd4b30e4ad6c1d5b366c823e9c5b396ee19e09a58bf6
CLIENT_TRAFFIC_SECRET_0 dfd41c5d7d5bc53f01d06b1adb759ab3d94f3555f61ab4397bbb15586b586b73 0a627b016a9042c95fe60054cfdc0fbb048f7f59959ff16d12826e7c17601df7
SERVER_TRAFFIC_SECRET_0 dfd41c5d7d5bc53f01d06b1adb759ab3d94f3555f61ab4397bbb15586b586b73 7999a4d14ba827939a378e51464b4d713a3746c52342d263aab76370f6191ae1
EXPORTER_SECRET dfd41c5d7d5bc53f01d06b1adb759ab3d94f3555f61ab4397bbb15586b586b73 4f40981783ce345b735ab2198e4b45a44d21e90975e747eb5b2de74c41b3d1b2
CLIENT_EARLY_TRAFFIC_SECRET cddcb8eea61975c20771d60854f638d6958c15a18a312b48cc4ca5ff2560858e d594b4afc745b5660bcd20b265b52918a02dd834b744547907d000c3f10c270c
CLIENT_HANDSHAKE_TRAFFIC_SECRET cddcb8eea61975c20771d60854f638d6958c15a18a312b48cc4ca5ff2560858e 2018484d9864ad998f022cb9d5c326548b83f5357f8dd198eb1b900eb87870f5
SERVER_HANDSHAKE_TRAFFIC_SECRET cddcb8eea61975c20771d60854f638d6958c15a18a312b48cc4ca5ff2560858e 3b85f8500550af0807f483c3c84b216f3b0a12ebec2b872fa5ea81fb1bef7d5c
CLIENT_TRAFFIC_SECRET_0 cddcb8eea61975c20771d60854f638d6958c15a18a312b48cc4ca5ff2560858e 2ec9caadc358f0e504312464afa5d9e7db2e4e57e350c7b1f076a17744c5fc60
SERVER_TRAFFIC_SECRET_0 cddcb8eea61975c20771d60854f638d6958c15a18a312b48cc4ca5ff2560858e 1d4ae4c70beb10defb93cfe7ddcc64577abf7eb343241d4a0d09a48b5bb9a2d1
EXPORTER_SECRET cddcb8eea61975c20771d60854f638d6958c15a18a312b48cc4ca5ff2560858e 7d4f6f5bf045a282867f247b669c8dd05fed7d0958454d1d3050c2efc881f70c
CLIENT_EARLY_TRAFFIC_SECRET ac2dcf42e325f24a35244e0dfb8b8433352a8dcc686f09a19ae4fd948224cb71 1526a57bda0774772d98bb6bd7a97807c6a3c720362d72dcc054977c9379c374
CLIENT_HANDSHAKE_TRAFFIC_SECRET ac2dcf42e325f24a35244e0dfb8b8433352a8dcc686f09a19ae4fd948224cb71 7dc663438588753de270f064ee8f44ac9902ae4e266e9284ff331c230f8b5c70
SERVER_HANDSHAKE_TRAFFIC_SECRET ac2dcf42e325f24a35244e0dfb8b8433352a8dcc686f09a19ae4fd948224cb71 97a132753fc6ef826df9cbae3165db56abc9b85553a061fab7342147fac1a8a5
CLIENT_TRAFFIC_SECRET_0 ac2dcf42e325f24a35244e0dfb8b8433352a8dcc686f09a19ae4fd948224cb71 807915106e9feeb5dd41387c3894fc566ae4192ba1efb2b5be762fae3f0f5a97
SERVER_TRAFFIC_SECRET_0 ac2dcf42e325f24a35244e0dfb8b8433352a8dcc686f09a19ae4fd948224cb71 58920e58a8b9945ab9192680d470580dd3ef4647956d819f5dc6013772cbaf5a
EXPORTER_SECRET ac2dcf42e325f24a35244e0dfb8b8433352a8dcc686f09a19ae4fd948224cb71 5201f144937d12746e49265726fa264f47799d2f46cb18c95e8965e6fe3d8479
CLIENT_EARLY_TRAFFIC_SECRET 228b9469e4753cc09b6af873ade975575a47884267e436ef6f481bf934f585bd 50956b86f8b7698bb35fc70a87bde5d31509c35df8dbd7f171c4a88bd35782e2
CLIENT_HANDSHAKE_TRAFFIC_SECRET 228b9469e4753cc09b6af873ade975575a47884267e436ef6f481bf934f585bd 630535cece1b72d0d8ea81617a23f376500e7e1485f235d69f4609ad0dd45952
SERVER_HANDSHAKE_TRAFFIC_SECRET 228b9469e4753cc09b6af873ade975575a47884267e436ef6f481bf934f585bd 236b12682ee8fd5715bc78b0fbcbc351ab14ecb0942b3f70472e064eff564971
CLIENT_TRAFFIC_SECRET_0 228b9469e4753cc09b6af873ade975575a47884267e436ef6f481bf934f585bd 06841fdf5ace818579559e8242ea65471242e307e8f750e42032d82f3f4fc0da
SERVER_TRAFFIC_SECRET_0 228b9469e4753cc09b6af873ade975575a47884267e436ef6f481bf934f585bd dd9d358ddd1b08833e8c10b301e0447a9f712eebef41e268868b2b5cece23108
EXPORTER_SECRET 228b9469e4753cc09b6af873ade975575a47884267e436ef6f481bf934f585bd 422ddbd6818cfd05a3518e11f2095b3ea45433019a9cc45c86c91e72dc3b6897
CLIENT_EARLY_TRAFFIC_SECRET 449dd7dc7e1d6eac56983e64df2122040eb7f69a0c5bc9daaf2ab35e82d5fa35 2732ae318928a7d8e47b1e6ded345bb2dfed119627ccf7a57e86a29311a2a764
CLIENT_HANDSHAKE_TRAFFIC_SECRET 449dd7dc7e1d6eac56983e64df2122040eb7f69a0c5bc9daaf2ab35e82d5fa35 53b477cc1345916d42b68cd91153c036ec38822d833fd638843a6eaac5afe1e9
SERVER_HANDSHAKE_TRAFFIC_SECRET 449dd7dc7e1d6eac56983e64df2122040eb7f69a0c5bc9daaf2ab35e82d5fa35 0484a3f8eee602a062335df131bfbb271e44c42a1052e8b8aad00f3f580c3ed6
CLIENT_TRAFFIC_SECRET_0 449dd7dc7e1d6eac56983e64df2122040eb7f69a0c5bc9daaf2ab35e82d5fa35 1d7cd9dd819efc488a2b551fd42f6a8b50d633098c6df26ee78063a2960a9898
SERVER_TRAFFIC_SECRET_0 449dd7dc7e1d6eac56983e64df2122040eb7f69a0c5bc9daaf2ab35e82d5fa35 b9348804341facc8bf629664f77b3de1d68596fa94fe1be4ee2a3011af606fb4
EXPORTER_SECRET 449dd7dc7e1d6eac56983e64df2122040eb7f69a0c5bc9daaf2ab35e82d5fa35 00ff3cf8937bcc448ba70012a34e3c6113771d147ca4bc00e3685867fb0902b1
CLIENT_EARLY_TRAFFIC_SECRET 2d829e3e295c710c67daff623a48e80143fab3c1a9db5556509b4d6f40dd4e42 08e7d76f7f7955a05d50bc91cdb863c990c056ecf4a55dff7991ab76e62aed8c
CLIENT_HANDSHAKE_TRAFFIC_SECRET 4f883f31462cc27c3b24c62115afe2780f179e4f3d53f14f6331c318b2fe65b1 be4abd504ddbeae9d23a32c7cbb1681687ad277d6747080a52fd5db3a53519c2
SERVER_HANDSHAKE_TRAFFIC_SECRET 4f883f31462cc27c3b24c62115afe2780f179e4f3d53f14f6331c318b2fe65b1 081309b59e6386c88ec0d64be93a6fac59b36e78676c66c064c7679d8886f65b
CLIENT_HANDSHAKE_TRAFFIC_SECRET 2d829e3e295c710c67daff623a48e80143fab3c1a9db5556509b4d6f40dd4e42 719d803601bc12f0dda7731cddc33f7f41a724a10067153b8ea961dda3204c38
SERVER_HANDSHAKE_TRAFFIC_SECRET 2d829e3e295c710c67daff623a48e80143fab3c1a9db5556509b4d6f40dd4e42 369c3fef0e6fbce131c55153e6fc22965bf15e7971090e4b608223c3040b9770
CLIENT_TRAFFIC_SECRET_0 2d829e3e295c710c67daff623a48e80143fab3c1a9db5556509b4d6f40dd4e42 98d1d83d2a0c9579e6c076022db793093f5308901ee18ba3a02ce5132b73d1d0
SERVER_TRAFFIC_SECRET_0 2d829e3e295c710c67daff623a48e80143fab3c1a9db5556509b4d6f40dd4e42 8322234f54e728b55535049b790df5d8da0904270e7d566d19f301f28f0e8cc0
EXPORTER_SECRET 2d829e3e295c710c67daff623a48e80143fab3c1a9db5556509b4d6f40dd4e42 3d307c47cb64c99d225f5b41adf96295bc8b61551e667714e0ac5d4477ae8eef
CLIENT_TRAFFIC_SECRET_0 4f883f31462cc27c3b24c62115afe2780f179e4f3d53f14f6331c318b2fe65b1 f7ca7a8c468b0b206df9d3a512db5595ba439cbdc5a188160a190c0495f4b1a4
SERVER_TRAFFIC_SECRET_0 4f883f31462cc27c3b24c62115afe2780f179e4f3d53f14f6331c318b2fe65b1 67ac379ca480699f225aaabae9ecda974fcdd459a65fd57d0a22fd93c9f6e481
EXPORTER_SECRET 4f883f31462cc27c3b24c62115afe2780f179e4f3d53f14f6331c318b2fe65b1 3d4354e441733259e2e49e522dcd52df5f00d749dd11bfee6ba39b1b0e342e36
CLIENT_HANDSHAKE_TRAFFIC_SECRET 412727e0037471b009c9529b280b6d50f48ada3756701c99bdfd48221b40d6bb 09063e484d4653a6fa7402e485b19613a6bb7a6259bec51019a3e9138dc2e6d0
SERVER_HANDSHAKE_TRAFFIC_SECRET 412727e0037471b009c9529b280b6d50f48ada3756701c99bdfd48221b40d6bb 957066f263abda1008c87c79f1cc05441c055ce75baf6b986cd0697a80ced023
CLIENT_TRAFFIC_SECRET_0 412727e0037471b009c9529b280b6d50f48ada3756701c99bdfd48221b40d6bb 2fb0ef2f75739967062c1b3cdc46a9159b871a7ad7b751c7a70e43ef201c5a76
SERVER_TRAFFIC_SECRET_0 412727e0037471b009c9529b280b6d50f48ada3756701c99bdfd48221b40d6bb 99251a969822a213809f92788668a07a8f550d6e6c581dde970f75fc13aef455
EXPORTER_SECRET 412727e0037471b009c9529b280b6d50f48ada3756701c99bdfd48221b40d6bb e6576ae2cc10bc70506affc92fc3d27c0f5bb2632ece08c5ca8ec7564802f45c
CLIENT_HANDSHAKE_TRAFFIC_SECRET b5bcff63f0bdca5b0b3bb37f2244c4416c65e956683146280367cabf50f96fff 0fbfdbcc40928de568d27963b9235ed52d9f37c3cf38ca2448af6627f8bf13c9
SERVER_HANDSHAKE_TRAFFIC_SECRET b5bcff63f0bdca5b0b3bb37f2244c4416c65e956683146280367cabf50f96fff 8a0862232aa258b2f669f8a003fa85ec7eff2850e588284de15cec0c88367842
CLIENT_TRAFFIC_SECRET_0 b5bcff63f0bdca5b0b3bb37f2244c4416c65e956683146280367cabf50f96fff 4f34489bea359c8a3deb124257160ca61cf8e8bd64709db73f8e322dc68b090d
SERVER_TRAFFIC_SECRET_0 b5bcff63f0bdca5b0b3bb37f2244c4416c65e956683146280367cabf50f96fff b03397968e7075713a05f3c21cd92634f0e349c67d2910ef2b17eb829303f960
EXPORTER_SECRET b5bcff63f0bdca5b0b3bb37f2244c4416c65e956683146280367cabf50f96fff 2553ce5db5d16c20bd7f97e7fe8aa2a543a956e72336c1312f7c79b9b8688630
CLIENT_HANDSHAKE_TRAFFIC_SECRET a68f0cf5c0bd1500c53ae70387e47762b753aa4a6dcb408d221d83d8d5549559 cac64855408a32ce335aefe2de64fca4e28b5b22dd2bda81c3cf3cc324640255
SERVER_HANDSHAKE_TRAFFIC_SECRET a68f0cf5c0bd1500c53ae70387e47762b753aa4a6dcb408d221d83d8d5549559 75ab893dcb2deb94c857ee0e379dd7e1acf65f831cde7b52229a8a9d1c4adfbe
CLIENT_TRAFFIC_SECRET_0 a68f0cf5c0bd1500c53ae70387e47762b753aa4a6dcb408d221d83d8d5549559 1356c995dffbdbdc241d3cae7e69e6e9b96aafe70d3339026faa5d95953e80e9
SERVER_TRAFFIC_SECRET_0 a68f0cf5c0bd1500c53ae70387e47762b753aa4a6dcb408d221d83d8d5549559 1a7afa2ce4b67cfa75feee198143c76be3bcd13fd5a31dad796109580e5dbacd
EXPORTER_SECRET a68f0cf5c0bd1500c53ae70387e47762b753aa4a6dcb408d221d83d8d5549559 a500362d5c7d6f6e2b6274c16024dead10f074dbf4550070a495c4bb8ce31b7a
CLIENT_HANDSHAKE_TRAFFIC_SECRET da1dadfb4f3ce4081939f49d773feaf97190d5cddf1933e2c891b0f75a6ffe4e 10586a20850c65402c6a98a6c3da7b7ca463cdc57b7c139c3e4c0e439b286d78
SERVER_HANDSHAKE_TRAFFIC_SECRET da1dadfb4f3ce4081939f49d773feaf97190d5cddf1933e2c891b0f75a6ffe4e b4a957407451f4ce337f52738218ed79339dd828579d48c38b3bcf5aeac06ad6
CLIENT_HANDSHAKE_TRAFFIC_SECRET 3af63fa2516b46bb8343b7508abafa9e8b8176f8212e39be41fdb086919d3930 565244149a3ab2b65ab098a890254863314cea4d6a7ed37f8fc5689891c0afb1
SERVER_HANDSHAKE_TRAFFIC_SECRET 3af63fa2516b46bb8343b7508abafa9e8b8176f8212e39be41fdb086919d3930 6be3269cdcc96ee7735288079c3ab559a57d0ec41513852e45f7876a17919b21
CLIENT_TRAFFIC_SECRET_0 da1dadfb4f3ce4081939f49d773feaf97190d5cddf1933e2c891b0f75a6ffe4e be155b13e2a4c51b9bc178eb0e28a3139452d2ba3caf8a678671e942be5e863b
SERVER_TRAFFIC_SECRET_0 da1dadfb4f3ce4081939f49d773feaf97190d5cddf1933e2c891b0f75a6ffe4e ca49ee4eaf97f5903e9b8e160e27da4771cfc8c92bdce3f66106b21a9080a6aa
EXPORTER_SECRET da1dadfb4f3ce4081939f49d773feaf97190d5cddf1933e2c891b0f75a6ffe4e 6368bb0d28ae4d331a6295dec5164be783079bf7ec53e2d1a9f31f35e8b8e217
CLIENT_TRAFFIC_SECRET_0 3af63fa2516b46bb8343b7508abafa9e8b8176f8212e39be41fdb086919d3930 03dc210704914dda59e08b2224254c4f1efa9f4498cfdea3d1df67e66cb052f6
SERVER_TRAFFIC_SECRET_0 3af63fa2516b46bb8343b7508abafa9e8b8176f8212e39be41fdb086919d3930 16966cd97acc2f0b42cc0d4d0c709d1b29d72ec8df0c2e546ffb261752c457ef
EXPORTER_SECRET 3af63fa2516b46bb8343b7508abafa9e8b8176f8212e39be41fdb086919d3930 923d0cf9d83395ba6b80470c0c4c0130055e9a5af8cff03341d2e5d6acbce5e1
CLIENT_HANDSHAKE_TRAFFIC_SECRET 5efe5d3a235acea305ae5b496f79c445f903f0dbaee055ac0487437e50830364 4d332b8c91e837cab06b8950e2956d17cbe846dcda357a2b224165c8d48a379e
SERVER_HANDSHAKE_TRAFFIC_SECRET 5efe5d3a235acea305ae5b496f79c445f903f0dbaee055ac0487437e50830364 83022ae6d7f950540148dbccbcd115bed298ebc1db713471e8639f1f1627e0be
CLIENT_TRAFFIC_SECRET_0 5efe5d3a235acea305ae5b496f79c445f903f0dbaee055ac0487437e50830364 dde539d14a6cd393df0c026754b6e05d759cb5617afccac15b603f4364811beb
SERVER_TRAFFIC_SECRET_0 5efe5d3a235acea305ae5b496f79c445f903f0dbaee055ac0487437e50830364 243a60fad2241b463f0433ca5e44c6a12e2ef307cdeebdf5a820b68fd387be8c
EXPORTER_SECRET 5efe5d3a235acea305ae5b496f79c445f903f0dbaee055ac0487437e50830364 0c1bc58a5ba6995e0551fb909b91a69d2617cefffc6b6a01833837d2f98c4e42
CLIENT_HANDSHAKE_TRAFFIC_SECRET eb36d5b71a02eea49a68d3feef1083b6c11cef97605d4d87cb33dddeff016107 034666f52f8357c2700c9a7b42672da78785cc667fc7b0337f7c5fff79919b56
SERVER_HANDSHAKE_TRAFFIC_SECRET eb36d5b71a02eea49a68d3feef1083b6c11cef97605d4d87cb33dddeff016107 f3cea7f66fb1f28837b55a978b826213ae03cf16d6c67ee5c9db931b71f7179e
CLIENT_HANDSHAKE_TRAFFIC_SECRET 757583ed1488c9d2874ca6deb4c85bb861eba5bcdd2a5194e34f5c7e708ddb38 1452953dfb13b35f75d91de3dd747f23ceb3b1ea957d7541339afd9965846910
SERVER_HANDSHAKE_TRAFFIC_SECRET 757583ed1488c9d2874ca6deb4c85bb861eba5bcdd2a5194e34f5c7e708ddb38 e5778d1c20dc71b77f695febb753d8a6f72e0b2e02737a13d61c592de63fd701
CLIENT_HANDSHAKE_TRAFFIC_SECRET 6643b1d04f8bf3464fec8af777bddf47220c549770b6aed5b87ed0b389d9e03c 67a442b00eb2a2a8d34d62ab63e79fb6d41bd2154ce629293c96a2b33ea34841
SERVER_HANDSHAKE_TRAFFIC_SECRET 6643b1d04f8bf3464fec8af777bddf47220c549770b6aed5b87ed0b389d9e03c 19474e10acf58592fc027ccef6c992c1fb105535d39dd1a21a415705f18dcb07
CLIENT_TRAFFIC_SECRET_0 757583ed1488c9d2874ca6deb4c85bb861eba5bcdd2a5194e34f5c7e708ddb38 d766e1fda92387caeee532dc41e51775707ed2fd7086e6b3deada18a9f48fc32
SERVER_TRAFFIC_SECRET_0 757583ed1488c9d2874ca6deb4c85bb861eba5bcdd2a5194e34f5c7e708ddb38 ff7e17070946ade867191e87a5353d3620cbf3e5e59f17259d53846823025dce
EXPORTER_SECRET 757583ed1488c9d2874ca6deb4c85bb861eba5bcdd2a5194e34f5c7e708ddb38 fa06089a5825099f461eb889a84ebf279caa30ef0aca30ce1ed2060f640a246c
CLIENT_TRAFFIC_SECRET_0 6643b1d04f8bf3464fec8af777bddf47220c549770b6aed5b87ed0b389d9e03c 7edc9bb9e69662b99aeefbc53fe8e6505990e36883ab648cbc8bc467752f137d
SERVER_TRAFFIC_SECRET_0 6643b1d04f8bf3464fec8af777bddf47220c549770b6aed5b87ed0b389d9e03c 31d85b0a655020332c2eaf988f23f85fc1e86c24dd12d970864ecfaaf8fd2766
EXPORTER_SECRET 6643b1d04f8bf3464fec8af777bddf47220c549770b6aed5b87ed0b389d9e03c d99b45b2066312830ae18a8ea4291146aa498379dbfedf21ea64ab8f4a8c9521
CLIENT_TRAFFIC_SECRET_0 eb36d5b71a02eea49a68d3feef1083b6c11cef97605d4d87cb33dddeff016107 d76d16053ccf9120ff5210dc51f55c30703caf3dfcc947bba78d641634547e99
SERVER_TRAFFIC_SECRET_0 eb36d5b71a02eea49a68d3feef1083b6c11cef97605d4d87cb33dddeff016107 23f52e79e81690871c62cf74f881be358c74bda58b2d05edaaf58eddb96c1186
EXPORTER_SECRET eb36d5b71a02eea49a68d3feef1083b6c11cef97605d4d87cb33dddeff016107 00466e5312938c264ae0b3f72598299056bf9f806f6726685feacb5e846bbf4f
CLIENT_HANDSHAKE_TRAFFIC_SECRET 2b2eae409c0d24442058ff1a4abd8624f2355b334a2def3cfdaecfaca10e92fb da1788bb201f0d0760807cb61af2c542d14b739ebdd1f0e16814bcad30af1c69
SERVER_HANDSHAKE_TRAFFIC_SECRET 2b2eae409c0d24442058ff1a4abd8624f2355b334a2def3cfdaecfaca10e92fb e0ff1a49fd41a2720b1d4f7043ff973ee8f363fdc482a5e48e78d4c38fbf55b4
CLIENT_TRAFFIC_SECRET_0 2b2eae409c0d24442058ff1a4abd8624f2355b334a2def3cfdaecfaca10e92fb 95b0339a20137c5af7eba88b068b6e073515b6d17d4ac5979c6700930e9db3be
SERVER_TRAFFIC_SECRET_0 2b2eae409c0d24442058ff1a4abd8624f2355b334a2def3cfdaecfaca10e92fb 1352c5a6e7bec4de18a8a4ba8cc82ec1ca7710d522bf3e22bb99926f172a8224
EXPORTER_SECRET 2b2eae409c0d24442058ff1a4abd8624f2355b334a2def3cfdaecfaca10e92fb 7aa82c9ac3f5c803779476f7b6b00b9727a3687c382cfa130b5f7531650827a0
CLIENT_HANDSHAKE_TRAFFIC_SECRET ac82411a1a5f1ca13ab202e73a37379360a3a4054712301b96fdfb151e688cd5 1aff5933bb7635860a943d02ef8306881d9d48c411a9415b773b16cba846cbdc
SERVER_HANDSHAKE_TRAFFIC_SECRET ac82411a1a5f1ca13ab202e73a37379360a3a4054712301b96fdfb151e688cd5 7e12ed8403079bc83477c7485b13ce69407d3216dcc50504ad45ac5185faf5c2
CLIENT_TRAFFIC_SECRET_0 ac82411a1a5f1ca13ab202e73a37379360a3a4054712301b96fdfb151e688cd5 cbff65b6c5dcefa216365eb862398340caf371a66fbb8858f54a8550b2bb96bd
SERVER_TRAFFIC_SECRET_0 ac82411a1a5f1ca13ab202e73a37379360a3a4054712301b96fdfb151e688cd5 ee2b04791eb25235bd3daa96a87f1c072a6b6f6cc5ab9de6e59c7dca6962cdbb
EXPORTER_SECRET ac82411a1a5f1ca13ab202e73a37379360a3a4054712301b96fdfb151e688cd5 f9998ea987a96de81e2e502f9085c9c41227251231e3844173cc549e29ea5fea
CLIENT_EARLY_TRAFFIC_SECRET 7350b881489d79de734155f856021b7c10e0a1d6bfe4ab8aacb4b3f10b589d81 2eae79d440b687444b4313f11a4faaa654cb52a9a49a48994836507e71d9298b
CLIENT_HANDSHAKE_TRAFFIC_SECRET 7350b881489d79de734155f856021b7c10e0a1d6bfe4ab8aacb4b3f10b589d81 95126b44737b7ab706bbdb73f73f2a4a0642155cb9f39e41baa3f34aa95f95e9
SERVER_HANDSHAKE_TRAFFIC_SECRET 7350b881489d79de734155f856021b7c10e0a1d6bfe4ab8aacb4b3f10b589d81 3141fe80a2316900f8096dbf337f94a31f1659cdea9409699291d3b4064a3f08
CLIENT_TRAFFIC_SECRET_0 7350b881489d79de734155f856021b7c10e0a1d6bfe4ab8aacb4b3f10b589d81 09f655623439f10c08c9c3cb689b526b1a63e3d1278ef8e9e5275cba45f31808
SERVER_TRAFFIC_SECRET_0 7350b881489d79de734155f856021b7c10e0a1d6bfe4ab8aacb4b3f10b589d81 496d7676ae1e4b9b5972dda25502d288d8dc4b9a5aa887e1dcbc9c35629d2ae3
EXPORTER_SECRET 7350b881489d79de734155f856021b7c10e0a1d6bfe4ab8aacb4b3f10b589d81 ed23928708eb1d8518c19494f12ba963f9ebb0f07a231261d12783c9c9cd15b4
CLIENT_HANDSHAKE_TRAFFIC_SECRET 3e839cbc5f59519e9ba5e1075bde2e11132513fe25489a84f3f2430f79cfb204 7e3e6cafb285485c117264a22c8e75a8ec5e15724ef127db95952dda8f8c5c03
SERVER_HANDSHAKE_TRAFFIC_SECRET 3e839cbc5f59519e9ba5e1075bde2e11132513fe25489a84f3f2430f79cfb204 e3688ac705da21b0edfffbdca02d5a6bdc87d12840022c06a80207a9a1f67d3f
CLIENT_TRAFFIC_SECRET_0 3e839cbc5f59519e9ba5e1075bde2e11132513fe25489a84f3f2430f79cfb204 5ce347a2e84437536da090470823d1ccea1690a10e44e028668c4c76a52daf30
SERVER_TRAFFIC_SECRET_0 3e839cbc5f59519e9ba5e1075bde2e11132513fe25489a84f3f2430f79cfb204 d5aab73833b4be86e8532c14d0e387dda831d271afda819821481afeb86c6a07
EXPORTER_SECRET 3e839cbc5f59519e9ba5e1075bde2e11132513fe25489a84f3f2430f79cfb204 5cc666f0498fd3a772d8b5e7a9e2f62ae21b81fba5f125bbfd6de30661474074
CLIENT_HANDSHAKE_TRAFFIC_SECRET da8b0c3190dc1c9e42c9fc80bc8d5436ea0ce9b0f1aeb51c4494afb2966c30a5 9bf1d5dc4fad43fef6aafeef4abf48991066c50866449e124bde02ac8ea641d1
SERVER_HANDSHAKE_TRAFFIC_SECRET da8b0c3190dc1c9e42c9fc80bc8d5436ea0ce9b0f1aeb51c4494afb2966c30a5 51b92cc431d79bcc08f75d97b52850583aa3d46df70a774aa4a10125289bc739
CLIENT_TRAFFIC_SECRET_0 da8b0c3190dc1c9e42c9fc80bc8d5436ea0ce9b0f1aeb51c4494afb2966c30a5 d707e30b1dcea14ad499af3436edd3d2322a8baab047a678eed5c3060b633333
SERVER_TRAFFIC_SECRET_0 da8b0c3190dc1c9e42c9fc80bc8d5436ea0ce9b0f1aeb51c4494afb2966c30a5 be8f951baba031f7194072f70cd361317be9ccc16eda906291a6ee423257a76c
EXPORTER_SECRET da8b0c3190dc1c9e42c9fc80bc8d5436ea0ce9b0f1aeb51c4494afb2966c30a5 89d63b734938cb1b49f72cae464f05213486f0f0b4d257a91d062ff729956c56
CLIENT_HANDSHAKE_TRAFFIC_SECRET 7839bfeae05cadc8c76b957f6f5d3310820138d26d6ba7b88f789797055ef55d bc5118b5f68f48ff82ab3c2e59cc0f446bee27b699798620deb9447291fa71a9
SERVER_HANDSHAKE_TRAFFIC_SECRET 7839bfeae05cadc8c76b957f6f5d3310820138d26d6ba7b88f789797055ef55d d432ca3a196d95e941c39834d100bda832e2bfcfb68fb6f9e798ea7ca5080baf
CLIENT_HANDSHAKE_TRAFFIC_SECRET 0e83022643983d61687015592e3a998014a2a350bf7b48280e3856971ce57590 85c7acbd641e85f74f91a55d90c25e001ca9fd3e8719ee24be9125cf8211437c
SERVER_HANDSHAKE_TRAFFIC_SECRET 0e83022643983d61687015592e3a998014a2a350bf7b48280e3856971ce57590 fcf3cae9f0903102c5bdcdc850db0852746b18bf7dfa49e128f9e03a96644032
CLIENT_TRAFFIC_SECRET_0 7839bfeae05cadc8c76b957f6f5d3310820138d26d6ba7b88f789797055ef55d e04e4f43e5668034ff2cdbb9a77a3fef0540d8486c679b6373e2a8792b36de59
SERVER_TRAFFIC_SECRET_0 7839bfeae05cadc8c76b957f6f5d3310820138d26d6ba7b88f789797055ef55d 1fa575d24ef3b6165cdd5f982050e6d1d05e6c82f4ae2b266e881830610320a5
EXPORTER_SECRET 7839bfeae05cadc8c76b957f6f5d3310820138d26d6ba7b88f789797055ef55d 32591bcb070ae44e508cc64be61fcd2c17011878cf35a472eccf457f54da1981
CLIENT_TRAFFIC_SECRET_0 0e83022643983d61687015592e3a998014a2a350bf7b48280e3856971ce57590 9f9ccd4ab5401a0e62078907c34bf9eb64b4cae01f8c3366b58c90503820266c
SERVER_TRAFFIC_SECRET_0 0e83022643983d61687015592e3a998014a2a350bf7b48280e3856971ce57590 72d75f15bc7108d36a6d2cc58ba7e9d07c09e8a7f2b6f751ae9410d53f0244c6
EXPORTER_SECRET 0e83022643983d61687015592e3a998014a2a350bf7b48280e3856971ce57590 eb22cb9210b4a8664665bd361ba5e11f517f6e65203ff9cffc4844775c8a4e52
CLIENT_HANDSHAKE_TRAFFIC_SECRET 06897bc050375ad569e83d58334d5ff210f8363382d77748182abb09f7ad6a56 d62095c33306314c5690750a713b40cb19859572a63459306a775f7f08c05d53b8b344652874febc596c0dc821d5a5fd
SERVER_HANDSHAKE_TRAFFIC_SECRET 06897bc050375ad569e83d58334d5ff210f8363382d77748182abb09f7ad6a56 a9a2abd02c42cbd9a2d913c6f85d719f9d7392c751156244d7dd7569ead95792f4430ad7d1cfc532f08e4c50fa9b8b92
CLIENT_TRAFFIC_SECRET_0 06897bc050375ad569e83d58334d5ff210f8363382d77748182abb09f7ad6a56 ac204d49b6f02aad02ddfc0ddea45ff84581071f0cf025c35eff7eb1b41f422ab188527c51c1f91f26af6329f3aa05af
SERVER_TRAFFIC_SECRET_0 06897bc050375ad569e83d58334d5ff210f8363382d77748182abb09f7ad6a56 c8eb71ab2ea86c9b0d92cd3c628b1bfa97e66f8764a38fb2c1c3fb794c4c7751778fd30f2259d40a51fe8ac984851206
EXPORTER_SECRET 06897bc050375ad569e83d58334d5ff210f8363382d77748182abb09f7ad6a56 c06994141bd29c735815873459494b15ae5201a744bc907a39c2d0e0cc2fc241980b3455ccb726e2993ce0c159159aae
CLIENT_EARLY_TRAFFIC_SECRET 16cf1c29d80030c720c008f0f908e6a962685bd99fd5344a22b1b5df9b89f673 e43887d654c45e3f6fa889e8426befd62a293b8e36348881450c4244a70b8511
CLIENT_HANDSHAKE_TRAFFIC_SECRET 16cf1c29d80030c720c008f0f908e6a962685bd99fd5344a22b1b5df9b89f673 1845febc4db6432c7e0caf752242c3b0650b9570b8f327e4d1d0c72f178d4dbd
SERVER_HANDSHAKE_TRAFFIC_SECRET 16cf1c29d80030c720c008f0f908e6a962685bd99fd5344a22b1b5df9b89f673 5b8b6286e902ac58435fd2986970fbb690d8a477914fb2f7dba949383c31e0d7
CLIENT_TRAFFIC_SECRET_0 16cf1c29d80030c720c008f0f908e6a962685bd99fd5344a22b1b5df9b89f673 ac543c0fec22f555a81d8691a76ab962bc29723ba371f2fa9de0e0ff9cde5bb0
SERVER_TRAFFIC_SECRET_0 16cf1c29d80030c720c008f0f908e6a962685bd99fd5344a22b1b5df9b89f673 1ec2ab48e3b04b15ff8b7897189fc8a7b9f36698547308cb92b2933c5b2362ee
EXPORTER_SECRET 16cf1c29d80030c720c008f0f908e6a962685bd99fd5344a22b1b5df9b89f673 8c1be3fafddbecba21984ca4740deb4d12bfbbaf46650e7cbe32ba65e9dde091
CLIENT_HANDSHAKE_TRAFFIC_SECRET 2fd592bd7a7649d48e907df9e28e250d5d5196101972e918a44cb3885d9574cd cb8287daa279c057aeb0234fbcdc5c80ac1c3b6554e4e1e6557004da1a777d1c
SERVER_HANDSHAKE_TRAFFIC_SECRET 2fd592bd7a7649d48e907df9e28e250d5d5196101972e918a44cb3885d9574cd 184144cec6374acd85e226ff8a4490d542bdf2534e33cc50090a35963e431d8c
CLIENT_TRAFFIC_SECRET_0 2fd592bd7a7649d48e907df9e28e250d5d5196101972e918a44cb3885d9574cd b632c98d5c4b0128606b966c91d5fa0eb42b0a9682bb6e97348d84351a496941
SERVER_TRAFFIC_SECRET_0 2fd592bd7a7649d48e907df9e28e250d5d5196101972e918a44cb3885d9574cd eca1da2ebaa9c7177c080a88dd5615ecc20cfa996d61c7962b5cca57c6c607ab
EXPORTER_SECRET 2fd592bd7a7649d48e907df9e28e250d5d5196101972e918a44cb3885d9574cd fe026017b1e8b28fd0d9f278b8e5caaa93800d2036d66cae3e00668efadb2ea1
CLIENT_HANDSHAKE_TRAFFIC_SECRET 2e3a1a33288c80467d3b96363ff9fcd05bf916bc014722c6c9cf68842003e49d caef44226ef81f18f4aef4e4b662dfeef650f19ac9da32196853ff81b8624eab
SERVER_HANDSHAKE_TRAFFIC_SECRET 2e3a1a33288c80467d3b96363ff9fcd05bf916bc014722c6c9cf68842003e49d fdfcdc14f0962175fe511b07b16fd44372b8e7e17cdb5c890f02aec8d1106f62
CLIENT_TRAFFIC_SECRET_0 2e3a1a33288c80467d3b96363ff9fcd05bf916bc014722c6c9cf68842003e49d ace9b856c36294292f34b1fee930a1ef8e7fe046a9a17750eba36ced4a20c608
SERVER_TRAFFIC_SECRET_0 2e3a1a33288c80467d3b96363ff9fcd05bf916bc014722c6c9cf68842003e49d 23bd928f73a3e120c8980f8dbb7332c34650dc65bb4165884b2893b209c11fc2
EXPORTER_SECRET 2e3a1a33288c80467d3b96363ff9fcd05bf916bc014722c6c9cf68842003e49d f0be9e0a618555acd5bd0080b529adb73bca3566d0f5a2d516d804786b776745
CLIENT_HANDSHAKE_TRAFFIC_SECRET eb8f7b01658b7f47aa763f048d696ebc9f3db2a06105f1e34f733655703bacb1 1b04e74bd53159a17e2260109047c0357c617eb3ca1271fefec94eb31168cb02
SERVER_HANDSHAKE_TRAFFIC_SECRET eb8f7b01658b7f47aa763f048d696ebc9f3db2a06105f1e34f733655703bacb1 2f451cdfb51dfeaa9cfbd9d81e437c2c66d9e967f9bca624c003959aba9b294a
CLIENT_TRAFFIC_SECRET_0 eb8f7b01658b7f47aa763f048d696ebc9f3db2a06105f1e34f733655703bacb1 5a11a05be1504fcbc87d210f3db414c5ee754e7647381be047774dba79978134
SERVER_TRAFFIC_SECRET_0 eb8f7b01658b7f47aa763f048d696ebc9f3db2a06105f1e34f733655703bacb1 31184b1144085d4294c8ff7a91863d8a9c4e84066aa27906b1c22bdae2e9ae1c
EXPORTER_SECRET eb8f7b01658b7f47aa763f048d696ebc9f3db2a06105f1e34f733655703bacb1 af944df082fd6940f5e0b9be1dab43908664a5e5cc732c5f4bf07de5904418f0
CLIENT_EARLY_TRAFFIC_SECRET 18193994e8977d17c9f0211452a5584e9e00bd5bd44cceb4808b3b44e9937c2e 970451526d210a51b54a6df24e44c6fd1c3e0b330cbf426ecd0cfb67c9636bf7
CLIENT_HANDSHAKE_TRAFFIC_SECRET 18193994e8977d17c9f0211452a5584e9e00bd5bd44cceb4808b3b44e9937c2e 35c01f316fce51bf59d004b8499c4d25da79e1565ccd8c80e13200cbac0152ab
SERVER_HANDSHAKE_TRAFFIC_SECRET 18193994e8977d17c9f0211452a5584e9e00bd5bd44cceb4808b3b44e9937c2e 49d45c8fd3fff6bf7f74a418daa1d573e9a8e2687a000bd22ebe4fd4b58fc609
CLIENT_TRAFFIC_SECRET_0 18193994e8977d17c9f0211452a5584e9e00bd5bd44cceb4808b3b44e9937c2e e54706e47152048c7107bd37a95e02ee4b7290a09f9d11733a2d24f7375b2a09
SERVER_TRAFFIC_SECRET_0 18193994e8977d17c9f0211452a5584e9e00bd5bd44cceb4808b3b44e9937c2e 95794ada8005d09d045cc5964a0de58941e6845de4b7cf26c9d6e2d1e2bf5de9
EXPORTER_SECRET 18193994e8977d17c9f0211452a5584e9e00bd5bd44cceb4808b3b44e9937c2e c8c82fd16b40743575fe473fba6e28b80e005da05f163741fa4d898be53d1f20
CLIENT_HANDSHAKE_TRAFFIC_SECRET 82bd9a30071f459fac0e460ef06371a8ffd2541dd37093c657445692711442f7 2b3dff66391da5129ad21d50f6602a61873551e055065c813226af15cfe28f6b
SERVER_HANDSHAKE_TRAFFIC_SECRET 82bd9a30071f459fac0e460ef06371a8ffd2541dd37093c657445692711442f7 c45a7881348fb149e8c3a1252fcf45af8e2465bbe21e1d84f885e9fdeedf3686
CLIENT_HANDSHAKE_TRAFFIC_SECRET 2ef583ac31b0e079c16a00d70875b1ce2866d301e148e0ef247b7f29e2435693 6dda3151f82963f6b262ff595904a5b3211487e10986a4431ffb162ff9c0e2d2
SERVER_HANDSHAKE_TRAFFIC_SECRET 2ef583ac31b0e079c16a00d70875b1ce2866d301e148e0ef247b7f29e2435693 0a9d160742e2ca6293d3971d89aa7340f574509cd957bc962c75f30cf37d3fe0
CLIENT_HANDSHAKE_TRAFFIC_SECRET 66c6299272fe19fb5e1c83551c49ecd70f4e936d21364d1dbace3334bdb86216 cb3f8ec2b0e7a417426ea7afb948a732adefc7edc979c5cced681be60ae05348
SERVER_HANDSHAKE_TRAFFIC_SECRET 66c6299272fe19fb5e1c83551c49ecd70f4e936d21364d1dbace3334bdb86216 8c35a4ef57e76ec421e3e93e2400fcea27097b5a7fad5f4983f9f05567b68d41
CLIENT_HANDSHAKE_TRAFFIC_SECRET f7c068c199168764b3eedc580a6b01ea3b95150c69d827e93beeab10b0a4e297 696f462024169c548e86f2ea50de1d685e31c47897ff049aa67afd295b4b4046
SERVER_HANDSHAKE_TRAFFIC_SECRET f7c068c199168764b3eedc580a6b01ea3b95150c69d827e93beeab10b0a4e297 7c6bcf5f1400a639dcd21306153b29bb64f59ffeabab6f37b75abbdd28c23ec9
CLIENT_TRAFFIC_SECRET_0 66c6299272fe19fb5e1c83551c49ecd70f4e936d21364d1dbace3334bdb86216 ce002d2f4e52e2d6aad9f35218edca29635ed572e83613cc6564f90ae941944a
SERVER_TRAFFIC_SECRET_0 66c6299272fe19fb5e1c83551c49ecd70f4e936d21364d1dbace3334bdb86216 73b5ed2ab376ec1ac0e801bc5419e558e686bf595594cf74ca3f7b008274be19
EXPORTER_SECRET 66c6299272fe19fb5e1c83551c49ecd70f4e936d21364d1dbace3334bdb86216 6bccfeb93f23b3b408530b9ea1f638df3d691bcf7281d95670c1bea2061939e8
CLIENT_TRAFFIC_SECRET_0 f7c068c199168764b3eedc580a6b01ea3b95150c69d827e93beeab10b0a4e297 b74a493ff769040498f54dc176642e048edc9b5cacaf1baa3bac45001bc3b904
SERVER_TRAFFIC_SECRET_0 f7c068c199168764b3eedc580a6b01ea3b95150c69d827e93beeab10b0a4e297 081db3e07f67ad7cd8f1ccbb1b2c1c685027f6efddb3a6c4fe9650c787146bb1
EXPORTER_SECRET f7c068c199168764b3eedc580a6b01ea3b95150c69d827e93beeab10b0a4e297 3806a0725aa8ccf01a5514fbaf185252310de9ebfb6310449aed9cebdbd8134f
CLIENT_TRAFFIC_SECRET_0 82bd9a30071f459fac0e460ef06371a8ffd2541dd37093c657445692711442f7 50fa1356246592d30278036f3c9d39344ad3ad26143c79332a89793fa979e40b
SERVER_TRAFFIC_SECRET_0 82bd9a30071f459fac0e460ef06371a8ffd2541dd37093c657445692711442f7 ba8d93d607e95a7fcb9e1cbeb6c1fba21ccc5a958155eaf7765758311b3a943e
EXPORTER_SECRET 82bd9a30071f459fac0e460ef06371a8ffd2541dd37093c657445692711442f7 22aef12368ce0aee6fc91378ef7974909007fd54bbc8dbae3814c1d9efd5bdcc
CLIENT_TRAFFIC_SECRET_0 2ef583ac31b0e079c16a00d70875b1ce2866d301e148e0ef247b7f29e2435693 5b957e2f798af32a562c863a6a03a0d35c16e09d58908b8d829b23254d25e11d
SERVER_TRAFFIC_SECRET_0 2ef583ac31b0e079c16a00d70875b1ce2866d301e148e0ef247b7f29e2435693 92acc02f6d23c111d8f4b11f78589f8b534cdc99989e12c0dd8d3f506aa20bcd
EXPORTER_SECRET 2ef583ac31b0e079c16a00d70875b1ce2866d301e148e0ef247b7f29e2435693 07f1b825e110fdd245ec2bf40d6a25359f92ad8a08ec36b7365095c76d79b3a5
CLIENT_HANDSHAKE_TRAFFIC_SECRET f6dffdbcb87f3b7de3f477004e6d15c0fcb223389734b4fc478f44be2692d4a0 f896aaac58a221d7847279289a28c4a7d5750665e0195eff5671dd8b5499a2ea
SERVER_HANDSHAKE_TRAFFIC_SECRET f6dffdbcb87f3b7de3f477004e6d15c0fcb223389734b4fc478f44be2692d4a0 5aae28fc67c8bf60b6ec0de6dcbd879c64a51d88fb3f134a934717425ecba12b
CLIENT_HANDSHAKE_TRAFFIC_SECRET 96a667def60224857c16fc8e1fc46702b3ba7aadb56ac596b6bf0b2df28d1cc2 a4bc6d145d14494a501c1c48377f9077cce1c10afa1e722bb7250e48de4b9017
SERVER_HANDSHAKE_TRAFFIC_SECRET 96a667def60224857c16fc8e1fc46702b3ba7aadb56ac596b6bf0b2df28d1cc2 0a1f2e317a53dcb1a26a25f101ea6cfb023c35222ede944112cab46056d7e5a0
CLIENT_HANDSHAKE_TRAFFIC_SECRET bba536903eb6e0294f960b6544c49fd614ab93543d282873be240870f0c13829 b8de84a806b996ca96494aa68dd2689ad6416702a4ddc407c7befe11ff23a83e
SERVER_HANDSHAKE_TRAFFIC_SECRET bba536903eb6e0294f960b6544c49fd614ab93543d282873be240870f0c13829 7e429972d84ef63041b79e4db266242cfa531dcd2fc5b7b99103c52b56ecf260
CLIENT_TRAFFIC_SECRET_0 f6dffdbcb87f3b7de3f477004e6d15c0fcb223389734b4fc478f44be2692d4a0 c5ce23761c3b7bc29377f69f0b42a961688958518a5b5fe4e7cd5127fb96705f
SERVER_TRAFFIC_SECRET_0 f6dffdbcb87f3b7de3f477004e6d15c0fcb223389734b4fc478f44be2692d4a0 c5ffad64c30401bb3983cd1e77b72b353f303c5d5aca37d83a79601ff47a70b1
EXPORTER_SECRET f6dffdbcb87f3b7de3f477004e6d15c0fcb223389734b4fc478f44be2692d4a0 0c7751c41dc3197aab0aba596d4615ed04b36eba58635ad30f7799e4f45271af
CLIENT_TRAFFIC_SECRET_0 96a667def60224857c16fc8e1fc46702b3ba7aadb56ac596b6bf0b2df28d1cc2 ff89916525837d291bcc979bb6c249eb584fcc2c5a121dd255167d868e7a47fc
SERVER_TRAFFIC_SECRET_0 96a667def60224857c16fc8e1fc46702b3ba7aadb56ac596b6bf0b2df28d1cc2 8a9293dea01acdee8c90d988111d804b09741f3fbf8c98bc1392cc4c3f49ebf6
EXPORTER_SECRET 96a667def60224857c16fc8e1fc46702b3ba7aadb56ac596b6bf0b2df28d1cc2 6ebecd002ebd6a8a98334c1f8e0b31f8b8247759a2759babd3e1980fd1b385a8
CLIENT_HANDSHAKE_TRAFFIC_SECRET 7f06ee8d0f76b4e15d4b2b1726e6ff5002c7daa626e894e9166da7f3b998c503 beeaf4f00fcd9bc4bbebfead47e296ff7ab07dfaaebb374e3f03608eab9c57ea
SERVER_HANDSHAKE_TRAFFIC_SECRET 7f06ee8d0f76b4e15d4b2b1726e6ff5002c7daa626e894e9166da7f3b998c503 8d59099d242f20c1e10d7a43e8009691afb280b39e25d18c578fe16faeffabfc
CLIENT_TRAFFIC_SECRET_0 bba536903eb6e0294f960b6544c49fd614ab93543d282873be240870f0c13829 98b30d69218a460adfb227cc8a6fba210ef5d4d50a06271df54aad56eb1ee87b
SERVER_TRAFFIC_SECRET_0 bba536903eb6e0294f960b6544c49fd614ab93543d282873be240870f0c13829 4b3bebc7ca790acc2200a34e24fd6116d504d580a39244a60b22b443cfba54fc
EXPORTER_SECRET bba536903eb6e0294f960b6544c49fd614ab93543d282873be240870f0c13829 64a364300c4df17ff70db61477459619d58ecac90502d03ced09af964868511d
CLIENT_TRAFFIC_SECRET_0 7f06ee8d0f76b4e15d4b2b1726e6ff5002c7daa626e894e9166da7f3b998c503 dd9a77cf142e6f576f530f2cee6f1ffc887e4908c92832637a0464a2902337bc
SERVER_TRAFFIC_SECRET_0 7f06ee8d0f76b4e15d4b2b1726e6ff5002c7daa626e894e9166da7f3b998c503 266f7c2fbca2c999fe24704af1d0982e501a67e704a225b11d2d196357895e96
EXPORTER_SECRET 7f06ee8d0f76b4e15d4b2b1726e6ff5002c7daa626e894e9166da7f3b998c503 c0d1b3ce5d40961d6b636d615b3a81b00f9ce3b296ec63b3f2daf6c5fa97ecad
CLIENT_HANDSHAKE_TRAFFIC_SECRET 6f7bddc0c2ab2784b496d74efe63b944fb69125bb61c6ec5b32730ce77c1193f ae67d57d46dad9d46ffc921777bb39692c4ec7448844939ca7773bab4c8d93d2
SERVER_HANDSHAKE_TRAFFIC_SECRET 6f7bddc0c2ab2784b496d74efe63b944fb69125bb61c6ec5b32730ce77c1193f ad7d3d4661a406c215068df821c5e9ba28ba8e38806aa4f89dd8ccd153d76b7c
CLIENT_TRAFFIC_SECRET_0 6f7bddc0c2ab2784b496d74efe63b944fb69125bb61c6ec5b32730ce77c1193f 8bae1006e96dc1c88dc2e3c6acad81c4dd1776472de873253812b9945d8244e1
SERVER_TRAFFIC_SECRET_0 6f7bddc0c2ab2784b496d74efe63b944fb69125bb61c6ec5b32730ce77c1193f bc02f7b46cc4103852e13f8a91332b835ba309465e24bd41d1cff890f09cc390
EXPORTER_SECRET 6f7bddc0c2ab2784b496d74efe63b944fb69125bb61c6ec5b32730ce77c1193f b12ca468104d62f33237d51b1fc7d88f554307b6ad865e1559b8d8f180d001e3
CLIENT_HANDSHAKE_TRAFFIC_SECRET 036df24b1306666912743a10995940cc41b2a2bcf533c29925b1ae07a0ed817d f862d64d50d2e8b9921b9084a29ece7c37ac39f9375677213d4f929e2c9acb2b
SERVER_HANDSHAKE_TRAFFIC_SECRET 036df24b1306666912743a10995940cc41b2a2bcf533c29925b1ae07a0ed817d b9ea7afb771ad0097aafa5d21b6e0372edfeedaf3d9fcb596a8579aa8a4ba381
CLIENT_TRAFFIC_SECRET_0 036df24b1306666912743a10995940cc41b2a2bcf533c29925b1ae07a0ed817d 80893dd86fd0b83e5b9d42196d17eab58977148ea931d408ff01314661341760
SERVER_TRAFFIC_SECRET_0 036df24b1306666912743a10995940cc41b2a2bcf533c29925b1ae07a0ed817d 305ffc5e503fea59595ac0af05573e88f9ea28aee16300ed9bf6945f3f3603db
EXPORTER_SECRET 036df24b1306666912743a10995940cc41b2a2bcf533c29925b1ae07a0ed817d ce0c1fad8a2c2b83134feb22fa6b67928d138918fdbc1079e983dd0b91434bbc
CLIENT_HANDSHAKE_TRAFFIC_SECRET 685edc6499c3168ced587529577f93705025b1518c519ce4d5d4289fdf2d172c 5ae8d173fe568e9f3973660733033ab643c8338e2ad57ca92fb8428808b8fd40
SERVER_HANDSHAKE_TRAFFIC_SECRET 685edc6499c3168ced587529577f93705025b1518c519ce4d5d4289fdf2d172c 2a0eecfc911e9a67910c2a6873b11653999ee241f7623af16a89481554d00c5c
CLIENT_TRAFFIC_SECRET_0 685edc6499c3168ced587529577f93705025b1518c519ce4d5d4289fdf2d172c 47db1596651fec3fb6fe8552f078ac94212144a6090798a3b650ced772aed75c
SERVER_TRAFFIC_SECRET_0 685edc6499c3168ced587529577f93705025b1518c519ce4d5d4289fdf2d172c 439610e98e5c03ee7327f5978b3777baaff5d495a593a7f7491baf0d36bab438
EXPORTER_SECRET 685edc6499c3168ced587529577f93705025b1518c519ce4d5d4289fdf2d172c fd76e10bdc0ad015484b82e89f5553d7b9a8b1d09bac3d97fd0747106c9469a6
CLIENT_HANDSHAKE_TRAFFIC_SECRET d903ff7a2748fcb5ff5cb038f947a6667a3a1752e71693755910319f3990179c 81936ed491e2129b6bb0dd4da0ac886e19f085360c2bed5c9267600a36f33111
SERVER_HANDSHAKE_TRAFFIC_SECRET d903ff7a2748fcb5ff5cb038f947a6667a3a1752e71693755910319f3990179c 241e5381633f91afe448b31036020c44fdce3157301949e61e07f358cdfa4d74
CLIENT_TRAFFIC_SECRET_0 d903ff7a2748fcb5ff5cb038f947a6667a3a1752e71693755910319f3990179c af8de4a9e1efd3d2dc5d49f85c694567c8c35c9662492e91c26f8d439dd564c4
SERVER_TRAFFIC_SECRET_0 d903ff7a2748fcb5ff5cb038f947a6667a3a1752e71693755910319f3990179c 8c4bde6b7e1a8e75b8e32c077aeecd455ed93e5018647aac05ceca9dd6c302b5
EXPORTER_SECRET d903ff7a2748fcb5ff5cb038f947a6667a3a1752e71693755910319f3990179c dc6694bf2b26a9e3f181c615ce9f91b3529726b63f6c5b5d1367003f38f779aa
CLIENT_HANDSHAKE_TRAFFIC_SECRET 319ba38de12474bb5b253d66ff9072bd915c1868c6a4b5c6fb78554b950ef749 3fc459a453ed53825797ab5d7308d5aa6d74d55b02358992abfe8765d52c475c
SERVER_HANDSHAKE_TRAFFIC_SECRET 319ba38de12474bb5b253d66ff9072bd915c1868c6a4b5c6fb78554b950ef749 ef38ef836647bee7beb04984214eb704248aa48eb35e9404c1f4588163d03c42
CLIENT_TRAFFIC_SECRET_0 319ba38de12474bb5b253d66ff9072bd915c1868c6a4b5c6fb78554b950ef749 0145cbbfe3f10e23ebabe0d1a799a2e899df936bddfcf781439d7a72fa7e6699
SERVER_TRAFFIC_SECRET_0 319ba38de12474bb5b253d66ff9072bd915c1868c6a4b5c6fb78554b950ef749 58f1cde7617e13a513b9eba0f1c743c6de880e5c63f5c553ffc26795abb92172
EXPORTER_SECRET 319ba38de12474bb5b253d66ff9072bd915c1868c6a4b5c6fb78554b950ef749 5b9aa33a826ad780c78ee6c1663281f3aba6e96856830becbdc5637c737c175e
CLIENT_HANDSHAKE_TRAFFIC_SECRET 819db95a8d1b7d8573f679868fc10c64cd20d354f30a1bcdfa4d4198cf12061e 14a77977655f0743c61f6021e37b8fa9a0273ab6eaad1cf26eb2e39aca4bcf781aec237288fd3448dcd165c10f53ad61
SERVER_HANDSHAKE_TRAFFIC_SECRET 819db95a8d1b7d8573f679868fc10c64cd20d354f30a1bcdfa4d4198cf12061e 19392948dcff2a5031bea03073e3432ca50840cbff8446956cef52ec4695773f788dce293bbfdee5eb52399d1793ea9c
CLIENT_TRAFFIC_SECRET_0 819db95a8d1b7d8573f679868fc10c64cd20d354f30a1bcdfa4d4198cf12061e 4c7e2556a0623ff0ebd0bcc61b8152b0505926e67eae6a40fd6e4166d7e18818d84cf3485c0cd3df5e192414121b9009
SERVER_TRAFFIC_SECRET_0 819db95a8d1b7d8573f679868fc10c64cd20d354f30a1bcdfa4d4198cf12061e af73f4244b1a1d1f8cf25423f3ae264a4aeef2ebc11ed5b56f85f9ecdeaf2185e183fd9ceaa417075ea0ccd2d9d12b4d
EXPORTER_SECRET 819db95a8d1b7d8573f679868fc10c64cd20d354f30a1bcdfa4d4198cf12061e 984d086ad93ad0aaf2dbc138b07021fa0bf7ffdc5f14b2dea6b539dc931622778f2ea91276b05611935217ea6825a6f4
CLIENT_HANDSHAKE_TRAFFIC_SECRET c41387c9261982687a890a7755d84bf4412b86504e90b34c6e04dfbc9d717abb 87bfae8436dd77d6a9011749e72cd13b64bfabccdcb0ca761621a2db1ad0d4f3
SERVER_HANDSHAKE_TRAFFIC_SECRET c41387c9261982687a890a7755d84bf4412b86504e90b34c6e04dfbc9d717abb 761eb0c4591b1c197c42824107bfe7e95cdebc7994162d47e3810ea4d225c8c2
CLIENT_TRAFFIC_SECRET_0 c41387c9261982687a890a7755d84bf4412b86504e90b34c6e04dfbc9d717abb d680831c4dbac8d3b704d70cfa60d019974c022e31f42e4e4be3fa0277464914
SERVER_TRAFFIC_SECRET_0 c41387c9261982687a890a7755d84bf4412b86504e90b34c6e04dfbc9d717abb a0b05942f31036331372b49843a8157c540b365e5863fbdf9d635f14bd5dcabe
EXPORTER_SECRET c41387c9261982687a890a7755d84bf4412b86504e90b34c6e04dfbc9d717abb 45adebaafec53b9e506db99bb1c58787519cf3761bca2521bdfe528d0cd9c4a5
CLIENT_EARLY_TRAFFIC_SECRET d68e76acff983d96dcbd21d789985460ca1dfdf044fe4700dd2f09d0670078a4 f326a119ec8984ba8674f2206282bb5d9d298e7c33c7edbe6ded5863deb3940e
CLIENT_HANDSHAKE_TRAFFIC_SECRET d68e76acff983d96dcbd21d789985460ca1dfdf044fe4700dd2f09d0670078a4 99331b702deffa6dc36485195e93daaeae067ceba8f70d0732a104bfe8d1c2fe
SERVER_HANDSHAKE_TRAFFIC_SECRET d68e76acff983d96dcbd21d789985460ca1dfdf044fe4700dd2f09d0670078a4 217d658a750fe19c7ff582c98aa7cada84e1b91ed000735e3091894324041052
CLIENT_TRAFFIC_SECRET_0 d68e76acff983d96dcbd21d789985460ca1dfdf044fe4700dd2f09d0670078a4 0485fa7b321248751e92cc47a58d9b0b0f16c66bbc51560c566cd344936110ad
SERVER_TRAFFIC_SECRET_0 d68e76acff983d96dcbd21d789985460ca1dfdf044fe4700dd2f09d0670078a4 7f0e05101436543b1918187e75ac83ba484f05ea075f7f06535374310699c073
EXPORTER_SECRET d68e76acff983d96dcbd21d789985460ca1dfdf044fe4700dd2f09d0670078a4 415b2164de0d01802377a399657858e4a05d8ffdb75be26a9734727c6dae6f44
CLIENT_HANDSHAKE_TRAFFIC_SECRET 483643544d59ff2bcb997578679852b41c1b5dfcce0a011da8975489dc7a9f38 da16ca83630117ce60141e357fa1fba153feb77eaa36cd30e171e3686d27307d
SERVER_HANDSHAKE_TRAFFIC_SECRET 483643544d59ff2bcb997578679852b41c1b5dfcce0a011da8975489dc7a9f38 1c208d16758f42256ab92d205fa79220e7aee9bc1e51d36fb42bf0ac13761c2d
CLIENT_TRAFFIC_SECRET_0 483643544d59ff2bcb997578679852b41c1b5dfcce0a011da8975489dc7a9f38 e3bd6ccb0ee64b743b30b19e3269558adae59fffb9bc7cb71abf15f1c05dd915
SERVER_TRAFFIC_SECRET_0 483643544d59ff2bcb997578679852b41c1b5dfcce0a011da8975489dc7a9f38 9bd73cd116d24dc260951445ecbb77a4f04b6a6037bcf6a98ba16c0fa67ae286
EXPORTER_SECRET 483643544d59ff2bcb997578679852b41c1b5dfcce0a011da8975489dc7a9f38 eb55d075cdfd932b514c1d3803054d3c79ff787067670dd24fd8e265a3d9ca3c
CLIENT_EARLY_TRAFFIC_SECRET 109d4a6f8d242b178575b3e09054dc157b969dc9ed326b86c977a48f686f2960 53e0e6e612df295ba6764140987ee504a41b0b82ea034c76517d4e57b627b064
CLIENT_HANDSHAKE_TRAFFIC_SECRET 109d4a6f8d242b178575b3e09054dc157b969dc9ed326b86c977a48f686f2960 0a4e823b020c450951692bf3aaf9daf60faf62a16700f5cf0ed5f65025639e61
SERVER_HANDSHAKE_TRAFFIC_SECRET 109d4a6f8d242b178575b3e09054dc157b969dc9ed326b86c977a48f686f2960 4cfa31135b244953ece4098241fd1dbf2111b3a30f7481e0c6538dbbd8d8c12c
CLIENT_TRAFFIC_SECRET_0 109d4a6f8d242b178575b3e09054dc157b969dc9ed326b86c977a48f686f2960 097a0b45b0b252d27bfba8e8c47781a245a6718e8c7bf3321266e2ee4f571808
SERVER_TRAFFIC_SECRET_0 109d4a6f8d242b178575b3e09054dc157b969dc9ed326b86c977a48f686f2960 ecf17d82f840409f397b3c48af83aec46863df14fa679050367751414949121a
EXPORTER_SECRET 109d4a6f8d242b178575b3e09054dc157b969dc9ed326b86c977a48f686f2960 d0cffcac9383bf516048589815256ad8e15ecb8e3acfd04b004233f5c171a3c9
CLIENT_EARLY_TRAFFIC_SECRET 21834c326cb682304385479a647d7294a63abadfb0d13257495d30926305b03e a37add1959a238cb62d5f52b9da0e399bb447b496d8a46de589c84c9a2a31fbd
CLIENT_HANDSHAKE_TRAFFIC_SECRET 21834c326cb682304385479a647d7294a63abadfb0d13257495d30926305b03e 61782db7ad834de0d3427b6a5be943b6c961cd10a78c6df04ffa14935749f05c
SERVER_HANDSHAKE_TRAFFIC_SECRET 21834c326cb682304385479a647d7294a63abadfb0d13257495d30926305b03e 6d97c4e3351a7e4a7142db071553ca1722cfa90cf07b8c52836cb1bfa34f22c5
CLIENT_TRAFFIC_SECRET_0 21834c326cb682304385479a647d7294a63abadfb0d13257495d30926305b03e 99248a16c84bda64d0c8bf58c302b66391e9b90d2a54ca9ed72aae8e7199d5f6
SERVER_TRAFFIC_SECRET_0 21834c326cb682304385479a647d7294a63abadfb0d13257495d30926305b03e cab377062295bf8bd56cb5fb805a57b72b5c3b5dff698fc24a249625713dd3ab
EXPORTER_SECRET 21834c326cb682304385479a647d7294a63abadfb0d13257495d30926305b03e 516d9208124bfa2208bb9c4a46a563c79ce7eaa40283abf796f1446326caaac8
CLIENT_HANDSHAKE_TRAFFIC_SECRET 0bc7b1869e408513d169fd7edf7df5eec8ee480a34cbc705da6d16d31e7a5332 c65a8f03a046379d1f47eb3c5b17304b000a25522e11bb5f8d56a58a59557e35
SERVER_HANDSHAKE_TRAFFIC_SECRET 0bc7b1869e408513d169fd7edf7df5eec8ee480a34cbc705da6d16d31e7a5332 f7a94d11b30efd505053bb24233b4bea38a4b0f32ac6181bf03866cd406d61bd
CLIENT_HANDSHAKE_TRAFFIC_SECRET 77ba807929eee98f4e968221bfbc7361a3a9422b9386d790e6c2ca9e370c31b8 a30fc0fcb96f03714e7e93e2550db7b30d0406322f6415351303e2ed9ab274a1
SERVER_HANDSHAKE_TRAFFIC_SECRET 77ba807929eee98f4e968221bfbc7361a3a9422b9386d790e6c2ca9e370c31b8 3d4b2d98c99e3fa6eb9bf6389f3613ed1b84731cc4d71f5e4ea2d853dd332c21
CLIENT_TRAFFIC_SECRET_0 0bc7b1869e408513d169fd7edf7df5eec8ee480a34cbc705da6d16d31e7a5332 28005fd760cc14c9558dcbd0216e6960852b44a04ad55cf070e6b97bd8816bf7
SERVER_TRAFFIC_SECRET_0 0bc7b1869e408513d169fd7edf7df5eec8ee480a34cbc705da6d16d31e7a5332 3cde66d8a53228761b6a6c5372e5a8ecc4d25c8d3efa34cafc34edce0da08907
EXPORTER_SECRET 0bc7b1869e408513d169fd7edf7df5eec8ee480a34cbc705da6d16d31e7a5332 3d25d06843fb9e84c22f100ef66dff60d9f635ad754f656b2ac77e20bade4c2e
CLIENT_TRAFFIC_SECRET_0 77ba807929eee98f4e968221bfbc7361a3a9422b9386d790e6c2ca9e370c31b8 4a9cc71fabeb62830b5c9f297a74978a4f1a22709b7ab4155fbc28775d1f9020
SERVER_TRAFFIC_SECRET_0 77ba807929eee98f4e968221bfbc7361a3a9422b9386d790e6c2ca9e370c31b8 379636fbe89fb9e075009bef02dd017247aba291b628f3e017b5758431e9a9eb
EXPORTER_SECRET 77ba807929eee98f4e968221bfbc7361a3a9422b9386d790e6c2ca9e370c31b8 0c9379f87897287c3821ca6490e23476a288fccc3b52800d0cad4e4b722e44f1
CLIENT_HANDSHAKE_TRAFFIC_SECRET 8eb454435fad2d2da8390d3cd33ce4a6b415f47a6bb865297eb3fca8f5b4703b a40df743dc9047539a30e39aaddb913f478be6598d062d719559457e2bd098c3
SERVER_HANDSHAKE_TRAFFIC_SECRET 8eb454435fad2d2da8390d3cd33ce4a6b415f47a6bb865297eb3fca8f5b4703b 86e9f796affe83b71035cdb2e8d1eb403a57011d326066eecca03d8bac89bd8a
CLIENT_TRAFFIC_SECRET_0 8eb454435fad2d2da8390d3cd33ce4a6b415f47a6bb865297eb3fca8f5b4703b 3efce05f474e9e4531e85351561fba99d7ca9efc9af8a8a4f5eea953069c2a7c
SERVER_TRAFFIC_SECRET_0 8eb454435fad2d2da8390d3cd33ce4a6b415f47a6bb865297eb3fca8f5b4703b 15b2f899643f583f1337f71782b99e84f1eb45a952a0bd0fd61efa91f3c22ea1
EXPORTER_SECRET 8eb454435fad2d2da8390d3cd33ce4a6b415f47a6bb865297eb3fca8f5b4703b 60a6724ec185184eceee1ec34b14bd3351a8965ec15cf50d6f6fdf5792cc0d31
CLIENT_HANDSHAKE_TRAFFIC_SECRET 09dde228121222491c642299a8c34bd190d11327ab81e8be91a4410ebaec6136 caf04befdf85df73c36f01bbe2b5845aa880d9c56dc09b5a114f643ad6ab592b
SERVER_HANDSHAKE_TRAFFIC_SECRET 09dde228121222491c642299a8c34bd190d11327ab81e8be91a4410ebaec6136 2b596766e2ab1c1bc5bfa0f3d1a573abb576212b73ac48390def60f964f7202c
CLIENT_TRAFFIC_SECRET_0 09dde228121222491c642299a8c34bd190d11327ab81e8be91a4410ebaec6136 c5a67d2a6a12f0b9d59adf2cedb1685aea76dcafd21d393145c25602a4369f8d
SERVER_TRAFFIC_SECRET_0 09dde228121222491c642299a8c34bd190d11327ab81e8be91a4410ebaec6136 d481e3a2caacf998e2514b6e792e764ac83fd3af0b556aa80cc96d10839a3d9b
EXPORTER_SECRET 09dde228121222491c642299a8c34bd190d11327ab81e8be91a4410ebaec6136 f756654ee3f0fe7cf95e268db710e617bfaa139cb859061db8d040301893df65
CLIENT_HANDSHAKE_TRAFFIC_SECRET 0be1b9fd04ad49fd4a99e1b5b6b5734a445bf83326c0fca86bdd5d1c70babcc7 a3f63e080626c6674d9fb830b2aa6b28c7fd9fa0340eb9acba36fdbd7c39aa1e
SERVER_HANDSHAKE_TRAFFIC_SECRET 0be1b9fd04ad49fd4a99e1b5b6b5734a445bf83326c0fca86bdd5d1c70babcc7 fdc9d25428e7068e7c4a5f38c7d98072b838eb16fd928e4ad548ae86bcecb066
CLIENT_HANDSHAKE_TRAFFIC_SECRET e6b106be02eae3853f62806e34ccd07853ec4803d0f84da29895ddcd1e06452e b34484162467dd2f730275576e4e99cf5b9ec78d7953d18e88cbb29cddc584cb
SERVER_HANDSHAKE_TRAFFIC_SECRET e6b106be02eae3853f62806e34ccd07853ec4803d0f84da29895ddcd1e06452e 4d22985d0e5002524f9e9cf2185f0aab3e975b00d1f1ca2536595b21d7def34a
CLIENT_TRAFFIC_SECRET_0 0be1b9fd04ad49fd4a99e1b5b6b5734a445bf83326c0fca86bdd5d1c70babcc7 ba5fdf71ea66e08972bb388de7ae00f850bc2f80b44741ecced692f19078c5cb
SERVER_TRAFFIC_SECRET_0 0be1b9fd04ad49fd4a99e1b5b6b5734a445bf83326c0fca86bdd5d1c70babcc7 90a320cc7a32013a96abf7001dbd2c014270d8d44b0f754966a854f64802ac99
EXPORTER_SECRET 0be1b9fd04ad49fd4a99e1b5b6b5734a445bf83326c0fca86bdd5d1c70babcc7 a76eec15bd0b009376bff7038bb97dd4a637ce8c2c1104c0dbf0af7a40eafabb
CLIENT_TRAFFIC_SECRET_0 e6b106be02eae3853f62806e34ccd07853ec4803d0f84da29895ddcd1e06452e f633c9feb277883397198d18afbea6514a8ced52baae9a34818a67b8be286a8d
SERVER_TRAFFIC_SECRET_0 e6b106be02eae3853f62806e34ccd07853ec4803d0f84da29895ddcd1e06452e c951ed6b71b58456b3b4d908ffc33d62ca25ba0e2b4c271eecfc1d6eb40a223b
EXPORTER_SECRET e6b106be02eae3853f62806e34ccd07853ec4803d0f84da29895ddcd1e06452e 649c3779ed7a1d83c9f4b05af5ce359062c52d1817f4c40eb71b87ab762f2fa7
CLIENT_HANDSHAKE_TRAFFIC_SECRET 5aa79c15e90c62b50947808461f61eda6bc5d535cf5df259e734ebd6586e30a1 33a1e4a4e93fed0a59a995a07e5841f3dae04d569ff279dd6357a737db184fad
SERVER_HANDSHAKE_TRAFFIC_SECRET 5aa79c15e90c62b50947808461f61eda6bc5d535cf5df259e734ebd6586e30a1 06000ad0811adf1668f802ec45b7ebe0f55e2d2a54f53945d8b88156841f70ac
CLIENT_TRAFFIC_SECRET_0 5aa79c15e90c62b50947808461f61eda6bc5d535cf5df259e734ebd6586e30a1 d912064d3331136defbb78f4ad65ac240374d9e67923ea6e0b2a996c36bd4e3b
SERVER_TRAFFIC_SECRET_0 5aa79c15e90c62b50947808461f61eda6bc5d535cf5df259e734ebd6586e30a1 b08469b554840e8e707d73f11011f54c6d668697593730f74133528f5d9e4169
EXPORTER_SECRET 5aa79c15e90c62b50947808461f61eda6bc5d535cf5df259e734ebd6586e30a1 281869e6fee19ebb1980171310966144eacaedc271a62eb12b752a42c8f74e4c
CLIENT_HANDSHAKE_TRAFFIC_SECRET 772b6635b964e1093796ad32338c8cdcbd5593a31401c20eb6252d14fde878a6 86ee4465f3e016cfd032348aee557afcc83a9d6f3af31d6a71e70287ece9d605
SERVER_HANDSHAKE_TRAFFIC_SECRET 772b6635b964e1093796ad32338c8cdcbd5593a31401c20eb6252d14fde878a6 4d02c17d5f800f6932d57fd33893ffed052c7c1d2634b351301089401e57b245
CLIENT_TRAFFIC_SECRET_0 772b6635b964e1093796ad32338c8cdcbd5593a31401c20eb6252d14fde878a6 d8b6a46580ac4df12121e679c57676c443773da6ed135bf78b6050494bb84429
SERVER_TRAFFIC_SECRET_0 772b6635b964e1093796ad32338c8cdcbd5593a31401c20eb6252d14fde878a6 d98c444525c2fb8bd76780c9ff8988d8a25bc3b46322938e959f1e8abde08440
EXPORTER_SECRET 772b6635b964e1093796ad32338c8cdcbd5593a31401c20eb6252d14fde878a6 bca54645e1a0c7c9cd9b5de7b474d5e79621dd08769923a1e491985c9d889319
CLIENT_HANDSHAKE_TRAFFIC_SECRET 301f3c58a734c576297d620ba9f5a59c9c479fdd24576f6aec9b1fbcbac9ccee e6c36a1f6702b8f49de6c679982a6661cc031c695bccee069960b143bdf22559
SERVER_HANDSHAKE_TRAFFIC_SECRET 301f3c58a734c576297d620ba9f5a59c9c479fdd24576f6aec9b1fbcbac9ccee aa5e79b65723ef979b0ed776080bb0c0df0586f15525cab7fb7b2960dec2f854
CLIENT_TRAFFIC_SECRET_0 301f3c58a734c576297d620ba9f5a59c9c479fdd24576f6aec9b1fbcbac9ccee f12ea197368ea2f0766dead8d82d19ee0c0bc36af09359bdd7d4415f067c68a9
SERVER_TRAFFIC_SECRET_0 301f3c58a734c576297d620ba9f5a59c9c479fdd24576f6aec9b1fbcbac9ccee 3215d5e3074b56496ef46d16d629d530f47f1de0cfef4dab485d7e4f40255b8c
EXPORTER_SECRET 301f3c58a734c576297d620ba9f5a59c9c479fdd24576f6aec9b1fbcbac9ccee 496e02fc30bc78b7f9d6be99a82aa2324ab1df0e286db13eb4b3ad5e0e69ca6e
CLIENT_HANDSHAKE_TRAFFIC_SECRET d02c6efb39fd7004297ca458841eb603482c2031930add8e2a5a3cee87974eed 68d6be941093513e01d1388a85ff625b73df258798bda94316080faa75500ad2
SERVER_HANDSHAKE_TRAFFIC_SECRET d02c6efb39fd7004297ca458841eb603482c2031930add8e2a5a3cee87974eed f0c787aeab66d1f86783520a477c9e03a30142d416d155ab99b185fbdb565223
CLIENT_TRAFFIC_SECRET_0 d02c6efb39fd7004297ca458841eb603482c2031930add8e2a5a3cee87974eed f153506cc6be950fd7f6f7dee73c251a61320680395f83f9271a99b9e2f1d7f0
SERVER_TRAFFIC_SECRET_0 d02c6efb39fd7004297ca458841eb603482c2031930add8e2a5a3cee87974eed f7c4eeccc010f0f78f361a9c598dc82a0ee28b1fa517846c5c33b85314c5c2b4
EXPORTER_SECRET d02c6efb39fd7004297ca458841eb603482c2031930add8e2a5a3cee87974eed b9a17179d7141410de200e07493807669640444d5785b5b7eaf9e82bfe3e9428
CLIENT_HANDSHAKE_TRAFFIC_SECRET d0218c48c198ec919b56807e3bc7dabac1471979fa421888fc0060a00257715b 690f0b4d7be1616497620c704d72df3e49dc03702822e4bcd2ecbe413a38c3d8
SERVER_HANDSHAKE_TRAFFIC_SECRET d0218c48c198ec919b56807e3bc7dabac1471979fa421888fc0060a00257715b 94a6f168966d3e56febda546540e6989975583327100389199b89ddcfe9f9fc3
CLIENT_TRAFFIC_SECRET_0 d0218c48c198ec919b56807e3bc7dabac1471979fa421888fc0060a00257715b ca3faa8be4038cda96ec39f116d9fb04bd896393e883c4fc92a11689e78f43e4
SERVER_TRAFFIC_SECRET_0 d0218c48c198ec919b56807e3bc7dabac1471979fa421888fc0060a00257715b 852a874268a29cea47d53e9f53e122fadd3c96fcf317e70cb4783e79c613b727
EXPORTER_SECRET d0218c48c198ec919b56807e3bc7dabac1471979fa421888fc0060a00257715b 6f2632f1c6bd010570c544aea0b37e6d39f167ec53687c08bfedc32593c7d150
CLIENT_HANDSHAKE_TRAFFIC_SECRET 68862c4180baae1fc1e474429e66aa4664f704df4f526db976e57e0dca6930ab 610e548665768e21f8a073216f7fb9f0f3cf68d58619a4eacb32a070c66d3aeb
SERVER_HANDSHAKE_TRAFFIC_SECRET 68862c4180baae1fc1e474429e66aa4664f704df4f526db976e57e0dca6930ab 3550f2beb60f5420a551fc92a3ab53afec2aeef577a0ddce7655d78ffbe67790
CLIENT_TRAFFIC_SECRET_0 68862c4180baae1fc1e474429e66aa4664f704df4f526db976e57e0dca6930ab 7309be1246fb3b163a29b4c1b31444d5f5f8ee5952ea59581a1e7a097bbc4d47
SERVER_TRAFFIC_SECRET_0 68862c4180baae1fc1e474429e66aa4664f704df4f526db976e57e0dca6930ab 0724a9efd00b63da1ef3b65933c4e8dcb6ddd58b9dd1e197d9a62c8352090089
EXPORTER_SECRET 68862c4180baae1fc1e474429e66aa4664f704df4f526db976e57e0dca6930ab d01752af2fc3477d1234789b117de929a94d0df2ebcd7d637c5b840dc836759f
CLIENT_HANDSHAKE_TRAFFIC_SECRET 4bb06f12fe7fbb9dc17d4f2c2b69b97b494710a6ec7b9183746a316e8c9ec3f6 b6f38a3dff13d8aec3a9240e6add7c017e0ae14350316961f12b70ecf6913427
SERVER_HANDSHAKE_TRAFFIC_SECRET 4bb06f12fe7fbb9dc17d4f2c2b69b97b494710a6ec7b9183746a316e8c9ec3f6 bb0f17c00aee9708b3825db6d3968aedc6bfb3e64bf9ae1ec026dac4f5fb7ae0
CLIENT_TRAFFIC_SECRET_0 4bb06f12fe7fbb9dc17d4f2c2b69b97b494710a6ec7b9183746a316e8c9ec3f6 8549e86deed9238b4b953c64b827fa5277d9c779cfb3ddd80a6f0db574a3865c
SERVER_TRAFFIC_SECRET_0 4bb06f12fe7fbb9dc17d4f2c2b69b97b494710a6ec7b9183746a316e8c9ec3f6 ad6803b10fdee3a20c21a09c97f70f0298c6329a08b4407e64533df46e500603
EXPORTER_SECRET 4bb06f12fe7fbb9dc17d4f2c2b69b97b494710a6ec7b9183746a316e8c9ec3f6 6152d66fd37add2038144bd88e0ce39aa9d4d528ae247b79cc3407d98de22a5a
CLIENT_HANDSHAKE_TRAFFIC_SECRET 208f81d4c46cfe03bb4f395f4a4dcff0482cfb99930dd2b2adbf818f48cc2749 c8ae363a5d42f5cb08c4d7ec2540078851c58eb95d21e7726368ba051941f4e4
SERVER_HANDSHAKE_TRAFFIC_SECRET 208f81d4c46cfe03bb4f395f4a4dcff0482cfb99930dd2b2adbf818f48cc2749 ec32a89142d9055bb635ac28a7034ba5d7a4cef664084039cf813e19f32f3196
CLIENT_HANDSHAKE_TRAFFIC_SECRET c6c193dbc4975f81775ca1ee544e244553824e9b3a9a3084dbcbc99d56bfc747 b0f1d430e95a8572ebdffb51d8abbbb35ce09574cadf5a4d634d55500d5ba171
SERVER_HANDSHAKE_TRAFFIC_SECRET c6c193dbc4975f81775ca1ee544e244553824e9b3a9a3084dbcbc99d56bfc747 5e6608b2e051d41f437f61c72ecda4cb64472a5a06ed2df819a1cde49238e290
CLIENT_HANDSHAKE_TRAFFIC_SECRET 7c2f15d06bebd9b60a8931323dd9a64e01fc1897fe8f346e2bb59bc92c9e2ae3 ec146c8cbddd40cc722c9e2a9f31aed1966472f6bea52816ded63753fa740308
SERVER_HANDSHAKE_TRAFFIC_SECRET 7c2f15d06bebd9b60a8931323dd9a64e01fc1897fe8f346e2bb59bc92c9e2ae3 b5ad3a6a65a6946fdbd03617d536ec9e1748a0c8f830a1cfd6cd995ba2496377
CLIENT_HANDSHAKE_TRAFFIC_SECRET 29d30aec5da7d2cf3d7c4430071093f0424ebc793810b4b969c65432c523359f 066d0faa089f040900c54ea34f97f085f82e5b3b487db056bd3e38a1284e330a
SERVER_HANDSHAKE_TRAFFIC_SECRET 29d30aec5da7d2cf3d7c4430071093f0424ebc793810b4b969c65432c523359f 4cbb1fa6fbcc75643fdbdf285470b4d55feb1ee02804309f3f69c9320a49e496
CLIENT_HANDSHAKE_TRAFFIC_SECRET 410fdc9e0428d1c7f45d1962eee99282cc8ffb8edf3f9676dddc0b0019c8fd7d 76d2a7975deb42abb53c33bc634a6fd146a09062243687483caa146177ec8004
SERVER_HANDSHAKE_TRAFFIC_SECRET 410fdc9e0428d1c7f45d1962eee99282cc8ffb8edf3f9676dddc0b0019c8fd7d 7ce1788ff17c91a47d1a41089c2d5b6503edff91a124460ba71d9630a75f9ec0
CLIENT_TRAFFIC_SECRET_0 208f81d4c46cfe03bb4f395f4a4dcff0482cfb99930dd2b2adbf818f48cc2749 1d5a91a46c1636bdf55e1ca0285ab01a27064ec60f79b81b9f102abad7676fef
SERVER_TRAFFIC_SECRET_0 208f81d4c46cfe03bb4f395f4a4dcff0482cfb99930dd2b2adbf818f48cc2749 ede58563c230e03fc522fa2929cd0893fef8da7cccfea68cb831edd36a216db5
EXPORTER_SECRET 208f81d4c46cfe03bb4f395f4a4dcff0482cfb99930dd2b2adbf818f48cc2749 59f46b6c444b183383626daa3af766e57845149e89cef95937d50ad7cdc4c982
CLIENT_HANDSHAKE_TRAFFIC_SECRET 72dfc74c0a8e2b983e1dfe5076baeea1ca88257e099b671e70b892eb6230d19f 47bb3504e421bde115244cebdb0f2f09ef9b6f6c17849b0da284fcd035512650
SERVER_HANDSHAKE_TRAFFIC_SECRET 72dfc74c0a8e2b983e1dfe5076baeea1ca88257e099b671e70b892eb6230d19f 3b35e3be611cd3def67a0b82e65942c765961f707de742dd3995ccde1052c0b4
CLIENT_HANDSHAKE_TRAFFIC_SECRET 3c09c781173d1beeafe37cc769c48e66067681aafce57987187ea29b649b2786 cd96f51a8375a4ef212df35031e560d1d41e75cbdfc16d089e0e37814f9fab64
SERVER_HANDSHAKE_TRAFFIC_SECRET 3c09c781173d1beeafe37cc769c48e66067681aafce57987187ea29b649b2786 b7ef8c386850d3f4c10ccd13bc8c6f62748206e2911a74c8534ee8d308ae773d
CLIENT_HANDSHAKE_TRAFFIC_SECRET a768a44c0099acbe255fb77698ef08aba6bcc6f8ad3cdd7b7c12c348eaa60422 bcb2d6f538e243191d1b50b177f897e2f1e4a202bae90e5a5823eccd5864336a
SERVER_HANDSHAKE_TRAFFIC_SECRET a768a44c0099acbe255fb77698ef08aba6bcc6f8ad3cdd7b7c12c348eaa60422 7340ec48ad2fa4cbdfeb2d823a75024932f1dd09e5d11796800ae4bef8275cbf
CLIENT_HANDSHAKE_TRAFFIC_SECRET 0ca84978586bf4b2be29b138820a31fb4e0c3cd1e2af8e7d2443cf46ee6e2e96 26def8cc202b3dbff1e2a50ca4421f1b0b732ec4076017e9fd835d020ec5d298
SERVER_HANDSHAKE_TRAFFIC_SECRET 0ca84978586bf4b2be29b138820a31fb4e0c3cd1e2af8e7d2443cf46ee6e2e96 aa1058ad4eecccd0d65667a8616bc43effacb81a7469a8482b12d37b9f4a10ff
CLIENT_HANDSHAKE_TRAFFIC_SECRET b55fdb6bf645efc1bc643fbbbe73e522feb358b7c4ca1e5f379a510b66f8ab06 55eb7b64d36a02b4c4e1e575699c654fd9389c2a88bdc16471bd3924c770c49c
SERVER_HANDSHAKE_TRAFFIC_SECRET b55fdb6bf645efc1bc643fbbbe73e522feb358b7c4ca1e5f379a510b66f8ab06 c855614496cd24a250bf40df6cbbc7b1c6d9693123debf0166c8ff69b2b6391c
CLIENT_TRAFFIC_SECRET_0 7c2f15d06bebd9b60a8931323dd9a64e01fc1897fe8f346e2bb59bc92c9e2ae3 e6fefab1856acc1e3cea29dcecb7acc03f1389a77b215bce5d646c9a0976f8aa
SERVER_TRAFFIC_SECRET_0 7c2f15d06bebd9b60a8931323dd9a64e01fc1897fe8f346e2bb59bc92c9e2ae3 f9e002175979550a2fcb0b7286ae332f37133b8a589cfcc84935c754597f37f2
EXPORTER_SECRET 7c2f15d06bebd9b60a8931323dd9a64e01fc1897fe8f346e2bb59bc92c9e2ae3 0947e81de41d8b5278952d7b6f67a40b714395d88dc718ad2968841ee3715ba9
CLIENT_TRAFFIC_SECRET_0 c6c193dbc4975f81775ca1ee544e244553824e9b3a9a3084dbcbc99d56bfc747 652b53480b097053540ead140f704ab1eb26114141584c93955da92921998ee8
SERVER_TRAFFIC_SECRET_0 c6c193dbc4975f81775ca1ee544e244553824e9b3a9a3084dbcbc99d56bfc747 0e9d235a6dd7bd80801c948782bf33be0a4f1a6831caaffc56dfc8573f2e7f10
EXPORTER_SECRET c6c193dbc4975f81775ca1ee544e244553824e9b3a9a3084dbcbc99d56bfc747 e79064070be9835b51b30c2a2999c32f2235d6913a6b4171f898e391abb1c970
CLIENT_TRAFFIC_SECRET_0 29d30aec5da7d2cf3d7c4430071093f0424ebc793810b4b969c65432c523359f 733a1a3ee9ae911282d9b17162946f830611e0441a874aec5a77c8fd522c5148
SERVER_TRAFFIC_SECRET_0 29d30aec5da7d2cf3d7c4430071093f0424ebc793810b4b969c65432c523359f 94cf282349ca3cb15b1ab8749a5e6c99340645a3e7c929abb64464d51f92fa96
EXPORTER_SECRET 29d30aec5da7d2cf3d7c4430071093f0424ebc793810b4b969c65432c523359f c9636b7eab7e4b087e0a2be4844d36915a748e306730f8fdb3aca0635c8eab7f
CLIENT_TRAFFIC_SECRET_0 b55fdb6bf645efc1bc643fbbbe73e522feb358b7c4ca1e5f379a510b66f8ab06 1dc8e5c0dc2e0e3d1022e463c0abf7aac524a1900be8cb10e30f9359e2e558ad
SERVER_TRAFFIC_SECRET_0 b55fdb6bf645efc1bc643fbbbe73e522feb358b7c4ca1e5f379a510b66f8ab06 af24ce9beefd8e33d7781bc071c83ceda55dbea210ba95803a0fa746530b42ca
EXPORTER_SECRET b55fdb6bf645efc1bc643fbbbe73e522feb358b7c4ca1e5f379a510b66f8ab06 4d5628f6def843de83c55a1d650b33302cf92791f2ce3770335e9e197602080f
CLIENT_TRAFFIC_SECRET_0 410fdc9e0428d1c7f45d1962eee99282cc8ffb8edf3f9676dddc0b0019c8fd7d 94a3edcada152c6a25066b9a210d6b75cea08ff71a5425b6054fb00271a44120
SERVER_TRAFFIC_SECRET_0 410fdc9e0428d1c7f45d1962eee99282cc8ffb8edf3f9676dddc0b0019c8fd7d 5bb7e570b2bc9bc1ce2ee0ddf65a73f67db7bcd17fc33e167f139aee7cf4f28e
EXPORTER_SECRET 410fdc9e0428d1c7f45d1962eee99282cc8ffb8edf3f9676dddc0b0019c8fd7d 51f47499a9342647626c2086506d8f34bd0565ed37af6da77e019b5b762e9719
CLIENT_TRAFFIC_SECRET_0 72dfc74c0a8e2b983e1dfe5076baeea1ca88257e099b671e70b892eb6230d19f a7f6b3e1ccdfd1d7b8cabb3f4df23afd1b7e89f7e153c55f58c333f61b74f69c
SERVER_TRAFFIC_SECRET_0 72dfc74c0a8e2b983e1dfe5076baeea1ca88257e099b671e70b892eb6230d19f 6edc8a8929c884c6bfab3ccc7b9e50258d9cfe401f247fecc5357322a029d697
EXPORTER_SECRET 72dfc74c0a8e2b983e1dfe5076baeea1ca88257e099b671e70b892eb6230d19f b4b4a7bf3b2540383bdbb64f9af0232ff7ce233b11c3eddb14bf7061fdf58439
CLIENT_TRAFFIC_SECRET_0 a768a44c0099acbe255fb77698ef08aba6bcc6f8ad3cdd7b7c12c348eaa60422 a2f1e4e9890d12b6d640b9bbcc5244d25beb09a885c08ef466c926180f7929ee
SERVER_TRAFFIC_SECRET_0 a768a44c0099acbe255fb77698ef08aba6bcc6f8ad3cdd7b7c12c348eaa60422 6dbe56790beda298fea1831b1c3b2d8f0508a47fad4d4190a5a5e9b9be019be9
EXPORTER_SECRET a768a44c0099acbe255fb77698ef08aba6bcc6f8ad3cdd7b7c12c348eaa60422 0d9337d5a89a374791c0f8b89a14074363828f8bfd6308124624a391d9166ae6
CLIENT_TRAFFIC_SECRET_0 3c09c781173d1beeafe37cc769c48e66067681aafce57987187ea29b649b2786 c05f8948cbba00fa5936f24e98855117b900bb6b1d493f9bf957295d01419de8
SERVER_TRAFFIC_SECRET_0 3c09c781173d1beeafe37cc769c48e66067681aafce57987187ea29b649b2786 825b5af85cb71a5bca160517c929df683330ffeae742ed6e7fda4daccdba7420
EXPORTER_SECRET 3c09c781173d1beeafe37cc769c48e66067681aafce57987187ea29b649b2786 ab1d3f8b9929681435d7a1a4df01e3e98b69f3ad372f25d6f6b863d9a6b47673
CLIENT_TRAFFIC_SECRET_0 0ca84978586bf4b2be29b138820a31fb4e0c3cd1e2af8e7d2443cf46ee6e2e96 6bba1b2f4c00aed36b9c3fd01db322fd32537918455bcc9f2b00a1705d6cf1e0
SERVER_TRAFFIC_SECRET_0 0ca84978586bf4b2be29b138820a31fb4e0c3cd1e2af8e7d2443cf46ee6e2e96 7268d1a7ea0eadc6491f6145bc3040fd360f337d74139dbd4fb5bb3540eb0c30
EXPORTER_SECRET 0ca84978586bf4b2be29b138820a31fb4e0c3cd1e2af8e7d2443cf46ee6e2e96 d14f1639d712728f58995b3453394746daeecab15b79a6a8cc449e722d25d8c2
CLIENT_HANDSHAKE_TRAFFIC_SECRET e4ffea1350825f117a90ecddce478e8dc90558d06d1ddf66b19c0f30d8fa831b fbeb0a2c7c98c67c057ba90ff4a88ac377aa3008b78f0261ba1b7ed0926dfe8f
SERVER_HANDSHAKE_TRAFFIC_SECRET e4ffea1350825f117a90ecddce478e8dc90558d06d1ddf66b19c0f30d8fa831b 41e2c158bb26b866d8572fd37fe81486cc35195c79121512efb684729e0c5c2d
CLIENT_HANDSHAKE_TRAFFIC_SECRET 0ad05fa0fa17bdda010d8bdf9f194e52729fa48123cae6211f87d647455b103b 276158910492397e2ebb59ce138f7737123a82cc066283747d287b56e83cfb6e
SERVER_HANDSHAKE_TRAFFIC_SECRET 0ad05fa0fa17bdda010d8bdf9f194e52729fa48123cae6211f87d647455b103b c63c524b398e2c479bf47239d9d7db7d6adffe7d5c7788cabaed6cce3743edc3
CLIENT_TRAFFIC_SECRET_0 e4ffea1350825f117a90ecddce478e8dc90558d06d1ddf66b19c0f30d8fa831b f2b9297d53218d616c63bb34995e2a48b2e6276c9423ed3a4b4b021325ff8041
SERVER_TRAFFIC_SECRET_0 e4ffea1350825f117a90ecddce478e8dc90558d06d1ddf66b19c0f30d8fa831b 2ddb7a037571fdcfff2443a92e8b0c14cd9b4267f6cea2858d3b0d3db8617404
EXPORTER_SECRET e4ffea1350825f117a90ecddce478e8dc90558d06d1ddf66b19c0f30d8fa831b 01d4d1d94e901eb9a252239a9b1d553bd47970143234bc692b401d2d591259a4
CLIENT_TRAFFIC_SECRET_0 0ad05fa0fa17bdda010d8bdf9f194e52729fa48123cae6211f87d647455b103b 24532e0efa592abd021c530579e6eb6e600890a2747a819326ba4cef9c82fac2
SERVER_TRAFFIC_SECRET_0 0ad05fa0fa17bdda010d8bdf9f194e52729fa48123cae6211f87d647455b103b 6c6ea39960df1ebbff1505e447a9295b717d02f2e133c644e07773d8017d7d07
EXPORTER_SECRET 0ad05fa0fa17bdda010d8bdf9f194e52729fa48123cae6211f87d647455b103b 70058b08d3e0bcb59af6e92df3d7ddaf24058bab72d46e7b9fbc1142842dce53
CLIENT_HANDSHAKE_TRAFFIC_SECRET c5c8cb9ba8882209c8673f171cb609b0aa43bfd1575ef1371c801d1da312264d 2d87aa1348ee80ab9941580e8e9f85a60b201c5a35d50081a79f802d8175c485
SERVER_HANDSHAKE_TRAFFIC_SECRET c5c8cb9ba8882209c8673f171cb609b0aa43bfd1575ef1371c801d1da312264d bfdd018ea44fdd2f94348f58c030de8d22649dab26a680e70e0169043b249cd4
CLIENT_HANDSHAKE_TRAFFIC_SECRET 307f0d54c1d27c722da477fa04b3e8a2811109f79e5468b721cdc31114a3a5f5 796c0d97f13e5fc2d40765a52713c25805239c1207d9ac46ad005de4ce7cbef6
SERVER_HANDSHAKE_TRAFFIC_SECRET 307f0d54c1d27c722da477fa04b3e8a2811109f79e5468b721cdc31114a3a5f5 54f58a39b7c970c2968a61bab232b1b591ac277503a0a6da8f28673d4f0ecd9a
CLIENT_HANDSHAKE_TRAFFIC_SECRET 3ec0c1daa304032c82f942b111cc91f38483981e65221a7fb9d24a5e3e716212 f8c13da08341b6ebf3d7c8e07ffc95b98b8c7764bd647806678550aaa9206d60
SERVER_HANDSHAKE_TRAFFIC_SECRET 3ec0c1daa304032c82f942b111cc91f38483981e65221a7fb9d24a5e3e716212 5369ee15163e556ed0c8d0ba2d847c38f46bfbdd2059bc1a8af5dfefe446561d
CLIENT_TRAFFIC_SECRET_0 c5c8cb9ba8882209c8673f171cb609b0aa43bfd1575ef1371c801d1da312264d 9a8d6570d4078c28926fff9bcdb717ae4637965261d0d967bc0e93822d3b4aa5
SERVER_TRAFFIC_SECRET_0 c5c8cb9ba8882209c8673f171cb609b0aa43bfd1575ef1371c801d1da312264d 3e2cf96cdd60410c0e3045e6892423b122c9c5b60f9e64f5f423f3998a2c351e
EXPORTER_SECRET c5c8cb9ba8882209c8673f171cb609b0aa43bfd1575ef1371c801d1da312264d 3a17691e8da66130aab95ae633c77ffd44b35aad103730ed96e01111278753d0
CLIENT_TRAFFIC_SECRET_0 307f0d54c1d27c722da477fa04b3e8a2811109f79e5468b721cdc31114a3a5f5 df3416b218f256aac3ada2f19be753f7d6094a709a2d6c861779cfdc5c288f28
SERVER_TRAFFIC_SECRET_0 307f0d54c1d27c722da477fa04b3e8a2811109f79e5468b721cdc31114a3a5f5 cc70eb706d90963a57144302a3a9dc01611c620972832bc2c6dcdcdea352978e
EXPORTER_SECRET 307f0d54c1d27c722da477fa04b3e8a2811109f79e5468b721cdc31114a3a5f5 a9c8af8ec13a5f69ac06ff4055fa4673852fe695cd2254d9770816c0fae61e31
CLIENT_TRAFFIC_SECRET_0 3ec0c1daa304032c82f942b111cc91f38483981e65221a7fb9d24a5e3e716212 0d70366d2ed1de9473b947bda33c815751328f85b37c1553b730b8ec0bfd27b6
SERVER_TRAFFIC_SECRET_0 3ec0c1daa304032c82f942b111cc91f38483981e65221a7fb9d24a5e3e716212 339b21e9fb7b1ca126ff546ff9f874aa323848462bebdeab61d6638521a53e8a
EXPORTER_SECRET 3ec0c1daa304032c82f942b111cc91f38483981e65221a7fb9d24a5e3e716212 5fe967f57884c2096da7bb8f0f1040d9a84fbc1f574a75b277c998a145bea5b3
CLIENT_HANDSHAKE_TRAFFIC_SECRET 590239ed30cc1ef1d654a066aafafeeaa904536086e34f578557487ee1c3e4d1 975848df301b9224c35f6b987e40fd2040795d3c485cffe617bcee9bc1fa63a7
SERVER_HANDSHAKE_TRAFFIC_SECRET 590239ed30cc1ef1d654a066aafafeeaa904536086e34f578557487ee1c3e4d1 2b202c59dc8150188f78371028c9825f210e23fc70f6ed380f19a7ee3a30545f
CLIENT_HANDSHAKE_TRAFFIC_SECRET 60af5effaf08a417111877f48f72fd8dcb85bc6cc81c08392f18fd9aa4e19578 3fff699e6da2a59e3d24188728a8ff9aa5dada22527fb595dc974d5e933cfb76
SERVER_HANDSHAKE_TRAFFIC_SECRET 60af5effaf08a417111877f48f72fd8dcb85bc6cc81c08392f18fd9aa4e19578 a4e17487f683b49633f21209dd4020f76c8b89691c0a8f3618ff1e6db9d79ff5
CLIENT_HANDSHAKE_TRAFFIC_SECRET 07629928dd955f42ea6677c19652c6f7ccb2546db7e2b870df98ed86d33c2232 6ef999d9bd55e6fab7a461e117df0486a9b458729e26300a698efd869e41335a
SERVER_HANDSHAKE_TRAFFIC_SECRET 07629928dd955f42ea6677c19652c6f7ccb2546db7e2b870df98ed86d33c2232 ded497d8166cf3a7a799f85b661e60c5e199d459c239e0cbd980072ef8926b45
CLIENT_TRAFFIC_SECRET_0 590239ed30cc1ef1d654a066aafafeeaa904536086e34f578557487ee1c3e4d1 61c1e4436ddab21e1f8f9e374b14b95a05f0105029520cf9fed458460b435ebc
SERVER_TRAFFIC_SECRET_0 590239ed30cc1ef1d654a066aafafeeaa904536086e34f578557487ee1c3e4d1 e96d04781729058580483b91a763c169e955615ab27a977ae11a85da5dbc66ef
EXPORTER_SECRET 590239ed30cc1ef1d654a066aafafeeaa904536086e34f578557487ee1c3e4d1 654616df5522e15de8fbb058467a4d0174939d17427009ddc00a2cc34155e37f
CLIENT_TRAFFIC_SECRET_0 07629928dd955f42ea6677c19652c6f7ccb2546db7e2b870df98ed86d33c2232 e09d5807b1c34fe1f167da2dcd343edda4027ba4584e70bc73c05875a733fbfb
SERVER_TRAFFIC_SECRET_0 07629928dd955f42ea6677c19652c6f7ccb2546db7e2b870df98ed86d33c2232 9dc52bc88161765e7fd5c178b8f8dbdc99ed351699fff5f98cd00ab3ae92a1d4
EXPORTER_SECRET 07629928dd955f42ea6677c19652c6f7ccb2546db7e2b870df98ed86d33c2232 ef8cae824f36464009f8b6f784e395f2ac969b10b9a00e15a5791df6d6fe58fe
CLIENT_TRAFFIC_SECRET_0 60af5effaf08a417111877f48f72fd8dcb85bc6cc81c08392f18fd9aa4e19578 eb7738d1344749eaadb1cbd65f75593aabcdfe27fc30a6abcf43bb5cc4d199da
SERVER_TRAFFIC_SECRET_0 60af5effaf08a417111877f48f72fd8dcb85bc6cc81c08392f18fd9aa4e19578 4ab6904dcc8c66afb091420a6871be4215627d08876f0a00ed34c292718a54e3
EXPORTER_SECRET 60af5effaf08a417111877f48f72fd8dcb85bc6cc81c08392f18fd9aa4e19578 20e0edb65779a8d1307d7dd3e807fac9312b6141ceda2473a6116996bbd3826b
CLIENT_HANDSHAKE_TRAFFIC_SECRET fe24f497c4f258d48a713ffc22cf62e6f1e6b5163aa2e2e841da51e28f35ad18 572f588edfe2dc66aced5ef64ef70f63b333b636c0e2a4bcd27b52a8f4eed0ba
SERVER_HANDSHAKE_TRAFFIC_SECRET fe24f497c4f258d48a713ffc22cf62e6f1e6b5163aa2e2e841da51e28f35ad18 e3a50951fbf6db8769e50420ac330953a66f11c1977a7d4eea03f22bcea0e80b
CLIENT_TRAFFIC_SECRET_0 fe24f497c4f258d48a713ffc22cf62e6f1e6b5163aa2e2e841da51e28f35ad18 3cc492e5a4683129e1ec30604b38d83b8c50e52dbcb141d801e81ba6c093392b
SERVER_TRAFFIC_SECRET_0 fe24f497c4f258d48a713ffc22cf62e6f1e6b5163aa2e2e841da51e28f35ad18 3d1c58f9798158a267b9a47e9e714b16d5d0cb50308100c08efca8bb97058891
EXPORTER_SECRET fe24f497c4f258d48a713ffc22cf62e6f1e6b5163aa2e2e841da51e28f35ad18 257d306537d139a0634690f8350103bcf450e5555fa98fa44e7c167ff7bf37be
CLIENT_HANDSHAKE_TRAFFIC_SECRET 412558f2712e0eae21662c4eb7065f75e614bce9a80508c7ef19a8cd71607568 5d6a5de6eedefd9f29488d798d049a19565f15ab99b6c313941cce00f80545505ea967ef6457313ff1a4488ed6175818
SERVER_HANDSHAKE_TRAFFIC_SECRET 412558f2712e0eae21662c4eb7065f75e614bce9a80508c7ef19a8cd71607568 c58f69477e77afab8b03cf66128a5271d0c1535fefcb46bd7e7876e951f47ac607f0e7a2775e0b21e9953b921b97d6dc
CLIENT_TRAFFIC_SECRET_0 412558f2712e0eae21662c4eb7065f75e614bce9a80508c7ef19a8cd71607568 61cbdb30c492da61708dd855ade829bd4d4d27fd77747edc7415df3bf2e9c1139c682e407e463810a3bb7189c574ec5d
SERVER_TRAFFIC_SECRET_0 412558f2712e0eae21662c4eb7065f75e614bce9a80508c7ef19a8cd71607568 e9132409710829f47426035b7a0d8bc93bb3ee939ece9334f84fc2dfd513413e2ec7182516a4e3228d07e596f89891df
EXPORTER_SECRET 412558f2712e0eae21662c4eb7065f75e614bce9a80508c7ef19a8cd71607568 08d3740ce98299c7cc9ed1a1b2218852e0e2128be449674e0a1d4ab91e6a480c5fbbdaa48899f4f0c7dac6777a562ecd
CLIENT_HANDSHAKE_TRAFFIC_SECRET e004abe5e36036f048e483c23e90b3ed01429f38f2b211f7e6415c416b82f97f b8e09df62c61dd976472a037f7915e5577455056004559bd568e57aedeb7ce37
SERVER_HANDSHAKE_TRAFFIC_SECRET e004abe5e36036f048e483c23e90b3ed01429f38f2b211f7e6415c416b82f97f c6d53bb6714a3aef39db9b305e26d6e30551f6a2750a2f9dddfde9c887956177
CLIENT_TRAFFIC_SECRET_0 e004abe5e36036f048e483c23e90b3ed01429f38f2b211f7e6415c416b82f97f 04a8ce1e1d2b7e83929d1b92ab4c3a11b47a03ebd2d92a121a381f3d448a2ef0
SERVER_TRAFFIC_SECRET_0 e004abe5e36036f048e483c23e90b3ed01429f38f2b211f7e6415c416b82f97f 1361ca2e07b60153a01b7d038deedb81bb1b9828679a9fee6082d4bcacd526ea
EXPORTER_SECRET e004abe5e36036f048e483c23e90b3ed01429f38f2b211f7e6415c416b82f97f 7742b82d0a0ace71c3e52925529a1c104bf458129205aec43d32c0049cf0142e
CLIENT_HANDSHAKE_TRAFFIC_SECRET 8f4e292f82fa50681dcd72f4fbf31168738a8cf0047afa802692c147fff53794 35eff223fb214bbc7c76357bfb58441871fc498cda80c91913c89746538ddc745cbfc6fb1632d8fb4d50305cd7db1815
SERVER_HANDSHAKE_TRAFFIC_SECRET 8f4e292f82fa50681dcd72f4fbf31168738a8cf0047afa802692c147fff53794 da33080517b0ade472419df295cdb8fa76abfd13d64e236edccade7be1ee2c1298bb6d0b15e1a2219095c521d677976b
CLIENT_TRAFFIC_SECRET_0 8f4e292f82fa50681dcd72f4fbf31168738a8cf0047afa802692c147fff53794 013420bbf9d957fd8d6bb74de6e22927790aadd0babb66d22a55ca64d5dba569d374a2a8e3681b7b1eab8e8027b0fc06
SERVER_TRAFFIC_SECRET_0 8f4e292f82fa50681dcd72f4fbf31168738a8cf0047afa802692c147fff53794 632dd4e598f82e60cc6e5bc47bc37425199e6a56309581bb9185f7f23afcc2cc7dd60b4e86dd9c724b3230b2fd4eb495
EXPORTER_SECRET 8f4e292f82fa50681dcd72f4fbf31168738a8cf0047afa802692c147fff53794 b4247a607d4eb47942a58a26d5e13f5bf4395e45b50aa2251e845eed5873cdd40e8c036b3561125685981e6cac31ecc9
CLIENT_HANDSHAKE_TRAFFIC_SECRET af29e3840e1f4da1030e1b0f872a5ca9894d4565d506a022ca8930ab5892ef43 e893c90c4ef10de97396299f90e9dd29bf8e2bc14e4288011ebbcbcfdb5c0217bd299274d080c0a984a3637c350d4cfd
SERVER_HANDSHAKE_TRAFFIC_SECRET af29e3840e1f4da1030e1b0f872a5ca9894d4565d506a022ca8930ab5892ef43 5a7ea781cc2b2413d79b70db8982280d8a9f259cd4217ac3afa7751457fd2edd44126709dbb5c1532720a43dce278bdb
CLIENT_TRAFFIC_SECRET_0 af29e3840e1f4da1030e1b0f872a5ca9894d4565d506a022ca8930ab5892ef43 ac768c2ea22de844cc96af5c4efdf826140305a8483c5836868502df8060a8c913bb701fddb52a9a4a4b66c5130a72fd
SERVER_TRAFFIC_SECRET_0 af29e3840e1f4da1030e1b0f872a5ca9894d4565d506a022ca8930ab5892ef43 895a438d40667fb95cb5a675de1be57545f878d5d562aea9f98582427ad8d641fa805835c4546f8ce71db0bd3d2b5e75
EXPORTER_SECRET af29e3840e1f4da1030e1b0f872a5ca9894d4565d506a022ca8930ab5892ef43 228fbcb2c88ae1a9628a930323912f236700601a8449979f9fc24c7d21c03034defc6afee38c04b2fbbf3ccbd9063410
CLIENT_HANDSHAKE_TRAFFIC_SECRET c67938977b800609356cce89fddfe2a0cc179335f6045fc310a92fd4f6d712dc 2118d52f0f1dac932626cd9d5469641dd04763edc1b4723c3e998dfd7b46a2f4
SERVER_HANDSHAKE_TRAFFIC_SECRET c67938977b800609356cce89fddfe2a0cc179335f6045fc310a92fd4f6d712dc 9cf7a06ddaea9fc0ede0501735d7c33fc2114a934747b34b9da555ff778e2e64
CLIENT_TRAFFIC_SECRET_0 c67938977b800609356cce89fddfe2a0cc179335f6045fc310a92fd4f6d712dc 6373186b78577d324cf541750785067d2be7b7a6f572c0673ddf87c21946a7f6
SERVER_TRAFFIC_SECRET_0 c67938977b800609356cce89fddfe2a0cc179335f6045fc310a92fd4f6d712dc 6294778b9d815ef5b18e5a7b250d7aafa8c557e7b3a245468933402e358bcd14
EXPORTER_SECRET c67938977b800609356cce89fddfe2a0cc179335f6045fc310a92fd4f6d712dc ef3f67e3dea890e0ceb2745a4385a5534d22620dda863d49ce19e32ee863ddd9
CLIENT_HANDSHAKE_TRAFFIC_SECRET f58a73f611baa09636e43a6fcb28c5bce4eb7f40b1bfa62384c1f7f4f3f93849 2ee3dfcf80bcb13d828e6278d4a1dfe33179637d6cb8789ef09da8f0416f7654
SERVER_HANDSHAKE_TRAFFIC_SECRET f58a73f611baa09636e43a6fcb28c5bce4eb7f40b1bfa62384c1f7f4f3f93849 51d3f76379731ad439427eb760bb1d46594a53e0eda2af592aa2d1e3f83be8a4
CLIENT_TRAFFIC_SECRET_0 f58a73f611baa09636e43a6fcb28c5bce4eb7f40b1bfa62384c1f7f4f3f93849 78fca55c898cb23adf6d2670d8c3db46de265d0ce21754fe7b64cdd7d59b939c
SERVER_TRAFFIC_SECRET_0 f58a73f611baa09636e43a6fcb28c5bce4eb7f40b1bfa62384c1f7f4f3f93849 1643ebfc2a07744f01a712aa5437f05f2d2a84fad2ca191e6450c9841d2b9c7d
EXPORTER_SECRET f58a73f611baa09636e43a6fcb28c5bce4eb7f40b1bfa62384c1f7f4f3f93849 1caab6193b9e27964ab3dd198818a9a1066a7adda9991a72f53743173b4ae885
CLIENT_HANDSHAKE_TRAFFIC_SECRET 78cdb297415d92f0bbc24fb229a397a57a779d1b2b7a341161e79d7d343b1659 07a807e044237fd62227d09829467452ee53820aa89646c0a8f5f4b5f4910ae6
SERVER_HANDSHAKE_TRAFFIC_SECRET 78cdb297415d92f0bbc24fb229a397a57a779d1b2b7a341161e79d7d343b1659 a7f08c7efd2c568842b807518f6dfea24aba6731f48c27d4efc7573aebe22424
CLIENT_HANDSHAKE_TRAFFIC_SECRET 0b583fe5039a9359171970c2d37b80dcff00c53f46847ab9a0f17d7ea40690f0 df82b9ab83dfe0e24a02a717b9e3c703f40fe3f1eb0236934dbcde57087cfcb0
SERVER_HANDSHAKE_TRAFFIC_SECRET 0b583fe5039a9359171970c2d37b80dcff00c53f46847ab9a0f17d7ea40690f0 37ea414ea4c3d75abda4bcc8ecc9fe720f35a64310b5ab1616b21551b3998bb1
CLIENT_TRAFFIC_SECRET_0 78cdb297415d92f0bbc24fb229a397a57a779d1b2b7a341161e79d7d343b1659 9eadbd800288bb603cf51313dabf23dedc2f851cf58968e1c88b9cab8b34be8e
SERVER_TRAFFIC_SECRET_0 78cdb297415d92f0bbc24fb229a397a57a779d1b2b7a341161e79d7d343b1659 da4740b35906353c9c58fb9224c0cd26791d49f6f0b2d1f1ec37524d17dea3e7
EXPORTER_SECRET 78cdb297415d92f0bbc24fb229a397a57a779d1b2b7a341161e79d7d343b1659 6862d8616b2bbc602494fde0a089d6c8bb103025a000d9293af64dc31707cc9a
CLIENT_TRAFFIC_SECRET_0 0b583fe5039a9359171970c2d37b80dcff00c53f46847ab9a0f17d7ea40690f0 bd0f8f770294175d18f143ec76cb261c2300e6163b413f3fe0d79a5a957fe55e
SERVER_TRAFFIC_SECRET_0 0b583fe5039a9359171970c2d37b80dcff00c53f46847ab9a0f17d7ea40690f0 d909ae08bf66125528d896333a8007c840c3578ff24b57e8fa4ed2a7b41917bf
EXPORTER_SECRET 0b583fe5039a9359171970c2d37b80dcff00c53f46847ab9a0f17d7ea40690f0 c6a2330b2d80e9ce5bd48e88a0e3bc937d76bdadac50001816200121c3d1704b
CLIENT_HANDSHAKE_TRAFFIC_SECRET 3c0b258b1d195e27249fb3022c389700c25a762e5b4dd8a913a6c4005c75c8c2 b8a2ba129746f839825af554b16c769316af12e2aa0cdf8126a24dbf7fccad52
SERVER_HANDSHAKE_TRAFFIC_SECRET 3c0b258b1d195e27249fb3022c389700c25a762e5b4dd8a913a6c4005c75c8c2 19f9841f37be7ef31954a125be23e634033a5a6ccce1830363b13082c57a93d5
CLIENT_TRAFFIC_SECRET_0 3c0b258b1d195e27249fb3022c389700c25a762e5b4dd8a913a6c4005c75c8c2 8b8c3712314ff54f55a9f6a304e157781b9dfddc88158fe80d3d1e5e21066f64
SERVER_TRAFFIC_SECRET_0 3c0b258b1d195e27249fb3022c389700c25a762e5b4dd8a913a6c4005c75c8c2 32e52daf16b957e5765fe935fe396a91ccc39abe7f5ed1b131203d529d7ef4e5
EXPORTER_SECRET 3c0b258b1d195e27249fb3022c389700c25a762e5b4dd8a913a6c4005c75c8c2 03a277720a1368294f09cadcd90b309ea4ef68106c60b130566b4f897c85f365
CLIENT_HANDSHAKE_TRAFFIC_SECRET d8a6ccd276aaebe5e98fa0e65016e9769cc68243249c572632ea97c61e203ea5 ef97ccaff164de91f888c78a229e2b4124ed342273f1feda4a3c8e483a43fc6a
SERVER_HANDSHAKE_TRAFFIC_SECRET d8a6ccd276aaebe5e98fa0e65016e9769cc68243249c572632ea97c61e203ea5 a45f35b2bc97c040125d79dcd3c9e72e2fcf216bdcf6b2aa7331b3434bcd887a
CLIENT_TRAFFIC_SECRET_0 d8a6ccd276aaebe5e98fa0e65016e9769cc68243249c572632ea97c61e203ea5 9783b7e011736e8d7504714d72b96d0d7a71134469676693018f78f760f31b1f
SERVER_TRAFFIC_SECRET_0 d8a6ccd276aaebe5e98fa0e65016e9769cc68243249c572632ea97c61e203ea5 d42a6a6fe7ea06b3bf0fd44d872f899cd81d90653aa9e41b909a8a67042ce44c
EXPORTER_SECRET d8a6ccd276aaebe5e98fa0e65016e9769cc68243249c572632ea97c61e203ea5 b608d373796b0c60769dbbee03212f31b5a33fc0122e1cb679977d991255904a
CLIENT_HANDSHAKE_TRAFFIC_SECRET 0dd99158dd876b894d9c309536203031eb4cf9a6e7a1b2ba0fa5f4dbb693174d 687b139544f88a2410c1ecfbddf3481a1625d70f02ab98ee97e08e076abfa541
SERVER_HANDSHAKE_TRAFFIC_SECRET 0dd99158dd876b894d9c309536203031eb4cf9a6e7a1b2ba0fa5f4dbb693174d 67beb82463f6f752086a05002eb1e76eb892c8bdeca4e33aad049600357dcc32
CLIENT_HANDSHAKE_TRAFFIC_SECRET 49788aecfe6dbef530004c5b4063a7b42a37b3a170bcabaf4c960008f5d8e951 6dc1f6b1c51aa7b494d0d7d1ab0a8b3da369b8860733c040349bf8f00fe1e865
SERVER_HANDSHAKE_TRAFFIC_SECRET 49788aecfe6dbef530004c5b4063a7b42a37b3a170bcabaf4c960008f5d8e951 87e92ec8e53903f580fc0663ef6ecbd0e63d4beeae43f193f5d1be592ebf6864
CLIENT_TRAFFIC_SECRET_0 49788aecfe6dbef530004c5b4063a7b42a37b3a170bcabaf4c960008f5d8e951 836c568ed32be597053a053ade1007d0b41f236e4bc0dfa67e2c6c28a26e5f79
SERVER_TRAFFIC_SECRET_0 49788aecfe6dbef530004c5b4063a7b42a37b3a170bcabaf4c960008f5d8e951 152d07fa4c659eeb7dd95d86a0196f078157373bd2b24d544896808d2fa164ca
EXPORTER_SECRET 49788aecfe6dbef530004c5b4063a7b42a37b3a170bcabaf4c960008f5d8e951 ae6e37a840bde11e872756fda09f1ff3b70c539e0537788ebc110ba58653c5cb
CLIENT_TRAFFIC_SECRET_0 0dd99158dd876b894d9c309536203031eb4cf9a6e7a1b2ba0fa5f4dbb693174d 64d3069543c1c2b4bc85487db887fa972937abfc1d90a3538e210ec38f516a0f
SERVER_TRAFFIC_SECRET_0 0dd99158dd876b894d9c309536203031eb4cf9a6e7a1b2ba0fa5f4dbb693174d 39f88662ad246a6d832eaca6306c79c943a64dcbd39d3794f5db7174beaaefcb
EXPORTER_SECRET 0dd99158dd876b894d9c309536203031eb4cf9a6e7a1b2ba0fa5f4dbb693174d 9366b07ea19bc9165e0478f3a93b157245203217e2105f749f6c0779e52cf61d
CLIENT_HANDSHAKE_TRAFFIC_SECRET f81fa70e6e96db13964603a32b7015004e2a9fc6606e15e635ce2c5bc0252523 140f6d571ca92bedf36ff931fe7ff0ff689f9ee638604e884a38ffb3d920a452
SERVER_HANDSHAKE_TRAFFIC_SECRET f81fa70e6e96db13964603a32b7015004e2a9fc6606e15e635ce2c5bc0252523 f8b15bf98fcb1e44a6c95d9191146864ab8b2e3efe2971b0c7346e5194971f19
CLIENT_TRAFFIC_SECRET_0 f81fa70e6e96db13964603a32b7015004e2a9fc6606e15e635ce2c5bc0252523 82cb69066ade21b5f03749df7afdecba6cc96de86b75a1cec030101f897d5341
SERVER_TRAFFIC_SECRET_0 f81fa70e6e96db13964603a32b7015004e2a9fc6606e15e635ce2c5bc0252523 4bb78a87ed599f1badef281bfb0cb78bfe4df820224283e4b50a8d0ebb9de35e
EXPORTER_SECRET f81fa70e6e96db13964603a32b7015004e2a9fc6606e15e635ce2c5bc0252523 2950fec7eb679eccb4568e963b95bfd70837e8f3ace81583de3fc0800ce077ec
CLIENT_HANDSHAKE_TRAFFIC_SECRET 8949699a6d5f916d2ff4fade1b2eda530079831a0671eb679063194c3c9938f7 2c9af5951e4d5cfcf3897c71b60c7871c39fefbf75ddff9d865e1ff81e8ffe81
SERVER_HANDSHAKE_TRAFFIC_SECRET 8949699a6d5f916d2ff4fade1b2eda530079831a0671eb679063194c3c9938f7 624cfbe0a41a7f4496842d9deaf7eab97bb0516ad19dc159579c681d834e33dc
CLIENT_HANDSHAKE_TRAFFIC_SECRET fd997784c51a0272fab90961e9149c91c17d695eedb514220c83a966c089b2b7 a2d8f0d40490adb1d40f1141948d87d9a05819f4ef5193f17800408d3bb960bb
SERVER_HANDSHAKE_TRAFFIC_SECRET fd997784c51a0272fab90961e9149c91c17d695eedb514220c83a966c089b2b7 5eb7c17557bf6d01eb92d2783a37e909ab7d8af710be18468b5c432b6a220b04
CLIENT_TRAFFIC_SECRET_0 8949699a6d5f916d2ff4fade1b2eda530079831a0671eb679063194c3c9938f7 14be0d596ab15114ed28c05e056a7ca31c82f5b70104be9cca44846f2f0849e2
SERVER_TRAFFIC_SECRET_0 8949699a6d5f916d2ff4fade1b2eda530079831a0671eb679063194c3c9938f7 6deca62bc5a56fc775d0121b198ef1bfe72192cf1cb22446e9b8ace9c6d4b1d0
EXPORTER_SECRET 8949699a6d5f916d2ff4fade1b2eda530079831a0671eb679063194c3c9938f7 76004e6b697108d8afec50dd344ba8eae9b9073ddfbd589fcd3b7d89492c5962
CLIENT_TRAFFIC_SECRET_0 fd997784c51a0272fab90961e9149c91c17d695eedb514220c83a966c089b2b7 d9eaeb463d37a017907652b6dcb3a81c238ed27a052a8ae421aa60006076c890
SERVER_TRAFFIC_SECRET_0 fd997784c51a0272fab90961e9149c91c17d695eedb514220c83a966c089b2b7 9f5e2ab75e22e9d7839ef8efe65317960941ca237574846f871dc9fabd33b25f
EXPORTER_SECRET fd997784c51a0272fab90961e9149c91c17d695eedb514220c83a966c089b2b7 02a050328b0a59a21734a7bdc5a3afedfa7bf99b5d33864d10ea4c8f6062519d
CLIENT_HANDSHAKE_TRAFFIC_SECRET 4d7e5eec4852c821b0b41043b1654dcb2b902537f748852274ee807210c45a29 db9a4a46e602619b721b1f523a0f4e21b3fe33be14efa2cd37bc2e3df6db59a2
SERVER_HANDSHAKE_TRAFFIC_SECRET 4d7e5eec4852c821b0b41043b1654dcb2b902537f748852274ee807210c45a29 915b002cf989c572da389afdc7b69d38fbb1de954ed9b3157b78523e1a3d3a9f
CLIENT_TRAFFIC_SECRET_0 4d7e5eec4852c821b0b41043b1654dcb2b902537f748852274ee807210c45a29 16336eba8a9780e4360b8e997bc9ee69781639d3a2a265130169f6189de57464
SERVER_TRAFFIC_SECRET_0 4d7e5eec4852c821b0b41043b1654dcb2b902537f748852274ee807210c45a29 38cd5cc94e86694229e77e48e264b7d91845b6db522ec2fe7189029078cbb2be
EXPORTER_SECRET 4d7e5eec4852c821b0b41043b1654dcb2b902537f748852274ee807210c45a29 ec90707937d1a118abe54d72c1572a41ab6e2cc4fafc048bad950159e8a4291a
CLIENT_HANDSHAKE_TRAFFIC_SECRET 3cad7ed895dddce69bf0daec7579f7e84af1db7ef24afa65e08d1ee8b6a6d83a 1846a513f08cf900bb3768130c76c68d5a0bcc26483275c6f23999ea608da9c3
SERVER_HANDSHAKE_TRAFFIC_SECRET 3cad7ed895dddce69bf0daec7579f7e84af1db7ef24afa65e08d1ee8b6a6d83a a8f9797817e404312dfe1964869fb51bfeca22f7b29e360b6663119792a9708f
CLIENT_TRAFFIC_SECRET_0 3cad7ed895dddce69bf0daec7579f7e84af1db7ef24afa65e08d1ee8b6a6d83a 9a8153bc9b075040edec74697597b74479bb4bf6cb19988edb977f9d6278cd5b
SERVER_TRAFFIC_SECRET_0 3cad7ed895dddce69bf0daec7579f7e84af1db7ef24afa65e08d1ee8b6a6d83a b9e27d3f2c3469b89c44fd2e163f67843ee31c9cae119c84da81738a40b62c4a
EXPORTER_SECRET 3cad7ed895dddce69bf0daec7579f7e84af1db7ef24afa65e08d1ee8b6a6d83a e4ad83aaa5b99b68421b6377d42bdc8b96c261a1ced4c9fa68653baf1144dbf8
CLIENT_EARLY_TRAFFIC_SECRET 963c4ca45b8cdd0ce9ad4970dfc3e08ccf244be62ebba162e4b57d4ce888baeb 8ada2c5a71b6c59c785bad425accea5f9e49aeec237cae442715e1fc3a8a7cae
CLIENT_HANDSHAKE_TRAFFIC_SECRET 963c4ca45b8cdd0ce9ad4970dfc3e08ccf244be62ebba162e4b57d4ce888baeb 6d945890d14c6a869d50c96f53f61d48617441a5f42eb0282643f1cb144822b6
SERVER_HANDSHAKE_TRAFFIC_SECRET 963c4ca45b8cdd0ce9ad4970dfc3e08ccf244be62ebba162e4b57d4ce888baeb 268d183a5d4795dbdfe4393747e6663181d94183b43484cbb4e64faa11958587
CLIENT_TRAFFIC_SECRET_0 963c4ca45b8cdd0ce9ad4970dfc3e08ccf244be62ebba162e4b57d4ce888baeb 939fbfa05cb826001484b0608f5d77ac20beb2193e1296c7f062feae4ca788f8
SERVER_TRAFFIC_SECRET_0 963c4ca45b8cdd0ce9ad4970dfc3e08ccf244be62ebba162e4b57d4ce888baeb bdfc2c63bd6bab5e298c2a99a0cb97e01d9623cc44a11a323e6efe36158a869a
EXPORTER_SECRET 963c4ca45b8cdd0ce9ad4970dfc3e08ccf244be62ebba162e4b57d4ce888baeb b6fc102c11472abec6d90a15a06e4a2774dbb0f7937164281109b8b4c3378b33
CLIENT_HANDSHAKE_TRAFFIC_SECRET 0aaf07e5ddde064e5f3ad2974144de073139cb859c584cf286152575c4830724 66f94230f0422f0fff7baec78380f3669e59d5772aa6b7844d4ade31298f17f6
SERVER_HANDSHAKE_TRAFFIC_SECRET 0aaf07e5ddde064e5f3ad2974144de073139cb859c584cf286152575c4830724 e9fa1e748e71d89c515c43f845c71eab9b23dee21beae821689fcc94e8231423
CLIENT_TRAFFIC_SECRET_0 0aaf07e5ddde064e5f3ad2974144de073139cb859c584cf286152575c4830724 c845cb778ad59f4efcb37b065bf9eb3b6d8b4596dde6d4e27391470de0abbd85
SERVER_TRAFFIC_SECRET_0 0aaf07e5ddde064e5f3ad2974144de073139cb859c584cf286152575c4830724 cfd6dfb0fff7969de2e4307e7871d15df29e70a1811d93151a8a2ff700adf3b4
EXPORTER_SECRET 0aaf07e5ddde064e5f3ad2974144de073139cb859c584cf286152575c4830724 7b2934d87428ec4ab66623675ed5151e3a4cf34ab1f00032313e74333dc9ec59
CLIENT_HANDSHAKE_TRAFFIC_SECRET 15acf36ec544c7f21a673083d2a1ffd8d81cb62935a585b41570cde4cc19a166 f70d0b649aceb5ddb770d20ddd4c0a4a4572733642d25e8c3306ce0ca0ea0455
SERVER_HANDSHAKE_TRAFFIC_SECRET 15acf36ec544c7f21a673083d2a1ffd8d81cb62935a585b41570cde4cc19a166 05afa95858f93bae21ba0f4aed6f79d46bc6489c27c545f36c9ef15d719324ca
CLIENT_TRAFFIC_SECRET_0 15acf36ec544c7f21a673083d2a1ffd8d81cb62935a585b41570cde4cc19a166 eb4773300459c1a290d89358a51f788f29b74c1b534f4cb2b5fb2c59ec68e8f5
SERVER_TRAFFIC_SECRET_0 15acf36ec544c7f21a673083d2a1ffd8d81cb62935a585b41570cde4cc19a166 5e159e9f6ddabd860aaaa99ded8b80b477623496eea0b2ed4774e62985235327
EXPORTER_SECRET 15acf36ec544c7f21a673083d2a1ffd8d81cb62935a585b41570cde4cc19a166 f6d84a1b28b31ee3c7817fcceda86eceeb6644a21ff21d4595868b733cc36168
CLIENT_HANDSHAKE_TRAFFIC_SECRET f71ad662c0fe664dad36802f47c31e13448c88ca42dddbb37dffc6beec9bde41 273c6c688748439fe46c253a2d2bb0565df4b0dee1d3fdb3b184c535812c0ffb
SERVER_HANDSHAKE_TRAFFIC_SECRET f71ad662c0fe664dad36802f47c31e13448c88ca42dddbb37dffc6beec9bde41 80259fff2cb87bb6814caa4fb7e0c19c4e42c848aab247160736a457c6f97721
CLIENT_TRAFFIC_SECRET_0 f71ad662c0fe664dad36802f47c31e13448c88ca42dddbb37dffc6beec9bde41 30dfeeb09c47606f4466cdc2dd17b6bf0619f7b4dcf793e060d5b8d86d27167f
SERVER_TRAFFIC_SECRET_0 f71ad662c0fe664dad36802f47c31e13448c88ca42dddbb37dffc6beec9bde41 850f7ca6589ceaa0b0d744a4d145f1fb50a738dac5dfc8f7a63fdad4adaaab01
EXPORTER_SECRET f71ad662c0fe664dad36802f47c31e13448c88ca42dddbb37dffc6beec9bde41 d603ea8db5aa5c6c2f16cec6c32a35663ba1be4c5314d9c26d75a4d14b56179f
CLIENT_HANDSHAKE_TRAFFIC_SECRET eb81cd418e783047dea7fe76b5f061da0d69d173be3c19dbef6e97056200f80d eed95add946b2e0eb590de0d95ca9f085d8e5513643146b0cc0dd2bb26724938
SERVER_HANDSHAKE_TRAFFIC_SECRET eb81cd418e783047dea7fe76b5f061da0d69d173be3c19dbef6e97056200f80d 69da006a9e2393c25343c5798a1c20540dc0641c2cda9bc8f65488ff7deb2a66
CLIENT_TRAFFIC_SECRET_0 eb81cd418e783047dea7fe76b5f061da0d69d173be3c19dbef6e97056200f80d dc3b76c49ece2405473931dd0fd5f8a1e2c8c3924ae396db25265e202148527c
SERVER_TRAFFIC_SECRET_0 eb81cd418e783047dea7fe76b5f061da0d69d173be3c19dbef6e97056200f80d 83520a6440e5da27d61b1d234b4a50954183e8a6059e21c2e101a13f0bd6490c
EXPORTER_SECRET eb81cd418e783047dea7fe76b5f061da0d69d173be3c19dbef6e97056200f80d 1a6ee7cecbf37496523e2c0b796be09f9e6357e2014c696e1f3c1e8a7995c643
CLIENT_HANDSHAKE_TRAFFIC_SECRET 2873fe67c720ad2420e9153c6f43fd3f87903aa06f3d1ade23696fb234c3ae86 ad1aaf4c2f0d3d2e2d9b20615f90297d30a79cf0137ba655653a1443bee0e01ba42f8d4b6c2442e241ca564ea72befba
SERVER_HANDSHAKE_TRAFFIC_SECRET 2873fe67c720ad2420e9153c6f43fd3f87903aa06f3d1ade23696fb234c3ae86 8ef1364f25b05805b55b2e21265276645a074ab9e44995c74963125c8d64c0596f14c1572cede6b27f8cb60143a1b572
CLIENT_TRAFFIC_SECRET_0 2873fe67c720ad2420e9153c6f43fd3f87903aa06f3d1ade23696fb234c3ae86 503414438fc5d3349ccc1a1c8529e151917e380ddbf729c2db980c0cb728a297b0f8ffe19c52626db07b1ad49a6787e5
SERVER_TRAFFIC_SECRET_0 2873fe67c720ad2420e9153c6f43fd3f87903aa06f3d1ade23696fb234c3ae86 7a3f7799402cf91da016f5710a33ace91ba309a4ae30e0e48644a4383b6fad28baa3cfdf55b71e954d0bd84b33fc83c8
EXPORTER_SECRET 2873fe67c720ad2420e9153c6f43fd3f87903aa06f3d1ade23696fb234c3ae86 0e4f9dbe8953d4567f81457222b33ab1369a9155ab85fdf79b1113625ae6eec323dd57a0c371d6e1746f209541b401cb
CLIENT_HANDSHAKE_TRAFFIC_SECRET 3a465b3887e10b5f8b3398b4c3a347f9b9b9d08fd6e16cc98157778ba2f4d649 cb513a39d626628b74629da19f378e456131c515117e77538dd03afc324646c7
SERVER_HANDSHAKE_TRAFFIC_SECRET 3a465b3887e10b5f8b3398b4c3a347f9b9b9d08fd6e16cc98157778ba2f4d649 ce38c4dc36b6988cf033417f22cf6f02e762b432e5e853b8612d99a07553bb48
CLIENT_TRAFFIC_SECRET_0 3a465b3887e10b5f8b3398b4c3a347f9b9b9d08fd6e16cc98157778ba2f4d649 ae2d1883914dd4bc6fbf5b64cef258f8b6536cb9a4433085ef227035ff65e26f
SERVER_TRAFFIC_SECRET_0 3a465b3887e10b5f8b3398b4c3a347f9b9b9d08fd6e16cc98157778ba2f4d649 c71001a16ef9573a7443160a853097e573f3ce18d1abf6847c751d3e658ddeaa
EXPORTER_SECRET 3a465b3887e10b5f8b3398b4c3a347f9b9b9d08fd6e16cc98157778ba2f4d649 2eb6043b75db496a6804e6fc5994f770681cc3332f2685bde52078e75165f6c4
CLIENT_HANDSHAKE_TRAFFIC_SECRET 93c08f96f99516411f4148bb3fa90cc98bbaedf7bb08c920f485107e0368484c 18595179cfecf0b1b16ee1f1aca9a00be7d79293c2c302e3d3887248a6de4dfa
SERVER_HANDSHAKE_TRAFFIC_SECRET 93c08f96f99516411f4148bb3fa90cc98bbaedf7bb08c920f485107e0368484c 1f48c409ab0b068bd1598e5447e27f206485ca36ab6958942b4675675908a536
CLIENT_HANDSHAKE_TRAFFIC_SECRET bc9769daa0dd56f8f5bc10557ec34d38a65c713ed9da51f4252869814db9798d 081fe24eeadc1ea0ae091ae71551df76f25faf86db2f7e282323d660bcab01a9
SERVER_HANDSHAKE_TRAFFIC_SECRET bc9769daa0dd56f8f5bc10557ec34d38a65c713ed9da51f4252869814db9798d 67fcf3c69dc287d942255914f6d2fca5c5eca43058af3db7ea9536381c2e0ffe
CLIENT_HANDSHAKE_TRAFFIC_SECRET 98083448a93749b11ea77fae858cc26cf5cef9956ddcd78e0149388fc31f3d12 f3c64992740362f6768611e3f36ccebcb1574d91ab5b98100bee8290ef4987ed
SERVER_HANDSHAKE_TRAFFIC_SECRET 98083448a93749b11ea77fae858cc26cf5cef9956ddcd78e0149388fc31f3d12 30979b1a45bcb374cb9867cd3528ac1acd8235b75af8ff0b55318422d8396c67
CLIENT_HANDSHAKE_TRAFFIC_SECRET cc18dd93d547ef5f2d2bbe7f545052b7b106c6ca5aa7361511248688c384b078 79454318a39e8ce6f221d8a7144dce5a0387490228da303bd984c0e3b8fc2273
SERVER_HANDSHAKE_TRAFFIC_SECRET cc18dd93d547ef5f2d2bbe7f545052b7b106c6ca5aa7361511248688c384b078 062163b71c45675f9dd181cd75450d03c853db7bfaa7f6e7fd1cd1d9215711e7
CLIENT_TRAFFIC_SECRET_0 93c08f96f99516411f4148bb3fa90cc98bbaedf7bb08c920f485107e0368484c 8f0e366dc9b3f81944c6923760548fa17055a3badb6ff09682a0458c80948a29
SERVER_TRAFFIC_SECRET_0 93c08f96f99516411f4148bb3fa90cc98bbaedf7bb08c920f485107e0368484c 5d0e8c6d9639683f97eafca5acd438714c763263a7e8d9dd7e98608fab850baa
EXPORTER_SECRET 93c08f96f99516411f4148bb3fa90cc98bbaedf7bb08c920f485107e0368484c e7f207f9914eef6cfc717ddbd634089f070709d772b335fc1dacf74946641b7b
CLIENT_TRAFFIC_SECRET_0 bc9769daa0dd56f8f5bc10557ec34d38a65c713ed9da51f4252869814db9798d c3d4ac0b0bd1c7d57c0d12558dc576cff8d62e8ebfc6a3b55607848e30232b4c
SERVER_TRAFFIC_SECRET_0 bc9769daa0dd56f8f5bc10557ec34d38a65c713ed9da51f4252869814db9798d 6f05fda0ca6f6a21c2f968c6978ac682701c074308277b2fdfa82bfbc5c057d8
EXPORTER_SECRET bc9769daa0dd56f8f5bc10557ec34d38a65c713ed9da51f4252869814db9798d e442fd0bbdd75c6fd8730b7a3e7c4d3b74c95d8e60e3409d0a9e30e7a517379f
CLIENT_TRAFFIC_SECRET_0 98083448a93749b11ea77fae858cc26cf5cef9956ddcd78e0149388fc31f3d12 7ee547044fab90c40a8b286800dc79e0d97a8f95897abd6d12dfed237c47199f
SERVER_TRAFFIC_SECRET_0 98083448a93749b11ea77fae858cc26cf5cef9956ddcd78e0149388fc31f3d12 9dff7fac9d4121a1dacd814acd180600e0f5d28d5cea74945cb910b7d99f4fdd
EXPORTER_SECRET 98083448a93749b11ea77fae858cc26cf5cef9956ddcd78e0149388fc31f3d12 b78cc6e1af4f8caf8fd829feb9f1e3ad4a3b7d5530c06fe49d45687741c358c1
CLIENT_TRAFFIC_SECRET_0 cc18dd93d547ef5f2d2bbe7f545052b7b106c6ca5aa7361511248688c384b078 821be67c36e35b6a4c503684b3ec54060adb062a9cfd92cfdb88510f72d403c8
SERVER_TRAFFIC_SECRET_0 cc18dd93d547ef5f2d2bbe7f545052b7b106c6ca5aa7361511248688c384b078 e8237a1e701c3bc8523a780cef1a4af826526fd239961aa012f2d18aff8e7851
EXPORTER_SECRET cc18dd93d547ef5f2d2bbe7f545052b7b106c6ca5aa7361511248688c384b078 671c77fc36b3ee5ff5c4d7b597814c2bf6e687dc8141f188fb38f3ce6a24d5b3
CLIENT_HANDSHAKE_TRAFFIC_SECRET bb825d2c3d60c2597915f1d20fa210dd111ee2ac4acb21dc5997dca4fdab4f94 8fdce92ee3cbe122863b48ef3e042a4d48f44c4e7a8a2e0a59f2cffe15e2bcfb
SERVER_HANDSHAKE_TRAFFIC_SECRET bb825d2c3d60c2597915f1d20fa210dd111ee2ac4acb21dc5997dca4fdab4f94 a5e13abd1724ab4ca408c98681613177c876af87552ee2f88003d27838b11253
CLIENT_TRAFFIC_SECRET_0 bb825d2c3d60c2597915f1d20fa210dd111ee2ac4acb21dc5997dca4fdab4f94 721f1744b97a948448c8cc3705a2b29270c4c356cfaa91c1d6b75aba6ad0fe97
SERVER_TRAFFIC_SECRET_0 bb825d2c3d60c2597915f1d20fa210dd111ee2ac4acb21dc5997dca4fdab4f94 884bd55a7790272cd84b82d1e9b626e70063b6fa4bdbeac22824f2076632a056
EXPORTER_SECRET bb825d2c3d60c2597915f1d20fa210dd111ee2ac4acb21dc5997dca4fdab4f94 a6f65444e13792d8f2403084641bb3959677d56948b66ea945519f3d2b17caf8
CLIENT_HANDSHAKE_TRAFFIC_SECRET c4f463d9e7d1b0e2b3fa0b92c09cbd4be42b6ed18d074b9d54f2fc0e905f7d88 9de4926ac0ab8dc8d9004111a14d8a8184c1e6cbd1a7ec27b02c4208a40d6be1
SERVER_HANDSHAKE_TRAFFIC_SECRET c4f463d9e7d1b0e2b3fa0b92c09cbd4be42b6ed18d074b9d54f2fc0e905f7d88 eb4318dd1af78429a62fdde2f79c6d1d4edac7c2d9ead0fda1e80a4ad2604e89
CLIENT_TRAFFIC_SECRET_0 c4f463d9e7d1b0e2b3fa0b92c09cbd4be42b6ed18d074b9d54f2fc0e905f7d88 48eed6ac5b25a01e0ac3520afa3a59e4be420b8f6e795b2cdf2c1b0fc2b64a14
SERVER_TRAFFIC_SECRET_0 c4f463d9e7d1b0e2b3fa0b92c09cbd4be42b6ed18d074b9d54f2fc0e905f7d88 1a933ad3f92b88cacad5b8cd54f57303f36b38e20064a85e0415b0d224702388
EXPORTER_SECRET c4f463d9e7d1b0e2b3fa0b92c09cbd4be42b6ed18d074b9d54f2fc0e905f7d88 a2ba93bb3838846abaf6dd68e0687f6e7a52bf9beabab7b4fd09096b41d61483
CLIENT_RANDOM b7cc592978607eec0b3af73a516df13ad040c4dd2c5c18cf4fdcf0025234c0f4 aeed70c4f527f7f3ce0e1fbec6032d84756b6aca64332dcac653a6fc53344706b08b8ca9a9933527a2ad379382a9c5d9
CLIENT_EARLY_TRAFFIC_SECRET ea7dc617a7d8905f4f1fe7fdcdb08fd5ce05c171a4421e37248bbdbe26228aae 45bb9734b19793a80a1b51b4d7507b2a75adbf2edc82ac9d35e678c929278cc8
CLIENT_HANDSHAKE_TRAFFIC_SECRET ea7dc617a7d8905f4f1fe7fdcdb08fd5ce05c171a4421e37248bbdbe26228aae c4372740afdcd6ea24cf200b5bbf41ba3546412cb3124850f677fbd0c48ed2d9
SERVER_HANDSHAKE_TRAFFIC_SECRET ea7dc617a7d8905f4f1fe7fdcdb08fd5ce05c171a4421e37248bbdbe26228aae 72a732d51eaeb0e13f1971820f1f12512dbf4fc75f09f43ffa8d6020cd794458
CLIENT_TRAFFIC_SECRET_0 ea7dc617a7d8905f4f1fe7fdcdb08fd5ce05c171a4421e37248bbdbe26228aae 4565f61574cb609b4890e151b08805863227322a1379eb051554799d2ee97500
SERVER_TRAFFIC_SECRET_0 ea7dc617a7d8905f4f1fe7fdcdb08fd5ce05c171a4421e37248bbdbe26228aae 2f8e09e7044559cd8388fef59ebe1c580de1de75f91f41c07bb21ab6f5ac071f
EXPORTER_SECRET ea7dc617a7d8905f4f1fe7fdcdb08fd5ce05c171a4421e37248bbdbe26228aae fc4f154f78e7517671b52d18b39e9b9aa64f29f713d31df4f9acfc62e1eebb7f
CLIENT_EARLY_TRAFFIC_SECRET 37966b842f9fbd168c0d02bc89a9f506469c938b2daac0bfcac174f9147baa9f 3323dbc43ff5773cba1b17bae675ae4d21e545e64d46175a2437bd0b02ef5185
CLIENT_HANDSHAKE_TRAFFIC_SECRET 37966b842f9fbd168c0d02bc89a9f506469c938b2daac0bfcac174f9147baa9f a2dd10f2d94261256deefcd3d6f805c3d792e088f3b6cb3b4671911c048aba5e
SERVER_HANDSHAKE_TRAFFIC_SECRET 37966b842f9fbd168c0d02bc89a9f506469c938b2daac0bfcac174f9147baa9f 15176e11ef5dafc5847b7abdbf438f2c57101fe2ca16af85a865cc2d61ee82ec
CLIENT_TRAFFIC_SECRET_0 37966b842f9fbd168c0d02bc89a9f506469c938b2daac0bfcac174f9147baa9f f5ec143c1ea34060ab835fe007dd1e462bd3ef145000f3005a6111854194f3f0
SERVER_TRAFFIC_SECRET_0 37966b842f9fbd168c0d02bc89a9f506469c938b2daac0bfcac174f9147baa9f b637934088a09500891697d572d59717633d8929cdba00090064bf15a65760d5
EXPORTER_SECRET 37966b842f9fbd168c0d02bc89a9f506469c938b2daac0bfcac174f9147baa9f baea5b35b1b5d1288f820d176d9a7320cfe1710926575e31fbf8089881ffa2cb
CLIENT_HANDSHAKE_TRAFFIC_SECRET d85b2b65e9b8c7d345f1e808ab00cac47decf082d23642e8512eaa981318b405 8b69f736f29ba4653b74d21ba209bc8859721dd48edf8421b1d6cc5bf74e12c9
SERVER_HANDSHAKE_TRAFFIC_SECRET d85b2b65e9b8c7d345f1e808ab00cac47decf082d23642e8512eaa981318b405 21257619c76e285ce8794d21ac7889f1f2c4dc33bedccfc286f2a0552df48450
CLIENT_TRAFFIC_SECRET_0 d85b2b65e9b8c7d345f1e808ab00cac47decf082d23642e8512eaa981318b405 24eec2d47c44accea6335c3c7002f428ec66e7e6c700147f5931fc2cefce80db
SERVER_TRAFFIC_SECRET_0 d85b2b65e9b8c7d345f1e808ab00cac47decf082d23642e8512eaa981318b405 3f54dbfdce629d608764301df3c34387dc703266d7d79a83764481376ff6774b
EXPORTER_SECRET d85b2b65e9b8c7d345f1e808ab00cac47decf082d23642e8512eaa981318b405 e560e334908e84b62d4b674dbca879b66577347ca7ba6f691346860ad5f4d801
CLIENT_HANDSHAKE_TRAFFIC_SECRET 5d2052d1871cf8625eabe2839930660197fc3557a2469b167a936dbf399df192 ea67a891bfaa9b8c2d0828fda8c88425f91a3572eb00fabe25ef01c4262ea2d6
SERVER_HANDSHAKE_TRAFFIC_SECRET 5d2052d1871cf8625eabe2839930660197fc3557a2469b167a936dbf399df192 157e1050ef3ee70f03c210557a8a40ce8be67340fe2d22d04a9cf3ed69f49eda
CLIENT_HANDSHAKE_TRAFFIC_SECRET 985dacf433005e010e1ab3c1153fed42c2326f106bfc350ee2ead860f67e9d13 9dd520c43f2621b1ebac09212fc8b875ddab6b3dd490bd86dda177d54733fd62
SERVER_HANDSHAKE_TRAFFIC_SECRET 985dacf433005e010e1ab3c1153fed42c2326f106bfc350ee2ead860f67e9d13 0b69e366e72cfdadf78ec75a5d0fe5724912f470c94a2177ef47397ef077c324
CLIENT_HANDSHAKE_TRAFFIC_SECRET 5049cd61b98b1b704054179694bbf521adb2cc26a2b7ebd89bcec731188737b2 5b8aa55a4a5e38dc914aec9d45858dc7256156db109dad507af4c7c0834a375a
SERVER_HANDSHAKE_TRAFFIC_SECRET 5049cd61b98b1b704054179694bbf521adb2cc26a2b7ebd89bcec731188737b2 58011fad36147f757dd0f6dff0d7c34aeebc147c7d7ea5afcfcf3e266913a74e
CLIENT_HANDSHAKE_TRAFFIC_SECRET 7d63329e72ffbe8e0ee02d525f70624cd962d0685262256742dff8568dc6c7ce 0a6e6ca3b1a275f468a13e171f37aa4bab6ee4076d5c30c0ebb604c9d7c43d94
SERVER_HANDSHAKE_TRAFFIC_SECRET 7d63329e72ffbe8e0ee02d525f70624cd962d0685262256742dff8568dc6c7ce b9b625c7ee7a4b24d42f3efd93abe9f04774e776e67ea628c1d789a3a64d70da
CLIENT_HANDSHAKE_TRAFFIC_SECRET 8138fbc8d52d5b90f027d51b990e113f5a73164d049504aae4d270466af1f65b 6c427c8e99b9b49f45681031cafacdb2a6d360349163fcc5c74bde0ec874c5e8
SERVER_HANDSHAKE_TRAFFIC_SECRET 8138fbc8d52d5b90f027d51b990e113f5a73164d049504aae4d270466af1f65b 543a1d37e0b3f3f670d2e06cbd047aaa51eedb91b9d414984fd36f925a8a3d45
CLIENT_TRAFFIC_SECRET_0 5d2052d1871cf8625eabe2839930660197fc3557a2469b167a936dbf399df192 9deeb5633273a6e8904196908d7746d45210e63e73c79fc49e041436ee34cfd9
SERVER_TRAFFIC_SECRET_0 5d2052d1871cf8625eabe2839930660197fc3557a2469b167a936dbf399df192 c85a763eae69657ee423990945aac0825e8663d7af9d8a8050f7aeae73af0279
EXPORTER_SECRET 5d2052d1871cf8625eabe2839930660197fc3557a2469b167a936dbf399df192 22bcc459d2438830dfbed563b9f8b8735af390dc9332f785f552accf9ed41fc4
CLIENT_TRAFFIC_SECRET_0 7d63329e72ffbe8e0ee02d525f70624cd962d0685262256742dff8568dc6c7ce 1b3f123efe83e4ec74961d4ca3c2d1732837d7840bb7257d50d54a5e642db0fe
SERVER_TRAFFIC_SECRET_0 7d63329e72ffbe8e0ee02d525f70624cd962d0685262256742dff8568dc6c7ce f669777fdf6460855a50011ef2a8a84b3bc9c140a9b85643f4142b240d134eac
EXPORTER_SECRET 7d63329e72ffbe8e0ee02d525f70624cd962d0685262256742dff8568dc6c7ce 47b1170dc3d083365ac562cb0c75ac88fa34f8a2530d846edf29e65625879642
CLIENT_TRAFFIC_SECRET_0 8138fbc8d52d5b90f027d51b990e113f5a73164d049504aae4d270466af1f65b 2a5a169010090f4821319ef0c7ea6543f8a14913e21ba82a2585438877889938
SERVER_TRAFFIC_SECRET_0 8138fbc8d52d5b90f027d51b990e113f5a73164d049504aae4d270466af1f65b 6b670f8f5b901f5a74f4567fe9995d62c1c48476fe5a490f769056054bfe2f19
EXPORTER_SECRET 8138fbc8d52d5b90f027d51b990e113f5a73164d049504aae4d270466af1f65b 7b525fd500f59ca1ad6fb9c048be3dbe572349bc010fe0f0e44f7f4108eb903f
CLIENT_TRAFFIC_SECRET_0 5049cd61b98b1b704054179694bbf521adb2cc26a2b7ebd89bcec731188737b2 83009d9aee888a3baea2309fc3b9b0147d222c8bf4344af7d6cdffac5db21814
SERVER_TRAFFIC_SECRET_0 5049cd61b98b1b704054179694bbf521adb2cc26a2b7ebd89bcec731188737b2 a9a6de0b40f70d90cb78ec629b42fdb6e45651ad121d7df7ed656bdfaea28bfc
EXPORTER_SECRET 5049cd61b98b1b704054179694bbf521adb2cc26a2b7ebd89bcec731188737b2 2b0347a847344c2e75d81d5ab1e0e17d0f11fdd023d9e92d19efe8cbababbeab
CLIENT_TRAFFIC_SECRET_0 985dacf433005e010e1ab3c1153fed42c2326f106bfc350ee2ead860f67e9d13 b4dbcdfbfd8499a362f53719f962481721c28867bd5628ad9538873d40b09ce0
SERVER_TRAFFIC_SECRET_0 985dacf433005e010e1ab3c1153fed42c2326f106bfc350ee2ead860f67e9d13 506b72cd8e987bd9d169be92e1047c9dc465b8560b232537778e7476539de311
EXPORTER_SECRET 985dacf433005e010e1ab3c1153fed42c2326f106bfc350ee2ead860f67e9d13 b674dba20a7449878698ebb499bb25e17d4fc30a7b05f99bd1d8f4ff5a572d04
CLIENT_HANDSHAKE_TRAFFIC_SECRET 68f6471f131b2e783d5b1daca73e22f4defda38e2620b222db6ace128e9e8fb0 178f9386f006df5446c32b824fb37b6fd716215642fb573f588c94d742aa676c
SERVER_HANDSHAKE_TRAFFIC_SECRET 68f6471f131b2e783d5b1daca73e22f4defda38e2620b222db6ace128e9e8fb0 4f182a2194c53ba7f1315ca499db3eb66e002aed01d2ee5bc3e04a131b91f697
CLIENT_HANDSHAKE_TRAFFIC_SECRET c549e0da027953029492242135b6fa8b04708053621da9f0da58ee9c537b118c e177404cb86dcc3c9030fc05bfca8d3cff4baec51917dc9b8b6cc24565518200
SERVER_HANDSHAKE_TRAFFIC_SECRET c549e0da027953029492242135b6fa8b04708053621da9f0da58ee9c537b118c 677026ebe4454c6a1ee72966c989deed98ddcaddc6d415c1a278e6927645e7ab
CLIENT_TRAFFIC_SECRET_0 68f6471f131b2e783d5b1daca73e22f4defda38e2620b222db6ace128e9e8fb0 7e0f08c36d4e7427cd16e911a08f34c00458a0a30fc6a10dfdcbd0f84f9a6c85
SERVER_TRAFFIC_SECRET_0 68f6471f131b2e783d5b1daca73e22f4defda38e2620b222db6ace128e9e8fb0 637b6f7a6435a4c8e3888c64a1a3449f03d2b255464fd3591612f012dd006a4b
EXPORTER_SECRET 68f6471f131b2e783d5b1daca73e22f4defda38e2620b222db6ace128e9e8fb0 a9d777a4ebf49ba533301efa6707edb5a26b62dcc92db5be92e1133d39532388
CLIENT_TRAFFIC_SECRET_0 c549e0da027953029492242135b6fa8b04708053621da9f0da58ee9c537b118c d2b8d781b938f6ef9eb884c423c028506a7d76f073a62e562d17383d94dd99b6
SERVER_TRAFFIC_SECRET_0 c549e0da027953029492242135b6fa8b04708053621da9f0da58ee9c537b118c 28001a36c3213517d6cd616dba664b8ff507824cb161234a47fccfd9feefefff
EXPORTER_SECRET c549e0da027953029492242135b6fa8b04708053621da9f0da58ee9c537b118c 87da28feb73974cfc614ffe557b2de1c60743601955214d568ca3e78e21b97b8
CLIENT_HANDSHAKE_TRAFFIC_SECRET 52d7eb2ac1e2406188848732a20b2aec0173b524bff99ecd5fa4246284178129 35bb7fa044cae65c17e74c8d80b454c1bb2cb5dca997da78c5bdee97e01801cf
SERVER_HANDSHAKE_TRAFFIC_SECRET 52d7eb2ac1e2406188848732a20b2aec0173b524bff99ecd5fa4246284178129 60a79b586e39cc9654a28c9e0b08726911490d186439524a743560e1e5e87d70
CLIENT_TRAFFIC_SECRET_0 52d7eb2ac1e2406188848732a20b2aec0173b524bff99ecd5fa4246284178129 ce4476d8bc59326de6c9dd50d26e863e07272a25c6d6482a0207027ebd97b67a
SERVER_TRAFFIC_SECRET_0 52d7eb2ac1e2406188848732a20b2aec0173b524bff99ecd5fa4246284178129 46944baf9e73693b83985b2054b0fb07f5fc81a7aab94e3f5fc9fbbddd5f2114
EXPORTER_SECRET 52d7eb2ac1e2406188848732a20b2aec0173b524bff99ecd5fa4246284178129 f6bd598a78ad3c99c19ee9c0220e75cdab5b2f476f8a3df74aad2c4c730f4e3b
CLIENT_HANDSHAKE_TRAFFIC_SECRET 60dff841326eb5246e109946d7794356543f5e03a1dd922baf6acc7d9a40959c 2d907595df7f34a622d93f656d3daabd0b4d288fb08d03f575316f68d2acafc6
SERVER_HANDSHAKE_TRAFFIC_SECRET 60dff841326eb5246e109946d7794356543f5e03a1dd922baf6acc7d9a40959c 31e1e5934efc7610f28f2fdda7af0e3c88d96e134411315a00bcb43c2ca6af93
CLIENT_TRAFFIC_SECRET_0 60dff841326eb5246e109946d7794356543f5e03a1dd922baf6acc7d9a40959c 373881ac5174f698866fe6e4f9ee251f995c199a932cdb1ecccbfa60835bac55
SERVER_TRAFFIC_SECRET_0 60dff841326eb5246e109946d7794356543f5e03a1dd922baf6acc7d9a40959c fe0a48f551fcbd6b35cdfc2e38e7d15152a0dfac04165e67cb1ddcebd29e8405
EXPORTER_SECRET 60dff841326eb5246e109946d7794356543f5e03a1dd922baf6acc7d9a40959c 980427bdda9726c41dd18afa5030ae9b5f237a08818e299271630956528247bc
CLIENT_HANDSHAKE_TRAFFIC_SECRET 3ceae8103d9e21dc673c123eeee1b76bfa0436abe8f5d4a32b2d694d4f181138 6119fb1dd6029ced4a7e9da1021cfdcd9f5050e601bd767426805a19a0dbbbee
SERVER_HANDSHAKE_TRAFFIC_SECRET 3ceae8103d9e21dc673c123eeee1b76bfa0436abe8f5d4a32b2d694d4f181138 880e399fc9f691ec1d0781d8b3ec8a40cb844ee847ae1acefade4720b97faf14
CLIENT_TRAFFIC_SECRET_0 3ceae8103d9e21dc673c123eeee1b76bfa0436abe8f5d4a32b2d694d4f181138 5ace1e689224e1586908ecdf1093655e10193bf5e26aaef157db36a09d835da7
SERVER_TRAFFIC_SECRET_0 3ceae8103d9e21dc673c123eeee1b76bfa0436abe8f5d4a32b2d694d4f181138 d16b5e8c52dbefdacba326fbe2011ec86a841440e92067e98a0669111d240bf1
EXPORTER_SECRET 3ceae8103d9e21dc673c123eeee1b76bfa0436abe8f5d4a32b2d694d4f181138 2becb03cae65b88cf4c59eb4e56ca4137e2fc53402085b6669a6f849f3db8336
CLIENT_HANDSHAKE_TRAFFIC_SECRET d2b0888d6b298663c8e0bb59ce00294eb4d32c915f5df346e8c394508513c55a bf4041c2ead148e319bd1b73664010d08e6fe482b8ef50f70b531558f74aadf0
SERVER_HANDSHAKE_TRAFFIC_SECRET d2b0888d6b298663c8e0bb59ce00294eb4d32c915f5df346e8c394508513c55a 4fb10464cd68baebdf8a10eccbd7002ecda678d6835de136bd98cf6bafbf9dc2
CLIENT_HANDSHAKE_TRAFFIC_SECRET 9487b77b6d0a2ed2b323181a4b6801f2482cb90db3d4828a7a73b45ea9b51bec b9f1068d962a6dd2f19ec76dac2c396ea452d874f0002196237b1a076eafb68d
SERVER_HANDSHAKE_TRAFFIC_SECRET 9487b77b6d0a2ed2b323181a4b6801f2482cb90db3d4828a7a73b45ea9b51bec 46751d634de053793aded584abaac2915fc81d5bbb9b290f7142cc1b78c5801f
CLIENT_HANDSHAKE_TRAFFIC_SECRET 749a1ab7da74641fed426b1c1c310f728b3a3cf0b4cbebf872ff9e50a74db062 4f0c195cc71fe45affb2fca87b1cf5cc14d8d5538499a1506fb7176b97159e68
SERVER_HANDSHAKE_TRAFFIC_SECRET 749a1ab7da74641fed426b1c1c310f728b3a3cf0b4cbebf872ff9e50a74db062 b973c04b0a39e59ff4996f617e17adfdf3c9ef2abf3ab0c164353b1389f9fdfd
CLIENT_TRAFFIC_SECRET_0 d2b0888d6b298663c8e0bb59ce00294eb4d32c915f5df346e8c394508513c55a c61008f864a50f4332b753ec805683b36d2d7beed52a60027345bbc27dde19d4
SERVER_TRAFFIC_SECRET_0 d2b0888d6b298663c8e0bb59ce00294eb4d32c915f5df346e8c394508513c55a 9b2d3b044f3dd225ec02013f2ec8fe4136a8d03a5885732d267a9de5c7c929a7
EXPORTER_SECRET d2b0888d6b298663c8e0bb59ce00294eb4d32c915f5df346e8c394508513c55a 113f59f7ce38937155bd8c02dcc43c13ec44417c63fa2da732c1dfb92c086183
CLIENT_TRAFFIC_SECRET_0 9487b77b6d0a2ed2b323181a4b6801f2482cb90db3d4828a7a73b45ea9b51bec e9572ff42570524e4535ad2cef2913c104c25614826bdd8aab2421a4527bcb0c
SERVER_TRAFFIC_SECRET_0 9487b77b6d0a2ed2b323181a4b6801f2482cb90db3d4828a7a73b45ea9b51bec 6ea444851144abb191a576735336ab6a907a7e3fe42270fd8c742ec2a3f8f6b0
EXPORTER_SECRET 9487b77b6d0a2ed2b323181a4b6801f2482cb90db3d4828a7a73b45ea9b51bec 70f328318d307c3465fee1d7e6198c6341cef4f4c7d6dafe6798a416701ba92a
CLIENT_TRAFFIC_SECRET_0 749a1ab7da74641fed426b1c1c310f728b3a3cf0b4cbebf872ff9e50a74db062 a604cdac59a826ea77bacc6fe9918650bd605c9828557e6574cfd288eceaf852
SERVER_TRAFFIC_SECRET_0 749a1ab7da74641fed426b1c1c310f728b3a3cf0b4cbebf872ff9e50a74db062 5b59caba2c2225474e6a1a786feda619b6400902feac79c68fc4f6c99651a1cf
EXPORTER_SECRET 749a1ab7da74641fed426b1c1c310f728b3a3cf0b4cbebf872ff9e50a74db062 295cbe1c74c43b3a90551265105a9f17be19e2f88a6677bf6ee53d3edd65db23
CLIENT_HANDSHAKE_TRAFFIC_SECRET 8a5235d107990d6eb5b4bca23d8fd8bb9d671f57de8e758e635044ef4c610698 b42498fc89144617e5c21775ba02ebd5bbabb828b3c705412f359bc4ce01b3e6
SERVER_HANDSHAKE_TRAFFIC_SECRET 8a5235d107990d6eb5b4bca23d8fd8bb9d671f57de8e758e635044ef4c610698 e5d89f8fe5df57d74cfe5f0c0b8f6e96604c62410528885f86fedb9dd975cfee
CLIENT_HANDSHAKE_TRAFFIC_SECRET b4c971d75bf3ab8dc3c7c4f54797d17e9563887de3600ab66f99c3ee6928d7f0 c29c5d13a23694f775133ceb166e2fbc3622732688bb88fbd98dbbec3ca257b8
SERVER_HANDSHAKE_TRAFFIC_SECRET b4c971d75bf3ab8dc3c7c4f54797d17e9563887de3600ab66f99c3ee6928d7f0 b18b310b74969639377acb38e42709a2c5d3aa5ac37e98ab8e6505bdd4fd1b63
CLIENT_TRAFFIC_SECRET_0 8a5235d107990d6eb5b4bca23d8fd8bb9d671f57de8e758e635044ef4c610698 9b1ae4d5c45a38ebd8f5ea9c17315fc1f7a2cdf639d8b2ce51362ceccc13cb89
SERVER_TRAFFIC_SECRET_0 8a5235d107990d6eb5b4bca23d8fd8bb9d671f57de8e758e635044ef4c610698 9fd850c4b705351482638a41df03fc27eefbd15884c03466fa29f210fcf845c4
EXPORTER_SECRET 8a5235d107990d6eb5b4bca23d8fd8bb9d671f57de8e758e635044ef4c610698 65ea7171792ed5ad5fc1a00218f37a3610e2ae362f1766e84b749f868716711f
CLIENT_HANDSHAKE_TRAFFIC_SECRET dd79e5d23e9474c5856355f6a2dd2675722b9802825c1ccb43813360f243e523 04cf02287203461eefe5932f6cee63e8a70d18bc69681552cdf05390faa3d98e
SERVER_HANDSHAKE_TRAFFIC_SECRET dd79e5d23e9474c5856355f6a2dd2675722b9802825c1ccb43813360f243e523 bfc636ef77bb845db5b48e9b90d28d887e793bf91575c9032e6401c7d8b949bd
CLIENT_TRAFFIC_SECRET_0 b4c971d75bf3ab8dc3c7c4f54797d17e9563887de3600ab66f99c3ee6928d7f0 2c7aa065bb9c97de53e651e59427792e44de2ae75227ea837ad510433ea3ff9b
SERVER_TRAFFIC_SECRET_0 b4c971d75bf3ab8dc3c7c4f54797d17e9563887de3600ab66f99c3ee6928d7f0 72b5f504e0d083532ba21a331e82f6deffe118146c0c4a59f2600490efd28afc
EXPORTER_SECRET b4c971d75bf3ab8dc3c7c4f54797d17e9563887de3600ab66f99c3ee6928d7f0 6cb17e90a2e756c58fcb51c1f123d0c5f3705b6fc88a16c273a5a74dc4d3adad
CLIENT_TRAFFIC_SECRET_0 dd79e5d23e9474c5856355f6a2dd2675722b9802825c1ccb43813360f243e523 c41a98cd70c3ad1321305467c014de2d195239f30e7dd0015f9cfedb8ce4f7ae
SERVER_TRAFFIC_SECRET_0 dd79e5d23e9474c5856355f6a2dd2675722b9802825c1ccb43813360f243e523 d17a6c6917a084397a011b4bdb8b7f7da33cfa9b86ff36c347a293eb1065a132
EXPORTER_SECRET dd79e5d23e9474c5856355f6a2dd2675722b9802825c1ccb43813360f243e523 c27a6a8634b360cc632afcb5b5efcce975e361559fdbb00fd37c7c5444b102a1
CLIENT_HANDSHAKE_TRAFFIC_SECRET a1336d976cd2b3bc8a8b1e3d821f1fcea143aecd6e01b22b62f82bce27886c73 6029903bf15e1daaa83601e6c2341dec67d383b7d1a37aef2bea02df78156eb2
SERVER_HANDSHAKE_TRAFFIC_SECRET a1336d976cd2b3bc8a8b1e3d821f1fcea143aecd6e01b22b62f82bce27886c73 04e691eda2955c01ba022d8149c54e308241c45564f63c8ec39ff43bd5d762fb
CLIENT_HANDSHAKE_TRAFFIC_SECRET 8e81f4fea8ca33aea79bd222c105db379d4eeeb6357bf527480328f91f82a9de 7361ccdf4a638c3e00d75aecead1485901f03a4abac4f9ba1f24d9b1cd971d98
SERVER_HANDSHAKE_TRAFFIC_SECRET 8e81f4fea8ca33aea79bd222c105db379d4eeeb6357bf527480328f91f82a9de b0f5772b2d0bab13eee9041983fa910424b705604bf890502502702798a63960
CLIENT_TRAFFIC_SECRET_0 a1336d976cd2b3bc8a8b1e3d821f1fcea143aecd6e01b22b62f82bce27886c73 6a21326aeb3703ff5e764e9bb5dad56d48d38b9545bd4c795e6062de4b434dac
SERVER_TRAFFIC_SECRET_0 a1336d976cd2b3bc8a8b1e3d821f1fcea143aecd6e01b22b62f82bce27886c73 5739e04a6088fc56a58af98d836141526d3175a4876634e78c64765071f50ebb
EXPORTER_SECRET a1336d976cd2b3bc8a8b1e3d821f1fcea143aecd6e01b22b62f82bce27886c73 1f73414793045a7789a50c03a077d4a41d644c611012edca4723840af45bb4d3
CLIENT_TRAFFIC_SECRET_0 8e81f4fea8ca33aea79bd222c105db379d4eeeb6357bf527480328f91f82a9de 47e2983f60588c85e858e9f9fef8fe067f3700606ca8e37b03e541118c88eec7
SERVER_TRAFFIC_SECRET_0 8e81f4fea8ca33aea79bd222c105db379d4eeeb6357bf527480328f91f82a9de 84868fb62418ae87927825299de67670c5ae02bba424e979f05f7075f7c34465
EXPORTER_SECRET 8e81f4fea8ca33aea79bd222c105db379d4eeeb6357bf527480328f91f82a9de 18a1f659f23f0d80b1e4cb9712f3ca7d32754bbaeca4bdd8d99f22099f4572c2
CLIENT_HANDSHAKE_TRAFFIC_SECRET b79b20d54fd631a78a2be5ccd44b4645c5f7abc0a7542e0cded0331019c3b527 8afed5a209f5539d42a35c7b7dc16cfbad3d5cf75468a04bd102a90b439dbdc2
SERVER_HANDSHAKE_TRAFFIC_SECRET b79b20d54fd631a78a2be5ccd44b4645c5f7abc0a7542e0cded0331019c3b527 881e301d79c5a45a43969909d9108f2bfe582052205bc3d4b798a659b0106249
CLIENT_HANDSHAKE_TRAFFIC_SECRET 912006eb2b1a73d858c9b93a70478b48146f431caf0aea84ab9fe21c798f9194 106634b16c890ce457987cf81a5283c92628206c6a365d8b2eb86c7910069ee2
SERVER_HANDSHAKE_TRAFFIC_SECRET 912006eb2b1a73d858c9b93a70478b48146f431caf0aea84ab9fe21c798f9194 e31d14161ec848cf9b3eddfb305fd708d2acf60ba8a4fa02c72c122ca8c64621
CLIENT_HANDSHAKE_TRAFFIC_SECRET 8c4e55777bfda340b67bb889853f871749f41f1682943e42ade0b8f9aeb88872 64b188d0e70c1666e002b7858b2316a6f691ce1e2eb5becf2dea73aae34a94e6
SERVER_HANDSHAKE_TRAFFIC_SECRET 8c4e55777bfda340b67bb889853f871749f41f1682943e42ade0b8f9aeb88872 899938f03ea687bd96eb3d99fabe27ba6733013b51b76d3c41ccafcb16eddf3c
CLIENT_HANDSHAKE_TRAFFIC_SECRET 1eeefee5191c8262f535091fc934c793445738b2a68e75c2346f834bad44767d f5c8e01c8a841b6130d4cbcc0276d1e3078864eadf6e5a011b6c0a63ab2fee54
SERVER_HANDSHAKE_TRAFFIC_SECRET 1eeefee5191c8262f535091fc934c793445738b2a68e75c2346f834bad44767d 72b3ea11302e7db69b0687852261a7989a363eb716b43168ce739b1ba7b0eb5f
CLIENT_HANDSHAKE_TRAFFIC_SECRET adf87b80c248123eb4ad373bdec843498439875c697ff1b4375164e1a45c6ec6 d410497bd1c2ea6164164732a45675139203b6d54cde1da5c99542d8daf4cf64
SERVER_HANDSHAKE_TRAFFIC_SECRET adf87b80c248123eb4ad373bdec843498439875c697ff1b4375164e1a45c6ec6 1d54d185c3285c2abf3f6d5b8c5e84ef2188eb48fe945a96deb0ba98be1aeca8
CLIENT_TRAFFIC_SECRET_0 b79b20d54fd631a78a2be5ccd44b4645c5f7abc0a7542e0cded0331019c3b527 29c7c7111bbf29de529c8f1d21989d90753e3b9fe9897893c93829dfdceba388
SERVER_TRAFFIC_SECRET_0 b79b20d54fd631a78a2be5ccd44b4645c5f7abc0a7542e0cded0331019c3b527 e8279f2cbf7afc84e9c2d762a2f9e26fc2d7623fef6b09b60ba3a10ca8614a71
EXPORTER_SECRET b79b20d54fd631a78a2be5ccd44b4645c5f7abc0a7542e0cded0331019c3b527 2a605ae9db0ce080edc1038b234eef7caa7cd01e6f26bef52235021ad67b4134
CLIENT_TRAFFIC_SECRET_0 1eeefee5191c8262f535091fc934c793445738b2a68e75c2346f834bad44767d 06e05869f3bb716954c5c317fc444da8805cec4f6a3da5d617d3f950261da598
SERVER_TRAFFIC_SECRET_0 1eeefee5191c8262f535091fc934c793445738b2a68e75c2346f834bad44767d e9577807f57e3b99bcb750d860fe4c7a4d4fb6fd41daabef8e216debcdee43b2
EXPORTER_SECRET 1eeefee5191c8262f535091fc934c793445738b2a68e75c2346f834bad44767d 2ef4d7f079bedf7f580d18c4088b09a9bd7b7b82c6c4a94840764218b9a2dd49
CLIENT_TRAFFIC_SECRET_0 912006eb2b1a73d858c9b93a70478b48146f431caf0aea84ab9fe21c798f9194 c1acfbad7085de792693329d260aa6246b4a4173022d0adfebf26b2a1399c79d
SERVER_TRAFFIC_SECRET_0 912006eb2b1a73d858c9b93a70478b48146f431caf0aea84ab9fe21c798f9194 b56be53e868be16b49036ac9ec4e11a2796a0c1a5585aafdabcfa20711125475
EXPORTER_SECRET 912006eb2b1a73d858c9b93a70478b48146f431caf0aea84ab9fe21c798f9194 3580e8ecda264bb5ec2210a5b84d2dc061f781d83441392199aceea966b23d8b
CLIENT_TRAFFIC_SECRET_0 adf87b80c248123eb4ad373bdec843498439875c697ff1b4375164e1a45c6ec6 824dca60a7beec4a9a9aff529a6428101947eb0366aeefd937787e886318b5ed
SERVER_TRAFFIC_SECRET_0 adf87b80c248123eb4ad373bdec843498439875c697ff1b4375164e1a45c6ec6 e43f16c05842083c639a6a785de987c63a7616970038352eb44acd2a85c0951f
EXPORTER_SECRET adf87b80c248123eb4ad373bdec843498439875c697ff1b4375164e1a45c6ec6 906c69c4b9c0f2cd28d0ad70ae27d363e7bc028a7c2e3becb026a907034e5943
CLIENT_HANDSHAKE_TRAFFIC_SECRET 7d1bf2bdd7f5924230149c8a9554555f413dfe193677e53ae619c6e63891424b 9f4160e7042b7ebcaf2f9818fd903c753fcc233cf04baa733ae1825a64d47263
SERVER_HANDSHAKE_TRAFFIC_SECRET 7d1bf2bdd7f5924230149c8a9554555f413dfe193677e53ae619c6e63891424b 922ef505d13f7b3566f8139044cce7cc402c578ecaabaf0624879bf3f051e9f5
CLIENT_TRAFFIC_SECRET_0 8c4e55777bfda340b67bb889853f871749f41f1682943e42ade0b8f9aeb88872 0ed66e1248463629669ec348cbc66a67a66303591fe2dc038f6db4c436a62213
SERVER_TRAFFIC_SECRET_0 8c4e55777bfda340b67bb889853f871749f41f1682943e42ade0b8f9aeb88872 6637a25488e1349c75af76f15f8144f1e54621e7cf5ef8d3a8a8bf5caa7b3b77
EXPORTER_SECRET 8c4e55777bfda340b67bb889853f871749f41f1682943e42ade0b8f9aeb88872 29132980b4c2f1127006e690ccf591a5de3e695cd0109bac2a87446b3c92f6a2
CLIENT_HANDSHAKE_TRAFFIC_SECRET e47417bbf64b8a90ff740679568f87579b4417535ee099387010ac3a95249e42 71f9baeb5010c723036190cb3ccf55d60e974a5b1737d06c8d23f8c5ea72414b
SERVER_HANDSHAKE_TRAFFIC_SECRET e47417bbf64b8a90ff740679568f87579b4417535ee099387010ac3a95249e42 ecad55ca05a7f113a069226a011f46d9baeeede863d039e78ca281430db5c64d
CLIENT_TRAFFIC_SECRET_0 7d1bf2bdd7f5924230149c8a9554555f413dfe193677e53ae619c6e63891424b 4ac95bc7a0502ebcd9079d5f4c66e00595e2469603da25fe879c37a0ba93c169
SERVER_TRAFFIC_SECRET_0 7d1bf2bdd7f5924230149c8a9554555f413dfe193677e53ae619c6e63891424b 56ff3fa2a83c11085974d196b46cadfc2fcbdc0a9568f14547efbdd424bf2f6e
EXPORTER_SECRET 7d1bf2bdd7f5924230149c8a9554555f413dfe193677e53ae619c6e63891424b 29cc1513c23f35a201c448ce519fe3eb19e3b02c505dbe7691b088cf901dc7a4
CLIENT_TRAFFIC_SECRET_0 e47417bbf64b8a90ff740679568f87579b4417535ee099387010ac3a95249e42 db6c88efd350ccd736aec68e6778f4a516b869a768428f0bcf7de69cb670c741
SERVER_TRAFFIC_SECRET_0 e47417bbf64b8a90ff740679568f87579b4417535ee099387010ac3a95249e42 dc74a593aa74746073ecb5700b2dbd9737fcee646b2afd7c26566094f12b2d46
EXPORTER_SECRET e47417bbf64b8a90ff740679568f87579b4417535ee099387010ac3a95249e42 cad5fef6894e8bc6ade679f0e367781c2d58374a6649467e306e783d947c1436
CLIENT_HANDSHAKE_TRAFFIC_SECRET 11ad8df98fc6a5fb21f12a459d87d340e225cd486268ae3004c4107b97ba0a3e 972b8bdee064176728393a577244f03c7d99187ca5ca78527058146e6b2c16bf
SERVER_HANDSHAKE_TRAFFIC_SECRET 11ad8df98fc6a5fb21f12a459d87d340e225cd486268ae3004c4107b97ba0a3e 3df71a1b2a34f3cc71f2432cbfd13cb361c3f441542176f8e0e44070d2fe7eae
CLIENT_TRAFFIC_SECRET_0 11ad8df98fc6a5fb21f12a459d87d340e225cd486268ae3004c4107b97ba0a3e b4c5e6f658209dd03679201053c562a50d48f8232f2e1d9f384ba6a4afe4a316
SERVER_TRAFFIC_SECRET_0 11ad8df98fc6a5fb21f12a459d87d340e225cd486268ae3004c4107b97ba0a3e 1133a31b50c8fbbca54d6621a8c8cc200e5138a0733e537fe226376bad2a07eb
EXPORTER_SECRET 11ad8df98fc6a5fb21f12a459d87d340e225cd486268ae3004c4107b97ba0a3e 6847276cbae5a49ea26f141862cbb19c23ac22c6e2fdd778b95c2fbdf4df50cc
CLIENT_HANDSHAKE_TRAFFIC_SECRET 31f9df2309bcd4e72c5aff6ab445d70aaf5d8f59f38363c176810ddeb9c60112 adbe1821a4a1ecf2677179ab4bce755d7ed0c177c04f844a1aeb6ced2d740b518d0759e198eadf859fe35d9421a4b1ef
SERVER_HANDSHAKE_TRAFFIC_SECRET 31f9df2309bcd4e72c5aff6ab445d70aaf5d8f59f38363c176810ddeb9c60112 287ba4d10d76b54b664e317a351ee4d8bf74d45a148ad40026dda31fa7637205e17119f6d515f68e797d9cc3955cc1bc
CLIENT_TRAFFIC_SECRET_0 31f9df2309bcd4e72c5aff6ab445d70aaf5d8f59f38363c176810ddeb9c60112 58f156744227d3ad6b367f28daefd349074e9fd38eb57d24b24112cdc50580fea9a5756a5afdc7a4fcace5369e8c7eff
SERVER_TRAFFIC_SECRET_0 31f9df2309bcd4e72c5aff6ab445d70aaf5d8f59f38363c176810ddeb9c60112 fde3ca75d1381e799ab6fa26038ee6d06849555595a38d0eb5177c3d8da7583ea4b4370b74b3b3b976ffd3d40b0eea97
EXPORTER_SECRET 31f9df2309bcd4e72c5aff6ab445d70aaf5d8f59f38363c176810ddeb9c60112 9f419a2cdc549d4d545c831947db8071b6f046e9bac89d8e672724cef66d651dcea7932d11446593d8d1e583fa9bb05f
CLIENT_HANDSHAKE_TRAFFIC_SECRET 288912e273103b583bf76d69740afcc40a726619a782f1ac4d5f8cb6f7e58d3e 4fc23ddc798259b80ff44187bc36b9f9ce26090acd2aea270d0720f29160b51a
SERVER_HANDSHAKE_TRAFFIC_SECRET 288912e273103b583bf76d69740afcc40a726619a782f1ac4d5f8cb6f7e58d3e e4502a01e758e047dfa53ee29ad6292595a0c6392498a67dc5f42b3daa6bf005
CLIENT_TRAFFIC_SECRET_0 288912e273103b583bf76d69740afcc40a726619a782f1ac4d5f8cb6f7e58d3e 4b1abc051249d1098a0d826c9605b9d46f7b1a9dee65c04a7a30816d8229cad3
SERVER_TRAFFIC_SECRET_0 288912e273103b583bf76d69740afcc40a726619a782f1ac4d5f8cb6f7e58d3e 1ea8776996f2c6358ec49b347addfccd36d985b9b3ef609230ef22b253fa2224
EXPORTER_SECRET 288912e273103b583bf76d69740afcc40a726619a782f1ac4d5f8cb6f7e58d3e 8aaa403f9f6d85f9eca72da6c6fe7114ea059af5714401509d7582eb913aa837
CLIENT_HANDSHAKE_TRAFFIC_SECRET 1d2297ab503d5f50fe8923a9bcafe693667f0e82e8e4920ba8194bbf8574323e e268c80a8ae9650f2c6c8c3a3048acc179773ca51ab7b7a8a8f34c93221cf37a767c44ef852663f5215a12ad9f546532
SERVER_HANDSHAKE_TRAFFIC_SECRET 1d2297ab503d5f50fe8923a9bcafe693667f0e82e8e4920ba8194bbf8574323e 7305a8794bea518a49aea416ae2175424135090917cde6c9e9f63e203fa55390c4aaed12e34175e8a182d53db217c497
CLIENT_TRAFFIC_SECRET_0 1d2297ab503d5f50fe8923a9bcafe693667f0e82e8e4920ba8194bbf8574323e da8f3f4ee490651fc1a31a8a33c72d407701cabaf1c9d0ad95a31dec075bd54810ac0c041bf1afdb05f0933a620dae5c
SERVER_TRAFFIC_SECRET_0 1d2297ab503d5f50fe8923a9bcafe693667f0e82e8e4920ba8194bbf8574323e 03b7db78b84c835176c1e55fab29f5ba7c3dddae3ae64437e1afb21df3d99cd9836858e250ed5052d59bab7e001a352f
EXPORTER_SECRET 1d2297ab503d5f50fe8923a9bcafe693667f0e82e8e4920ba8194bbf8574323e 39d2a610a394ef7f1499cfdd7606357dccf1f26144b2779a89e51deda61bf95fe7abbb7745d45bb9ce7e3453f83da6e0
CLIENT_HANDSHAKE_TRAFFIC_SECRET c59156b601d0779e5d08f82f47993a3f113b62469ea3fd3f5b1ee2dad46a1ad1 49da1d09c7a7c7245bbb1cca38773e6771817cefd2d995d5b933696ae650a798121af16703325ec77baf3eecb0751356
SERVER_HANDSHAKE_TRAFFIC_SECRET c59156b601d0779e5d08f82f47993a3f113b62469ea3fd3f5b1ee2dad46a1ad1 3ada7038525eb98565d89550d511a77cee23366246c32f4fe0caef525b3a5d0ec9fe6ddedbf99d15eed9a83e6fdeb732
CLIENT_TRAFFIC_SECRET_0 c59156b601d0779e5d08f82f47993a3f113b62469ea3fd3f5b1ee2dad46a1ad1 55fcf7802b5f9e445a60ef450253f2fab8dbc02864ed16fc5789d59ac2f42d6cf2d22f5917caff22bea7685afd5fd370
SERVER_TRAFFIC_SECRET_0 c59156b601d0779e5d08f82f47993a3f113b62469ea3fd3f5b1ee2dad46a1ad1 6aad118bfbb00a7b39aa04eead196921ae03dfbc1165d923112eb3734746f20cb1bbae8720bbb3d92c62771a2fb14cd1
EXPORTER_SECRET c59156b601d0779e5d08f82f47993a3f113b62469ea3fd3f5b1ee2dad46a1ad1 f7a1ef604bb950f5d526a06db9ea2bce09b0f64e5a41a9728eaa6016dd0f75a325e8c2ca13cd1b92236989d49a03910f
CLIENT_HANDSHAKE_TRAFFIC_SECRET 102181e1a184e67a64c9105787fe6ae94871add50934f638cf8a8fe835b8d961 8defbbc24a4889cbd5768b1973de9291540f56a6f301c5bd8c070150ca78290025d06b656d6dd9d6e4e80cadf9913e8c
SERVER_HANDSHAKE_TRAFFIC_SECRET 102181e1a184e67a64c9105787fe6ae94871add50934f638cf8a8fe835b8d961 82a0e8bf0d66e9017348062a341d2c848487c623e64c64778f426814f549c0ba1a08aa1097be79a8bb406486659d383b
CLIENT_TRAFFIC_SECRET_0 102181e1a184e67a64c9105787fe6ae94871add50934f638cf8a8fe835b8d961 1ac887b8e8345f5cce4f3a49beebd87b0a7772a138cb35501285246e76e5e04bec4ce38c3641eb0ee6123750f5eb8c0f
SERVER_TRAFFIC_SECRET_0 102181e1a184e67a64c9105787fe6ae94871add50934f638cf8a8fe835b8d961 9df1178f53c8f4d8b45f244df7a20bb773af1bd67af819813ba414e3cfb59092c1e96657c91e7c8187541a1e08646e65
EXPORTER_SECRET 102181e1a184e67a64c9105787fe6ae94871add50934f638cf8a8fe835b8d961 66611799534ce4a13862a4e29df2d7350f91787591c97ebc610b4e31c6e7eacfd0ef5d0df4bf1cd478db078989fef862
CLIENT_EARLY_TRAFFIC_SECRET 5476372211f8c09eb31984082ca7c6ffae5e3b76e22c13dadaa5798d2499ed15 ea8a3288cec3b880487faed9f292a91c934e16ac10ac6d5940e24687b51e7a46
CLIENT_HANDSHAKE_TRAFFIC_SECRET 5476372211f8c09eb31984082ca7c6ffae5e3b76e22c13dadaa5798d2499ed15 677205f2e082c6e3002a14c779b8cf017c1e779621a1297efa133ad25f9f1ab8
SERVER_HANDSHAKE_TRAFFIC_SECRET 5476372211f8c09eb31984082ca7c6ffae5e3b76e22c13dadaa5798d2499ed15 9fd14ff1fb8a2bd51035021d35349306249aa4ebc5f74a51aa31615bd32c1da1
CLIENT_TRAFFIC_SECRET_0 5476372211f8c09eb31984082ca7c6ffae5e3b76e22c13dadaa5798d2499ed15 51cf019744ed03f580719185dcd72891d3a1f9f1fd01dec5b0bae60bb00ddeff
SERVER_TRAFFIC_SECRET_0 5476372211f8c09eb31984082ca7c6ffae5e3b76e22c13dadaa5798d2499ed15 a7e003a8babfa5af7e5eea425c30312cf1da22bf4a1ca896d06e840be496f6a5
EXPORTER_SECRET 5476372211f8c09eb31984082ca7c6ffae5e3b76e22c13dadaa5798d2499ed15 5a366954a60fce4ef12010a73dd2a68c31a44c68b088c2394417e80e469b8a41
CLIENT_HANDSHAKE_TRAFFIC_SECRET ee402a3f43080bdf7a041c6accc65633cf73f1bb651fbd346accd60c48b9096b 8ea8d850d28b05c9d9ad986f9884568b130250c541abe200ab9d852059796109
SERVER_HANDSHAKE_TRAFFIC_SECRET ee402a3f43080bdf7a041c6accc65633cf73f1bb651fbd346accd60c48b9096b 507d5eac59fe592605e0008cc99c5a727c3604212cdb3da5a3f7f630af86e65a
CLIENT_HANDSHAKE_TRAFFIC_SECRET 389260c7d0b8f02fe38de0dac7669b422a4c6d0e75db95fa8394ed6e41d17fb2 aac3c580172528b06ac5514b5848c6f1d29d8445f06847d60c21722d76499dcc
SERVER_HANDSHAKE_TRAFFIC_SECRET 389260c7d0b8f02fe38de0dac7669b422a4c6d0e75db95fa8394ed6e41d17fb2 5e1bbbab4c581666e01cceff9ef95fc04bd0829efdeb1af1d716a69a666607fd
CLIENT_HANDSHAKE_TRAFFIC_SECRET 6af23c3d8cdbd364b383ea45198c5b2508caaf510b09992d95db0b91da316b99 661c5046e7bb4885d26a4c1f7476983485ef666f14012d4165640a31b8206dcd
SERVER_HANDSHAKE_TRAFFIC_SECRET 6af23c3d8cdbd364b383ea45198c5b2508caaf510b09992d95db0b91da316b99 8ceb2f2c9980f36d5f7c8e9694f7e56532c27041c05e13e40838188379776dc4
CLIENT_HANDSHAKE_TRAFFIC_SECRET 73c1707954e757bc390eefd18af08939e2f5b7d7ec7eb9e7e0d58a2db0c495eb b720666aedc827df32bcc00a7c90c3a0475a4c5696b56a388a3a69ac5d5c7aef
SERVER_HANDSHAKE_TRAFFIC_SECRET 73c1707954e757bc390eefd18af08939e2f5b7d7ec7eb9e7e0d58a2db0c495eb 487b92c75195d01ff6d92aac812a21e4453109054945ee8de91c57620acb7d26
CLIENT_HANDSHAKE_TRAFFIC_SECRET c7c4ffcbbde30190baf25e58ec57823b998cc6297162e84c4d16b8fd141f9751 7cb3ead154180421d75704b5ce092705cd7c2fc8ac45bdf3ea443d0a6e99a343
SERVER_HANDSHAKE_TRAFFIC_SECRET c7c4ffcbbde30190baf25e58ec57823b998cc6297162e84c4d16b8fd141f9751 8c4f522ebf603d493c59bf47d96376181e3da9cd39224062da3d488dbe22f086
CLIENT_HANDSHAKE_TRAFFIC_SECRET e79fbcd85eb25431db23929beed62dfef72a10710fe439bb5c9675365a6ebfcf 2e4f96f32aa6bf8c0c656e8f6f8b0662bd2eb39c7aa41c8dec29b455e6b3422b
SERVER_HANDSHAKE_TRAFFIC_SECRET e79fbcd85eb25431db23929beed62dfef72a10710fe439bb5c9675365a6ebfcf 6dc81ac31b716743d20ac8580007089abecaab95ceae37f1a40028169fea9d08
CLIENT_TRAFFIC_SECRET_0 c7c4ffcbbde30190baf25e58ec57823b998cc6297162e84c4d16b8fd141f9751 13349b98a8d01ad4877bc8e6d24629ae57625d6f67f2c84daef6d24b239ac4e7
SERVER_TRAFFIC_SECRET_0 c7c4ffcbbde30190baf25e58ec57823b998cc6297162e84c4d16b8fd141f9751 c66f56fb5552358a54a0d0842aa07172041bdcdcd33356343afca62d6fe3cb73
EXPORTER_SECRET c7c4ffcbbde30190baf25e58ec57823b998cc6297162e84c4d16b8fd141f9751 93347e4799185dd2b3020f27bb9bf1e57afe43a33d454544c4c4572bf7ab3ad9
CLIENT_TRAFFIC_SECRET_0 ee402a3f43080bdf7a041c6accc65633cf73f1bb651fbd346accd60c48b9096b 30ce9ef9662b714029cc4692fef4b88239bcd4703ad6d271b1c6b31cfb01ebf0
SERVER_TRAFFIC_SECRET_0 ee402a3f43080bdf7a041c6accc65633cf73f1bb651fbd346accd60c48b9096b cf9acce3619819f23ca6b547e4fca777b8a1b8d30eb75649604b26e26eab174e
EXPORTER_SECRET ee402a3f43080bdf7a041c6accc65633cf73f1bb651fbd346accd60c48b9096b 9d8ee433f85722b4f06b3f6a50360d4a593ef1084250bbd97e86acb2afd668fc
CLIENT_TRAFFIC_SECRET_0 e79fbcd85eb25431db23929beed62dfef72a10710fe439bb5c9675365a6ebfcf 69e8c53d4922844aeac900c6f7f0a65ab4bc14b1abe9272b3986ee6df9aa5deb
SERVER_TRAFFIC_SECRET_0 e79fbcd85eb25431db23929beed62dfef72a10710fe439bb5c9675365a6ebfcf ce1cb3dafdd461812ed19c10c7291d3ab2a6c95adb284d1df4911e19cf6a8f9b
EXPORTER_SECRET e79fbcd85eb25431db23929beed62dfef72a10710fe439bb5c9675365a6ebfcf 696b94b2864ad98d2c368d2cff99e35c6f8b353303f98264ba29d402b029a43d
CLIENT_TRAFFIC_SECRET_0 73c1707954e757bc390eefd18af08939e2f5b7d7ec7eb9e7e0d58a2db0c495eb bc5a4bfece561eb41ea537d188a8da749e69271651087a3adac665efbd79512c
SERVER_TRAFFIC_SECRET_0 73c1707954e757bc390eefd18af08939e2f5b7d7ec7eb9e7e0d58a2db0c495eb c07bca741b75e3a313d1b45d9e6a095a14b413c2da6614ebaaea9ebdc4438160
EXPORTER_SECRET 73c1707954e757bc390eefd18af08939e2f5b7d7ec7eb9e7e0d58a2db0c495eb a418968ed59b10f7c96b3ea2b262f511df375c2e9821044c554a37b5d5a631bc
CLIENT_TRAFFIC_SECRET_0 389260c7d0b8f02fe38de0dac7669b422a4c6d0e75db95fa8394ed6e41d17fb2 1baf064e9f6655ff046e9f0ee330926cce32171db6af1fe2dfb70633ac135a88
SERVER_TRAFFIC_SECRET_0 389260c7d0b8f02fe38de0dac7669b422a4c6d0e75db95fa8394ed6e41d17fb2 c095feef4eaff90c48f697e87da700c0cfb9426994eaef4ad9067543db971360
EXPORTER_SECRET 389260c7d0b8f02fe38de0dac7669b422a4c6d0e75db95fa8394ed6e41d17fb2 c93ff3aae65e21e99b62e4c43c4fe6bb64b6082cc674b1ac4942c59edc4d4bae
CLIENT_TRAFFIC_SECRET_0 6af23c3d8cdbd364b383ea45198c5b2508caaf510b09992d95db0b91da316b99 d53cb8da42c3552f5f99967de8a75e5b249bef19245e0e118d4eb52073af554e
SERVER_TRAFFIC_SECRET_0 6af23c3d8cdbd364b383ea45198c5b2508caaf510b09992d95db0b91da316b99 cd60f0e1f936629eebc81b481816b5a0ae75ea31ea2b28f7cbfcceadd4c1bb2d
EXPORTER_SECRET 6af23c3d8cdbd364b383ea45198c5b2508caaf510b09992d95db0b91da316b99 40f246cafa5be55bd4c937c78488ef391ab0384d46e1a15ac5f6541343376eba
CLIENT_HANDSHAKE_TRAFFIC_SECRET 95276e8c4e8388ae299789abe050d4341e08872b1a98b2b2547bd35c171b24d0 01f3e22894637282416624f0a456c35bd0f0a08bae6af1aaf0a629362c96b592
SERVER_HANDSHAKE_TRAFFIC_SECRET 95276e8c4e8388ae299789abe050d4341e08872b1a98b2b2547bd35c171b24d0 d4827c8d3448004d3ccddb05f341536f6aba474c7ae7cd0a9edc48e2030bad23
CLIENT_HANDSHAKE_TRAFFIC_SECRET a14ee0e5dd6004ad0ec908d02ec507f748ccb7ccdb7f3d7f387174896bafd95e e112834adf42b8d7b7a0467e76fbf830d08133c0152284644c1668febfcc72fe
SERVER_HANDSHAKE_TRAFFIC_SECRET a14ee0e5dd6004ad0ec908d02ec507f748ccb7ccdb7f3d7f387174896bafd95e e28935ed57763df325cc08ec1e7ae916d9896b2380c7055db6af02edf3bddb0b
CLIENT_TRAFFIC_SECRET_0 a14ee0e5dd6004ad0ec908d02ec507f748ccb7ccdb7f3d7f387174896bafd95e fe65995cf74afcffae56d276a4478ba45610c24c2a6c8ba1568feb5785740718
SERVER_TRAFFIC_SECRET_0 a14ee0e5dd6004ad0ec908d02ec507f748ccb7ccdb7f3d7f387174896bafd95e cb4ffbbfb3025eee09b0461f39cb05fb55d3349979209ee1d52d127505789e43
EXPORTER_SECRET a14ee0e5dd6004ad0ec908d02ec507f748ccb7ccdb7f3d7f387174896bafd95e 6dd7ba5d716334c4597234672e85e0d2309088886b6c68a945304ab62777bc2e
CLIENT_TRAFFIC_SECRET_0 95276e8c4e8388ae299789abe050d4341e08872b1a98b2b2547bd35c171b24d0 ec0f98cb7dc30a9682a6588bac9787454ae2715d2a4c143e04d66d299290f3b5
SERVER_TRAFFIC_SECRET_0 95276e8c4e8388ae299789abe050d4341e08872b1a98b2b2547bd35c171b24d0 07831550bc6cc8f06e7040763b5521184418f51a58aa1213d0034e2fb77bc791
EXPORTER_SECRET 95276e8c4e8388ae299789abe050d4341e08872b1a98b2b2547bd35c171b24d0 9ea69489992a29ef7a7ceccd1f4baffa50bbc481002024e8b6c52be4c7024d24
CLIENT_HANDSHAKE_TRAFFIC_SECRET 03f7ab322342c57192fb7c6291e46daec1ab2094c356bf109202b473e61379d3 db04aaeec7dc11cc1d04757d26a5bcf40c752ff536bb436db45997b7aa92c652
SERVER_HANDSHAKE_TRAFFIC_SECRET 03f7ab322342c57192fb7c6291e46daec1ab2094c356bf109202b473e61379d3 6767c1978a369d2dbc25e8a8c792183da138b59a7c1a50b4e03d2a731ba985d4
CLIENT_HANDSHAKE_TRAFFIC_SECRET f838ada2f09d004a2b9137bc0dd8120c4b1c9552c604e9079457e25e8efde478 5d0600e50ff81d9cb5a92d99307fb7846aeec8477955735d8d32f77ec24481f0
SERVER_HANDSHAKE_TRAFFIC_SECRET f838ada2f09d004a2b9137bc0dd8120c4b1c9552c604e9079457e25e8efde478 96138783720c714db4ce965a332b9139fcd47acd6ddda87c4a228980069de70f
CLIENT_HANDSHAKE_TRAFFIC_SECRET b3c45934a3ff8c21e4353fa3285e8265f5fb2c7ca516f6310dbefcc2ea01bd1d e67c47b129706665133de440faf5c53ead2a4fded87b694b0894d23e7c62ee88
SERVER_HANDSHAKE_TRAFFIC_SECRET b3c45934a3ff8c21e4353fa3285e8265f5fb2c7ca516f6310dbefcc2ea01bd1d 0dec96ee83d22a9b6af6cbe506d038314202960e5004ce7cf617396166cc88e3
CLIENT_HANDSHAKE_TRAFFIC_SECRET 2acf641912719a04f74139574ed9294a4e79e359acff31c54be86107148a0811 b6e39b4b645870790be0101c30c67835c7b0a0edee8f2e7706740d2b4deb1b22
SERVER_HANDSHAKE_TRAFFIC_SECRET 2acf641912719a04f74139574ed9294a4e79e359acff31c54be86107148a0811 e639e5e81e2850b4731ba98669eb5cdf24fe64b0e0196f6a03c907cb047f55dc
CLIENT_TRAFFIC_SECRET_0 03f7ab322342c57192fb7c6291e46daec1ab2094c356bf109202b473e61379d3 b4af69a83b3062f36535cde3eed1e410511a590cb0f7bae12862bd5971035166
SERVER_TRAFFIC_SECRET_0 03f7ab322342c57192fb7c6291e46daec1ab2094c356bf109202b473e61379d3 89f4e7ee873e57cff5d28a5ed142d83db355e33c8c127ac4a97109523c3059f8
EXPORTER_SECRET 03f7ab322342c57192fb7c6291e46daec1ab2094c356bf109202b473e61379d3 a2422525fc55f236d1e8844f687446c5503ce501630e0c358f8bf6bdb27d4a31
CLIENT_HANDSHAKE_TRAFFIC_SECRET b69f0aeda5d60291870c67e7a2db93b98ec47a9b796c8467ceeda6acba2d9a15 6aa861e5a2fc84ceae1ef95a59a79575d19177ad937053ba81a3970d3c103a73
SERVER_HANDSHAKE_TRAFFIC_SECRET b69f0aeda5d60291870c67e7a2db93b98ec47a9b796c8467ceeda6acba2d9a15 b1e0d6aea212b4e825e1a3bdbcaefd23db027d727fe2106baa5160ea2bf302a0
CLIENT_TRAFFIC_SECRET_0 b3c45934a3ff8c21e4353fa3285e8265f5fb2c7ca516f6310dbefcc2ea01bd1d 6efe41d8e64c218545213b5567eb20b62c41952fe39af64f4e64cb049dfa974e
SERVER_TRAFFIC_SECRET_0 b3c45934a3ff8c21e4353fa3285e8265f5fb2c7ca516f6310dbefcc2ea01bd1d 995e70b4e27f3d7e9cdb782f2ad3044ffb945b09a497bfe19585ef1176b02899
EXPORTER_SECRET b3c45934a3ff8c21e4353fa3285e8265f5fb2c7ca516f6310dbefcc2ea01bd1d 01c8801b876043de97f3ecec8484389456f8c157eba271db569c6417a7c0f51d
CLIENT_TRAFFIC_SECRET_0 f838ada2f09d004a2b9137bc0dd8120c4b1c9552c604e9079457e25e8efde478 e222bfa854b96dc85e09affcb3297363b5cf8a41578835ce1bed8ac3fd880a41
SERVER_TRAFFIC_SECRET_0 f838ada2f09d004a2b9137bc0dd8120c4b1c9552c604e9079457e25e8efde478 4f4abeb9cddc0598abd3da18c5a2328db8d4e6033c7e81f1b30575e9bb728ab7
EXPORTER_SECRET f838ada2f09d004a2b9137bc0dd8120c4b1c9552c604e9079457e25e8efde478 aadea85f2540eeef45ec625da321e46f1e71a90a9ecbbc3a26ade595d4914a52
CLIENT_TRAFFIC_SECRET_0 b69f0aeda5d60291870c67e7a2db93b98ec47a9b796c8467ceeda6acba2d9a15 3c70df2c0f5bd9dd47016309fcad903f9224d4005f79a0a4d989fe4820b82dc5
SERVER_TRAFFIC_SECRET_0 b69f0aeda5d60291870c67e7a2db93b98ec47a9b796c8467ceeda6acba2d9a15 166fd4210c596de0e4511b11959315d135181b513f57d8c1c8ccc9d4f00777fc
EXPORTER_SECRET b69f0aeda5d60291870c67e7a2db93b98ec47a9b796c8467ceeda6acba2d9a15 f881a1f2956c05612e801fbbabeb8f641f389a910d1306e8050061dd10a60dcf
CLIENT_TRAFFIC_SECRET_0 2acf641912719a04f74139574ed9294a4e79e359acff31c54be86107148a0811 39698007798ccb50f67fd5de896a74bbde68df7733471fd06e7c8e37fc22be77
SERVER_TRAFFIC_SECRET_0 2acf641912719a04f74139574ed9294a4e79e359acff31c54be86107148a0811 1ca3a13767fb79b29b58d835d7df169980769ec3c638e95caedbbc0750540c87
EXPORTER_SECRET 2acf641912719a04f74139574ed9294a4e79e359acff31c54be86107148a0811 75dd8ec713bddfbf04f1449daa89fdf0ac43d0c2672c58f8566462f4ed7bd775
CLIENT_HANDSHAKE_TRAFFIC_SECRET bc9ec3dd38af8c87b46a79f26c5942a4c7ea54f6f66101cbabada2c000e008ab 8d782ab12389b7f5c794ebf0e6e6c4621555fd4f44e83f026227c80bae9dba32
SERVER_HANDSHAKE_TRAFFIC_SECRET bc9ec3dd38af8c87b46a79f26c5942a4c7ea54f6f66101cbabada2c000e008ab 5249f3b261da60525ec9c2f57267f96f88ec9f70c647991ded440992a3d9ded2
CLIENT_TRAFFIC_SECRET_0 bc9ec3dd38af8c87b46a79f26c5942a4c7ea54f6f66101cbabada2c000e008ab 25883a8eb7060be3073b6a112dd04b23155f7e148564beb25137e703cce87eb6
SERVER_TRAFFIC_SECRET_0 bc9ec3dd38af8c87b46a79f26c5942a4c7ea54f6f66101cbabada2c000e008ab 0f76fd710c17e0f1684fba147fded7cfda46fcdc508f9a97b62269e11eff3646
EXPORTER_SECRET bc9ec3dd38af8c87b46a79f26c5942a4c7ea54f6f66101cbabada2c000e008ab 6adc4e8ba67e0d6f600b100b8c91088629242447de25b79efc4cfe6e8786c164
CLIENT_HANDSHAKE_TRAFFIC_SECRET 8bb0809b2b977a167fe67a5c83ef924495ce6ff5f7a97d623d5cc2c30ff9a793 a2b080094f37b21fb09fbb4677598ba9774300d512eb761d794231dea8e15178
SERVER_HANDSHAKE_TRAFFIC_SECRET 8bb0809b2b977a167fe67a5c83ef924495ce6ff5f7a97d623d5cc2c30ff9a793 084b2d261758548c451f181be39299e9e4d2d9e42881fec79287f49132f2cbc9
CLIENT_TRAFFIC_SECRET_0 8bb0809b2b977a167fe67a5c83ef924495ce6ff5f7a97d623d5cc2c30ff9a793 cbed798640360b39d60e73fac5b702bb372263929d0d134b67e6be1883c68ed8
SERVER_TRAFFIC_SECRET_0 8bb0809b2b977a167fe67a5c83ef924495ce6ff5f7a97d623d5cc2c30ff9a793 b332584131f5968d59da91f873ad3b546678493840dcc2c6511bb8c8604c1a66
EXPORTER_SECRET 8bb0809b2b977a167fe67a5c83ef924495ce6ff5f7a97d623d5cc2c30ff9a793 6df16615905360c86b7e2e8e2db90d13fe65bab1ea724757a652a38ea2f3fb3b
CLIENT_HANDSHAKE_TRAFFIC_SECRET eba702c9e7770339046d47e2a531fd6de58878cd385d87ad1357984b57b2662e c1fa74ecbcaf97902c4531029d0d54f7a5b84700639dd92cbada2a298ac96a0f
SERVER_HANDSHAKE_TRAFFIC_SECRET eba702c9e7770339046d47e2a531fd6de58878cd385d87ad1357984b57b2662e 4b9f262aafee6c1a4841c0f84cfaf47257f363c0a8cf099df9989eb1e94bfba6
CLIENT_TRAFFIC_SECRET_0 eba702c9e7770339046d47e2a531fd6de58878cd385d87ad1357984b57b2662e 235b2e52e7c22cf776afa3a71f9ba1586fe0df3fa30092167cf8f13d093286a7
SERVER_TRAFFIC_SECRET_0 eba702c9e7770339046d47e2a531fd6de58878cd385d87ad1357984b57b2662e d9851b2f54d5c3046a0cfaa2e4fd215535f248b88a40c379507a4ab30ca53537
EXPORTER_SECRET eba702c9e7770339046d47e2a531fd6de58878cd385d87ad1357984b57b2662e 6e06d124b43b15181d35383acef40eb80341265775aa2af6dfe7863df20be05c
CLIENT_HANDSHAKE_TRAFFIC_SECRET 4eb79467f4829dc9de0861f60c7dfc3ce47a14d9f2d4b74aa7db8dadbbda8257 6077e94dec859a1263b0a8d18cb50ecabe675b42bd0cb280694f7af8151f3fa9
SERVER_HANDSHAKE_TRAFFIC_SECRET 4eb79467f4829dc9de0861f60c7dfc3ce47a14d9f2d4b74aa7db8dadbbda8257 e35e75aadfbac2be1568f88cf591c4e24ef55aa6a6453461ad9100ce52dfa8e2
CLIENT_TRAFFIC_SECRET_0 4eb79467f4829dc9de0861f60c7dfc3ce47a14d9f2d4b74aa7db8dadbbda8257 dd9abf81731ffd48d847065cfda76674bbce3152f9f95dfb01ff428304105d93
SERVER_TRAFFIC_SECRET_0 4eb79467f4829dc9de0861f60c7dfc3ce47a14d9f2d4b74aa7db8dadbbda8257 8a89e813985b30608b56b67883909daae0c6d3720ae770a3b31622f3f9ea3f7f
EXPORTER_SECRET 4eb79467f4829dc9de0861f60c7dfc3ce47a14d9f2d4b74aa7db8dadbbda8257 102032241927652152941dfdea61379097ebefa01ce6b5b89b9d8ba7d76473a8
CLIENT_HANDSHAKE_TRAFFIC_SECRET 61d7f9af2491c984969b533b3068bf965091e82d94ee93f06f017745294f9018 d212999451854538b82dc9cdeb6963584bc9c1e62d69a89ea9b779b240182be5
SERVER_HANDSHAKE_TRAFFIC_SECRET 61d7f9af2491c984969b533b3068bf965091e82d94ee93f06f017745294f9018 18f3684204670fcea96497e76f8575584a86a2a9c0beb642c470303932ed6423
CLIENT_TRAFFIC_SECRET_0 61d7f9af2491c984969b533b3068bf965091e82d94ee93f06f017745294f9018 a41e2ac70c7365d2b3952c5ff05737d38f52279c2b4728f52f5dbfb262f0773e
SERVER_TRAFFIC_SECRET_0 61d7f9af2491c984969b533b3068bf965091e82d94ee93f06f017745294f9018 fc2cdf64df5a2ac30eacd03b91b569b3b4a6cfe330e3ed365f448188c27ef9e1
EXPORTER_SECRET 61d7f9af2491c984969b533b3068bf965091e82d94ee93f06f017745294f9018 daca445fe71325bce6de2b8a0bee5533c88241398cd7d018b191020bcf96afbe
CLIENT_HANDSHAKE_TRAFFIC_SECRET cff0c59352736294f1fdd287d468f6c4d8a53c4b577e9fa5134e7e68f7f62c74 84f758a5fbe707e59f0d31efd8b818bf6ecff206466b48ed4ee51d5b4eb1a460e0032d6b56af50d20b4141842d8ade15
SERVER_HANDSHAKE_TRAFFIC_SECRET cff0c59352736294f1fdd287d468f6c4d8a53c4b577e9fa5134e7e68f7f62c74 a8c910f52e92e6a60eb1ebeaf1ca81c5f0dab9fc8134f88b86d3678e271c005f4ed44580adbd53a26c23fc251e706e09
CLIENT_TRAFFIC_SECRET_0 cff0c59352736294f1fdd287d468f6c4d8a53c4b577e9fa5134e7e68f7f62c74 ce14a452e248f71aa4c5659e4020bb28118d785a404f6c06d9d42d07946a18423c18c4aa225a4bfc9dcc712f1b656b5a
SERVER_TRAFFIC_SECRET_0 cff0c59352736294f1fdd287d468f6c4d8a53c4b577e9fa5134e7e68f7f62c74 377ddb8ca906200d18f45014bca578ecc805a9a66711961aca6c2ccc6168e2568d2c6e67326ac67b72871fc3dc9ceeff
EXPORTER_SECRET cff0c59352736294f1fdd287d468f6c4d8a53c4b577e9fa5134e7e68f7f62c74 66aba8f4d8196df36247fe9fc00b8df6b9301cd97282f7061bb1c10d145ba55f7049ec8c7368493a172fad3e022bd2da
CLIENT_HANDSHAKE_TRAFFIC_SECRET bd9fb5387c2a4b2ec0892f737d452d2147166c49c7af47213cd9eefa7947c164 83fa6fef58d42b075db43efd648c437591412743c0719c08f5ca4a8d3682303e
SERVER_HANDSHAKE_TRAFFIC_SECRET bd9fb5387c2a4b2ec0892f737d452d2147166c49c7af47213cd9eefa7947c164 5e98500134990b39a5f79ada5974056f49249d752d7c538d6a7ae901e3be8571
CLIENT_TRAFFIC_SECRET_0 bd9fb5387c2a4b2ec0892f737d452d2147166c49c7af47213cd9eefa7947c164 7f6dad630ef853d4e360e7988b566d71861d6297a9e719ea9f96c6340b96e2cf
SERVER_TRAFFIC_SECRET_0 bd9fb5387c2a4b2ec0892f737d452d2147166c49c7af47213cd9eefa7947c164 646686f669e1f172d87a4c6d3ae6d05a2301393c61d01127d3805025b7d88ec3
EXPORTER_SECRET bd9fb5387c2a4b2ec0892f737d452d2147166c49c7af47213cd9eefa7947c164 5e41adfa87286c2a0c0fa2a487a702bdfd41c8ef57d5bbc8a44f48b505fbb90e
CLIENT_HANDSHAKE_TRAFFIC_SECRET 66d61d4aac3aed7d54461d51df95949d5e311c74169e125eadffeb1685f78236 0de4f0c96437f8c5aef26c19545dd7f65a92fb417fb86401b7e5ccf4931fb806
SERVER_HANDSHAKE_TRAFFIC_SECRET 66d61d4aac3aed7d54461d51df95949d5e311c74169e125eadffeb1685f78236 ec6df8e1a157126f3d5bc5687be17445774a066101011cc88b118f107c597d1b
CLIENT_TRAFFIC_SECRET_0 66d61d4aac3aed7d54461d51df95949d5e311c74169e125eadffeb1685f78236 6a0b310523358720220663d94503a78535753d50c311747aa7ceb188922eb7e0
SERVER_TRAFFIC_SECRET_0 66d61d4aac3aed7d54461d51df95949d5e311c74169e125eadffeb1685f78236 7158695c35ef2247cf243c88442045d342036884e5e0ee5f00edecdea1c45c13
EXPORTER_SECRET 66d61d4aac3aed7d54461d51df95949d5e311c74169e125eadffeb1685f78236 250806f051d5cd142f16a1edc92299c46ce40eb5ba52c99a1b35bb6ad491f298
